video,top_power_mW,objective,B_bar,method,choice,held_feasible,J_cov,J_psnr,J_D,J_B,J_P,cov,psnr,extra,useful
Runner,12.5,cov,8.0,trivial,predicted viewport only,True,25.191205639356365,1570.990633556613,0.013560103153192437,6.652864098934973,3.794834774380327,0.8294317664439022,51.74329914524756,0.0,0.0
Runner,12.5,cov,8.0,literature,"threshold, margin 0.75x",False,26.059688733939666,1591.9551225341359,0.34306798871661626,7.362257566006414,3.794834774380327,0.8587558588170742,52.4400302621959,1.5308641975308641,0.5339506172839505
Runner,12.5,cov,8.0,RL est (tile),q75 a0.85,False,26.34133284628733,1596.8770828593997,0.30330729462783207,7.368414129997676,3.794834774380327,0.8672449967633624,52.60153092808773,1.5216049382716046,0.5185185185185186
Runner,12.5,cov,8.0,RL est (bit),q90 a0.7,True,26.257323014602502,1591.768304154173,0.13772560975510595,7.435832737198238,3.794834774380327,0.8647765026855991,52.42258145379686,1.703703703703704,0.5246913580246915
Runner,12.5,cov,12.0,trivial,predicted viewport only,True,25.191205639356365,1570.990633556613,0.013560103153192437,6.652864098934973,3.794834774380327,0.8294317664439022,51.74329914524756,0.0,0.0
Runner,12.5,cov,12.0,literature,"threshold, margin 0.75x",False,26.059688733939666,1591.9551225341359,0.34306798871661626,7.362257566006414,3.794834774380327,0.8587558588170742,52.4400302621959,1.5308641975308641,0.5339506172839505
Runner,12.5,cov,12.0,RL est (tile),q75 a0.85,False,26.34133284628733,1596.8770828593997,0.30330729462783207,7.368414129997676,3.794834774380327,0.8672449967633624,52.60153092808773,1.5216049382716046,0.5185185185185186
Runner,12.5,cov,12.0,RL est (bit),q50 a0.85,False,26.49241956669208,1593.7500080625698,0.30500406930086993,7.589823625862717,3.794834774380327,0.872298053725662,52.48930944383657,1.993827160493827,0.6327160493827161
Runner,12.5,psnr,8.0,trivial,predicted viewport only,True,25.191205639356365,1570.990633556613,0.013560103153192437,6.652864098934973,3.794834774380327,0.8294317664439022,51.74329914524756,0.0,0.0
Runner,12.5,psnr,8.0,literature,"threshold, margin 0.75x",False,26.059688733939666,1591.9551225341359,0.34306798871661626,7.362257566006414,3.794834774380327,0.8587558588170742,52.4400302621959,1.5308641975308641,0.5339506172839505
Runner,12.5,psnr,8.0,RL est (tile),q50 a0.85,True,26.051073402634366,1592.5584099508442,0.29091088308166047,7.247199354800118,3.794834774380327,0.8579898497802851,52.46244830748503,1.2654320987654322,0.3549382716049383
Runner,12.5,psnr,8.0,RL est (bit),q90 a0.85,True,26.20118343826918,1594.9058209702434,0.2983143436767274,7.319568420489143,3.794834774380327,0.8625220228426866,52.53197410625034,1.4197530864197532,0.4104938271604939
Runner,12.5,psnr,12.0,trivial,predicted viewport only,True,25.191205639356365,1570.990633556613,0.013560103153192437,6.652864098934973,3.794834774380327,0.8294317664439022,51.74329914524756,0.0,0.0
Runner,12.5,psnr,12.0,literature,"threshold, margin 0.75x",False,26.059688733939666,1591.9551225341359,0.34306798871661626,7.362257566006414,3.794834774380327,0.8587558588170742,52.4400302621959,1.5308641975308641,0.5339506172839505
Runner,12.5,psnr,12.0,RL est (tile),q50 a0.85,True,26.051073402634366,1592.5584099508442,0.29091088308166047,7.247199354800118,3.794834774380327,0.8579898497802851,52.46244830748503,1.2654320987654322,0.3549382716049383
Runner,12.5,psnr,12.0,RL est (bit),q90 a0.85,True,26.20118343826918,1594.9058209702434,0.2983143436767274,7.319568420489143,3.794834774380327,0.8625220228426866,52.53197410625034,1.4197530864197532,0.4104938271604939
GateNight,25.0,cov,8.0,trivial,predicted viewport only,True,21.490058631686363,1561.3155545255456,0.035557995519147186,6.598160044564594,7.589669548760654,0.704365790732299,51.40250714051982,0.0,0.0
GateNight,25.0,cov,8.0,literature,"threshold, margin 0.25x",True,22.444806143142785,1577.1728092994754,0.1057094251899716,7.303679798077876,7.589669548760654,0.7371891617690239,51.95262875219863,1.5324074074074074,0.6527777777777778
GateNight,25.0,cov,8.0,RL est (tile),q95 a0.85,True,22.66751671229638,1578.1062053627759,0.05793246914500447,7.311481015691595,7.589669548760654,0.7438989270816515,51.96895882960998,1.5324074074074072,0.5833333333333334
GateNight,25.0,cov,8.0,RL est (bit),q95 a0.85,True,22.550955782579607,1576.755014184998,0.05713763151105186,7.474219210161622,7.589669548760654,0.7400384268807282,51.922033505321764,1.8958333333333333,0.5393518518518519
GateNight,25.0,cov,12.0,trivial,predicted viewport only,True,21.490058631686363,1561.3155545255456,0.035557995519147186,6.598160044564594,7.589669548760654,0.704365790732299,51.40250714051982,0.0,0.0
GateNight,25.0,cov,12.0,literature,"threshold, margin 0.25x",True,22.444806143142785,1577.1728092994754,0.1057094251899716,7.303679798077876,7.589669548760654,0.7371891617690239,51.95262875219863,1.5324074074074074,0.6527777777777778
GateNight,25.0,cov,12.0,RL est (tile),q95 a0.85,True,22.66751671229638,1578.1062053627759,0.05793246914500447,7.311481015691595,7.589669548760654,0.7438989270816515,51.96895882960998,1.5324074074074072,0.5833333333333334
GateNight,25.0,cov,12.0,RL est (bit),q95 a0.85,True,22.550955782579607,1576.755014184998,0.05713763151105186,7.474219210161622,7.589669548760654,0.7400384268807282,51.922033505321764,1.8958333333333333,0.5393518518518519
GateNight,25.0,psnr,8.0,trivial,predicted viewport only,True,21.490058631686363,1561.3155545255456,0.035557995519147186,6.598160044564594,7.589669548760654,0.704365790732299,51.40250714051982,0.0,0.0
GateNight,25.0,psnr,8.0,literature,"threshold, margin 0.25x",True,22.444806143142785,1577.1728092994754,0.1057094251899716,7.303679798077876,7.589669548760654,0.7371891617690239,51.95262875219863,1.5324074074074074,0.6527777777777778
GateNight,25.0,psnr,8.0,RL est (tile),q90 a0.85,True,22.65968504730635,1577.089403191652,0.09233907537830478,7.298266731230483,7.589669548760654,0.7438317537567132,51.93482979321643,1.4999999999999998,0.5162037037037037
GateNight,25.0,psnr,8.0,RL est (bit),q95 a0.85,True,22.71306832406537,1579.705432935094,0.06288401088332442,7.257716194009741,7.589669548760654,0.7457762550728937,52.02662798976021,1.4259259259259263,0.5532407407407408
GateNight,25.0,psnr,12.0,trivial,predicted viewport only,True,21.490058631686363,1561.3155545255456,0.035557995519147186,6.598160044564594,7.589669548760654,0.704365790732299,51.40250714051982,0.0,0.0
GateNight,25.0,psnr,12.0,literature,"threshold, margin 0.25x",True,22.444806143142785,1577.1728092994754,0.1057094251899716,7.303679798077876,7.589669548760654,0.7371891617690239,51.95262875219863,1.5324074074074074,0.6527777777777778
GateNight,25.0,psnr,12.0,RL est (tile),q90 a0.85,True,22.65968504730635,1577.089403191652,0.09233907537830478,7.298266731230483,7.589669548760654,0.7438317537567132,51.93482979321643,1.4999999999999998,0.5162037037037037
GateNight,25.0,psnr,12.0,RL est (bit),q95 a0.85,True,22.71306832406537,1579.705432935094,0.06288401088332442,7.257716194009741,7.589669548760654,0.7457762550728937,52.02662798976021,1.4259259259259263,0.5532407407407408
Bridge,25.0,cov,8.0,trivial,predicted viewport only,True,23.51004207281827,1593.4312757422815,0.03440474549221563,6.652533800162607,7.589669548760654,0.777156679759864,52.53469180908515,0.0,0.0
Bridge,25.0,cov,8.0,literature,"threshold, margin 0.1x",True,24.119036129180127,1600.7402906363866,0.07122473506790926,6.916345033334348,7.589669548760654,0.7977442414882591,52.78789106489516,0.5709876543209877,0.25
Bridge,25.0,cov,8.0,RL est (tile),q50 a0.7,True,24.48391976381645,1603.3838312967343,0.06459138051464805,7.117543020751892,7.589669548760654,0.8097551728488902,52.86978064740491,1.027777777777778,0.31172839506172845
Bridge,25.0,cov,8.0,RL est (bit),q50 a0.7,True,24.380478428968047,1602.8131611607535,0.07134976614422943,7.1355796004939345,7.589669548760654,0.806181476742683,52.84940084125362,1.0648148148148149,0.2962962962962963
Bridge,25.0,cov,12.0,trivial,predicted viewport only,True,23.51004207281827,1593.4312757422815,0.03440474549221563,6.652533800162607,7.589669548760654,0.777156679759864,52.53469180908515,0.0,0.0
Bridge,25.0,cov,12.0,literature,"threshold, margin 0.1x",True,24.119036129180127,1600.7402906363866,0.07122473506790926,6.916345033334348,7.589669548760654,0.7977442414882591,52.78789106489516,0.5709876543209877,0.25
Bridge,25.0,cov,12.0,RL est (tile),q50 a0.7,True,24.48391976381645,1603.3838312967343,0.06459138051464805,7.117543020751892,7.589669548760654,0.8097551728488902,52.86978064740491,1.027777777777778,0.31172839506172845
Bridge,25.0,cov,12.0,RL est (bit),q50 a0.7,True,24.380478428968047,1602.8131611607535,0.07134976614422943,7.1355796004939345,7.589669548760654,0.806181476742683,52.84940084125362,1.0648148148148149,0.2962962962962963
Bridge,25.0,psnr,8.0,trivial,predicted viewport only,True,23.51004207281827,1593.4312757422815,0.03440474549221563,6.652533800162607,7.589669548760654,0.777156679759864,52.53469180908515,0.0,0.0
Bridge,25.0,psnr,8.0,literature,"threshold, margin 0.1x",True,24.119036129180127,1600.7402906363866,0.07122473506790926,6.916345033334348,7.589669548760654,0.7977442414882591,52.78789106489516,0.5709876543209877,0.25
Bridge,25.0,psnr,8.0,RL est (tile),q95 a0.7,True,24.31697870111748,1602.31142426713,0.06596585960100304,6.979116969239736,7.589669548760654,0.8041172852768393,52.83689898127023,0.6975308641975309,0.24382716049382724
Bridge,25.0,psnr,8.0,RL est (bit),q95 a0.7,True,24.391334180350878,1603.5651651828548,0.0666259417329747,6.981239405646751,7.589669548760654,0.8066646494743703,52.879445231375286,0.7006172839506173,0.27469135802469136
Bridge,25.0,psnr,12.0,trivial,predicted viewport only,True,23.51004207281827,1593.4312757422815,0.03440474549221563,6.652533800162607,7.589669548760654,0.777156679759864,52.53469180908515,0.0,0.0
Bridge,25.0,psnr,12.0,literature,"threshold, margin 0.1x",True,24.119036129180127,1600.7402906363866,0.07122473506790926,6.916345033334348,7.589669548760654,0.7977442414882591,52.78789106489516,0.5709876543209877,0.25
Bridge,25.0,psnr,12.0,RL est (tile),q95 a0.7,True,24.31697870111748,1602.31142426713,0.06596585960100304,6.979116969239736,7.589669548760654,0.8041172852768393,52.83689898127023,0.6975308641975309,0.24382716049382724
Bridge,25.0,psnr,12.0,RL est (bit),q95 a0.7,True,24.391334180350878,1603.5651651828548,0.0666259417329747,6.981239405646751,7.589669548760654,0.8066646494743703,52.879445231375286,0.7006172839506173,0.27469135802469136
SiyuanGate,3.125,cov,8.0,trivial,predicted viewport only,True,23.3504153026736,1565.5317647707475,0.0,6.47301564287435,0.9487086935950817,0.7688500554745328,51.541025330917506,0.0,0.0
SiyuanGate,3.125,cov,8.0,literature,average-based 0.25x,True,24.393914255671042,1586.1806196752332,0.0,7.385706118510942,0.9487086935950817,0.8038082981919403,52.23324426974639,1.8981481481481484,0.6203703703703703
SiyuanGate,3.125,cov,8.0,RL est (tile),q98 a0.5,True,24.266020232892874,1581.394213507965,0.0,6.938629170655554,0.9487086935950817,0.7993721566241985,52.0744387516324,0.9629629629629631,0.35185185185185186
SiyuanGate,3.125,cov,8.0,RL est (bit),q98 a0.5,True,23.71279845322408,1567.6262154916328,0.0,7.085954507249475,0.9487086935950817,0.7807493605705552,51.60864839250286,1.25,0.24074074074074078
SiyuanGate,3.125,cov,12.0,trivial,predicted viewport only,True,23.3504153026736,1565.5317647707475,0.0,6.47301564287435,0.9487086935950817,0.7688500554745328,51.541025330917506,0.0,0.0
SiyuanGate,3.125,cov,12.0,literature,average-based 1.0x,True,27.45260618025942,1647.6660048673464,0.0,10.85996317234709,0.9487086935950817,0.9044206381068344,54.26676491801327,9.083333333333329,2.3981481481481484
SiyuanGate,3.125,cov,12.0,RL est (tile),q90 a0.7,True,26.645546720094316,1627.593468572955,0.0,8.606154769754795,0.9487086935950817,0.8777212958548541,53.60344264949715,4.472222222222222,1.4999999999999998
SiyuanGate,3.125,cov,12.0,RL est (bit),q90 a0.7,True,25.7621388589498,1600.8673391766335,0.0,8.99657239946134,0.9487086935950817,0.8482949075507356,52.71442779894926,5.203703703703704,1.1759259259259263
SiyuanGate,3.125,psnr,8.0,trivial,predicted viewport only,True,23.3504153026736,1565.5317647707475,0.0,6.47301564287435,0.9487086935950817,0.7688500554745328,51.541025330917506,0.0,0.0
SiyuanGate,3.125,psnr,8.0,literature,average-based 0.25x,True,24.393914255671042,1586.1806196752332,0.0,7.385706118510942,0.9487086935950817,0.8038082981919403,52.23324426974639,1.8981481481481484,0.6203703703703703
SiyuanGate,3.125,psnr,8.0,RL est (tile),q98 a0.5,True,24.380034487729805,1585.5299949538771,0.0,6.895645931184892,0.9487086935950817,0.8031361772294094,52.21072952841962,0.8796296296296294,0.37962962962962965
SiyuanGate,3.125,psnr,8.0,RL est (bit),q98 a0.5,True,24.216497340938865,1582.5859901910605,0.0,6.876928308844008,0.9487086935950817,0.7978357140976463,52.1099164709953,0.8425925925925927,0.35185185185185186
SiyuanGate,3.125,psnr,12.0,trivial,predicted viewport only,True,23.3504153026736,1565.5317647707475,0.0,6.47301564287435,0.9487086935950817,0.7688500554745328,51.541025330917506,0.0,0.0
SiyuanGate,3.125,psnr,12.0,literature,average-based 1.0x,True,27.45260618025942,1647.6660048673464,0.0,10.85996317234709,0.9487086935950817,0.9044206381068344,54.26676491801327,9.083333333333329,2.3981481481481484
SiyuanGate,3.125,psnr,12.0,RL est (tile),q90 a0.5,True,26.229061193682845,1629.058232709246,0.0,8.414061745035283,0.9487086935950817,0.8640114126598486,53.646316735262786,4.0740740740740735,1.3055555555555558
SiyuanGate,3.125,psnr,12.0,RL est (bit),q90 a0.5,True,26.34216473042068,1625.7861238935898,0.0,8.371969760224609,0.9487086935950817,0.8678952537754419,53.542277473533986,3.9876543209876547,1.351851851851852
Academic,3.125,cov,8.0,trivial,predicted viewport only,True,23.066928166351175,1519.5279363735563,0.0,6.594445053699154,0.9487086935950817,0.7580492298690705,49.999546481739884,0.0,0.0
Academic,3.125,cov,8.0,literature,average-based 0.25x,True,24.523653025692102,1552.8580528419889,0.0,7.425363030009469,0.9487086935950817,0.8065201345143123,51.09693663056659,1.740740740740741,0.7407407407407408
Academic,3.125,cov,8.0,RL est (tile),q95 a0.7,True,24.79226496605487,1551.0496140982223,0.0,7.582347988018707,0.9487086935950817,0.8143351155514468,51.02152707733833,2.0740740740740744,0.675925925925926
Academic,3.125,cov,8.0,RL est (bit),q95 a0.5,True,24.146851131571378,1535.8317935230207,0.0,7.594999053605046,0.9487086935950817,0.7939978150926447,50.53910682965604,2.114197530864197,0.5277777777777779
Academic,3.125,cov,12.0,trivial,predicted viewport only,True,23.066928166351175,1519.5279363735563,0.0,6.594445053699154,0.9487086935950817,0.7580492298690705,49.999546481739884,0.0,0.0
Academic,3.125,cov,12.0,literature,average-based 1.0x,True,26.578327083111148,1600.2052127147588,0.014135875016333134,10.324911281876238,0.9487086935950817,0.8744271986750776,52.66109744295258,7.87037037037037,2.0462962962962963
Academic,3.125,cov,12.0,RL est (tile),q50 a1.0,True,27.42962954355975,1611.6730325616782,0.0,11.118330624282345,0.9487086935950817,0.9029910446747813,53.05312081693663,9.524691358024691,2.17283950617284
Academic,3.125,cov,12.0,RL est (bit),q75 a0.7,True,27.38035705368852,1604.8579163799159,0.0,11.194177852294693,0.9487086935950817,0.9021610804139983,52.835507337980935,9.746913580246915,2.268518518518518
Academic,3.125,psnr,8.0,trivial,predicted viewport only,True,23.066928166351175,1519.5279363735563,0.0,6.594445053699154,0.9487086935950817,0.7580492298690705,49.999546481739884,0.0,0.0
Academic,3.125,psnr,8.0,literature,average-based 0.25x,True,24.523653025692102,1552.8580528419889,0.0,7.425363030009469,0.9487086935950817,0.8065201345143123,51.09693663056659,1.740740740740741,0.7407407407407408
Academic,3.125,psnr,8.0,RL est (tile),q95 a0.85,True,24.61489687563967,1551.1996543414348,0.0,7.599577606507424,0.9487086935950817,0.8093061060752699,51.038653599531706,2.114197530864197,0.6203703703703706
Academic,3.125,psnr,8.0,RL est (bit),q95 a0.85,True,24.34502090778583,1548.0775528708045,0.0,7.598376715228243,0.9487086935950817,0.8006838079836337,50.94332168431418,2.1296296296296284,0.638888888888889
Academic,3.125,psnr,12.0,trivial,predicted viewport only,True,23.066928166351175,1519.5279363735563,0.0,6.594445053699154,0.9487086935950817,0.7580492298690705,49.999546481739884,0.0,0.0
Academic,3.125,psnr,12.0,literature,average-based 1.0x,True,26.578327083111148,1600.2052127147588,0.014135875016333134,10.324911281876238,0.9487086935950817,0.8744271986750776,52.66109744295258,7.87037037037037,2.0462962962962963
Academic,3.125,psnr,12.0,RL est (tile),q50 a0.85,True,27.032511560097234,1610.7620269878507,0.0,10.616256688086937,0.9487086935950817,0.8899224543521466,53.0182901821823,8.49074074074074,1.969135802469136
Academic,3.125,psnr,12.0,RL est (bit),q50 a0.85,True,27.251547254602396,1615.578719163559,0.0,11.286964093275541,0.9487086935950817,0.8972464033363658,53.18156221061642,9.901234567901234,2.209876543209876
SouthGate,3.125,cov,8.0,trivial,predicted viewport only,True,25.18254592175713,1543.3088744699974,0.009783506974340593,6.7417841792632265,0.9487086935950817,0.8383673385265767,51.00232558031892,0.0,0.0
SouthGate,3.125,cov,8.0,literature,"threshold, margin 0.35x",True,26.71522193703718,1592.2301040666584,0.009783506974340593,7.675913034369352,0.9487086935950817,0.8877478532055646,52.59788481039375,1.9722222222222225,0.9444444444444444
SouthGate,3.125,cov,8.0,RL est (tile),q98 a0.7,True,26.17521774782577,1564.4882640443777,0.009783506974340593,7.199941361483116,0.9487086935950817,0.8703713700249447,51.684102327993564,0.9598765432098766,0.425925925925926
SouthGate,3.125,cov,8.0,RL est (bit),q98 a0.5,True,25.271340122324318,1543.3784860654823,0.009783506974340593,7.184087171520089,0.9487086935950817,0.8410379277940484,51.00443655720859,0.9166666666666666,0.08333333333333333
SouthGate,3.125,cov,12.0,trivial,predicted viewport only,True,25.18254592175713,1543.3088744699974,0.009783506974340593,6.7417841792632265,0.9487086935950817,0.8383673385265767,51.00232558031892,0.0,0.0
SouthGate,3.125,cov,12.0,literature,"threshold, margin 1.0x",True,27.78867290392921,1622.3648465815954,0.054148271240828945,9.297588753489284,0.9487086935950817,0.9212532663625078,53.5813334886051,5.367283950617282,1.5833333333333333
SouthGate,3.125,cov,12.0,RL est (tile),q50 a1.0,True,28.327920340106783,1615.9362226131311,0.1323739775560583,9.974859077173804,0.9487086935950817,0.9372065412005696,53.34372099607589,6.614197530864198,1.6234567901234567
SouthGate,3.125,cov,12.0,RL est (bit),q50 a0.5,True,28.08880661091829,1595.6021083098062,0.009783506974340593,11.4261052877272,0.9487086935950817,0.9300870987134081,52.68638705378442,9.808641975308642,1.574074074074074
SouthGate,3.125,psnr,8.0,trivial,predicted viewport only,True,25.18254592175713,1543.3088744699974,0.009783506974340593,6.7417841792632265,0.9487086935950817,0.8383673385265767,51.00232558031892,0.0,0.0
SouthGate,3.125,psnr,8.0,literature,"threshold, margin 0.35x",True,26.71522193703718,1592.2301040666584,0.009783506974340593,7.675913034369352,0.9487086935950817,0.8877478532055646,52.59788481039375,1.9722222222222225,0.9444444444444444
SouthGate,3.125,psnr,8.0,RL est (tile),q98 a0.7,True,25.69847830420827,1559.5427724190904,0.009783506974340593,7.19569147337251,0.9487086935950817,0.8553332861992812,51.537776460059995,0.9783950617283952,0.2962962962962964
SouthGate,3.125,psnr,8.0,RL est (bit),q98 a0.7,True,26.137881255875406,1564.588798773428,0.009783506974340593,7.230081518882819,0.9487086935950817,0.8693110966489352,51.68934965905764,1.0154320987654324,0.4444444444444444
SouthGate,3.125,psnr,12.0,trivial,predicted viewport only,True,25.18254592175713,1543.3088744699974,0.009783506974340593,6.7417841792632265,0.9487086935950817,0.8383673385265767,51.00232558031892,0.0,0.0
SouthGate,3.125,psnr,12.0,literature,"threshold, margin 1.0x",True,27.78867290392921,1622.3648465815954,0.054148271240828945,9.297588753489284,0.9487086935950817,0.9212532663625078,53.5813334886051,5.367283950617282,1.5833333333333333
SouthGate,3.125,psnr,12.0,RL est (tile),q50 a1.0,True,27.81653058687343,1619.853513642795,0.11588763570157752,9.053079586067234,0.9487086935950817,0.9214611491046993,53.47585818256517,4.725308641975307,1.3024691358024691
SouthGate,3.125,psnr,12.0,RL est (bit),q50 a1.0,True,28.251462268517756,1624.5530677635961,0.1317411507067821,9.784887355385713,0.9487086935950817,0.9347051482230402,53.61642959558617,6.228395061728395,1.5370370370370372
StudyRoom,3.125,cov,8.0,trivial,predicted viewport only,True,23.072673146480057,1557.2179262502132,0.0,6.454324697775542,0.9487086935950817,0.7637056121855549,51.37474768101633,0.0,0.0
StudyRoom,3.125,cov,8.0,literature,average-based 0.25x,True,24.043466569704123,1579.547807958878,0.0,7.3010818936171535,0.9487086935950817,0.7977807758023165,52.13818466124005,1.7870370370370372,0.7500000000000001
StudyRoom,3.125,cov,8.0,RL est (tile),q95 a0.5,True,24.875406582270973,1596.998785077726,0.0,7.526080711457733,0.9487086935950817,0.8230513618537441,52.684150341478215,2.2777777777777772,0.8148148148148151
StudyRoom,3.125,cov,8.0,RL est (bit),q98 a0.7,True,23.648505501450487,1569.6196342084897,0.0,6.840281419729533,0.9487086935950817,0.7837101515499798,51.79867268644871,0.8240740740740742,0.26851851851851855
StudyRoom,3.125,cov,12.0,trivial,predicted viewport only,True,23.072673146480057,1557.2179262502132,0.0,6.454324697775542,0.9487086935950817,0.7637056121855549,51.37474768101633,0.0,0.0
StudyRoom,3.125,cov,12.0,literature,"threshold, margin 1.0x",True,26.294806622412572,1628.7247241659286,0.0,9.930652146009514,0.9487086935950817,0.8706533887408958,53.72704450099138,7.345679012345678,2.098765432098766
StudyRoom,3.125,cov,12.0,RL est (tile),q50 a1.0,True,27.041845816214135,1632.688272311225,0.0,10.383130521131587,0.9487086935950817,0.8935938877309894,53.837084192986865,8.290123456790123,1.9999999999999996
StudyRoom,3.125,cov,12.0,RL est (bit),q75 a1.0,True,27.104226904874835,1628.2476700826164,0.0,11.063654450067396,0.9487086935950817,0.8959399330024252,53.69962888613211,9.734567901234566,2.0061728395061724
StudyRoom,3.125,psnr,8.0,trivial,predicted viewport only,True,23.072673146480057,1557.2179262502132,0.0,6.454324697775542,0.9487086935950817,0.7637056121855549,51.37474768101633,0.0,0.0
StudyRoom,3.125,psnr,8.0,literature,average-based 0.25x,True,24.043466569704123,1579.547807958878,0.0,7.3010818936171535,0.9487086935950817,0.7977807758023165,52.13818466124005,1.7870370370370372,0.7500000000000001
StudyRoom,3.125,psnr,8.0,RL est (tile),q95 a0.5,True,24.715620883812168,1597.6482178731203,0.0,7.575184925928372,0.9487086935950817,0.8173847582447565,52.68394922790888,2.382716049382716,0.7067901234567904
StudyRoom,3.125,psnr,8.0,RL est (bit),q95 a0.5,True,24.77940242014869,1599.9954368208719,0.0,7.5869610536067285,0.9487086935950817,0.8192728839663403,52.76267027078954,2.4074074074074074,0.7407407407407409
StudyRoom,3.125,psnr,12.0,trivial,predicted viewport only,True,23.072673146480057,1557.2179262502132,0.0,6.454324697775542,0.9487086935950817,0.7637056121855549,51.37474768101633,0.0,0.0
StudyRoom,3.125,psnr,12.0,literature,"threshold, margin 1.0x",True,26.294806622412572,1628.7247241659286,0.0,9.930652146009514,0.9487086935950817,0.8706533887408958,53.72704450099138,7.345679012345678,2.098765432098766
StudyRoom,3.125,psnr,12.0,RL est (tile),q50 a0.85,True,27.269175914821204,1642.7391107632614,0.0,9.961850696233396,0.9487086935950817,0.9004026660827275,54.15418724703144,7.422839506172839,1.845679012345679
StudyRoom,3.125,psnr,12.0,RL est (bit),q50 a0.85,True,27.249649368000846,1638.7298248999136,0.0,10.218837672677072,0.9487086935950817,0.9000068919395147,54.02913604218387,7.959876543209877,1.8302469135802468
