video,blockage_dB,method,choice,held_feasible,J_cov,J_psnr,J_D,J_B,J_P,cov,psnr,extra,useful
Runner,10.0,trivial,predicted viewport only,True,25.191205639356376,1570.990633556612,0.005590116795959871,6.652864098934975,15.179339097521302,0.8294317664439025,51.743299145247555,0.0,0.0
Runner,10.0,literature,average-based 0.35x,False,26.233488765186475,1595.8499169923389,0.3567700145541186,7.621775829802817,15.179339097521302,0.864167436350522,52.56148062329814,2.0648148148148158,0.6666666666666666
Runner,10.0,reactive (RL estimate),tau 0.0164 a 1.0,True,26.67595878413571,1605.5735655109554,0.10438257660290821,7.542173345908779,15.179339097521302,0.8785264825624299,52.880084590678415,1.8870370370370368,0.6388888888888891
Runner,10.0,planning (RL estimate),tau 0.0164 a 1.0 reserve 0.25,True,26.635304018911235,1604.5207035639912,0.04953233017912159,7.510858147523951,15.179339097521302,0.8771805238064154,52.84538206566874,1.826851851851852,0.6222222222222223
Runner,10.0,foresight (not causal),tau 0.0164 L 3,True,26.652411433432768,1604.9517552476982,0.06758453581722308,7.5334404216252,15.179339097521302,0.8777637789513189,52.859668670162655,1.8694444444444442,0.6287037037037038
Runner,12.5,trivial,predicted viewport only,True,25.191205639356376,1570.990633556612,0.036841062343627044,6.652864098934975,15.179339097521302,0.8294317664439025,51.743299145247555,0.0,0.0
Runner,12.5,literature,average-based 0.35x,False,26.233488765186475,1595.8499169923389,0.49084030592831673,7.621775829802817,15.179339097521302,0.864167436350522,52.56148062329814,2.0648148148148158,0.6666666666666666
Runner,12.5,reactive (RL estimate),tau 0.0164 a 1.0,True,26.65810506003875,1605.1625510331683,0.1958715827905879,7.531742606239056,15.179339097521302,0.8779282800624298,52.86578081310272,1.8638888888888892,0.6314814814814816
Runner,12.5,planning (RL estimate),tau 0.0112 a 0.7 reserve 1.0,True,26.39980592785851,1599.5047593186314,0.036841062343627044,7.46663002416538,15.179339097521302,0.87114889370733,52.72130808347697,1.812962962962963,0.5601851851851852
Runner,12.5,foresight (not causal),tau 0.0164 L 3,True,26.632296243570966,1604.624225186285,0.14315373571603068,7.518781719733083,15.179339097521302,0.8771429225624299,52.849166270318136,1.8388888888888888,0.6203703703703705
Runner,15.0,trivial,predicted viewport only,True,25.191205639356376,1570.990633556612,0.10989131779512512,6.652864098934975,15.179339097521302,0.8294317664439025,51.743299145247555,0.0,0.0
Runner,15.0,literature,"threshold, margin 0.35x",True,26.054179981574734,1592.2587782155363,0.2089148192402002,7.4390451439691505,15.179339097521302,0.8583929714122505,52.44572602361763,1.6990740740740742,0.5629629629629629
Runner,15.0,reactive (RL estimate),tau 0.0164 a 1.0,False,26.641256347640113,1604.6549534578314,0.318841244389312,7.518505597259533,15.179339097521302,0.8773981875878487,52.84950428303454,1.8361111111111112,0.6240740740740741
Runner,15.0,planning (RL estimate),tau 0.0112 a 1.0 reserve 1.5,True,26.52402154074073,1602.5385716633,0.11823208689610286,7.514058304686907,15.179339097521302,0.8748455850760031,52.81035555129084,1.9009259259259261,0.612037037037037
Runner,15.0,foresight (not causal),tau 0.0164 L 3,True,26.602335757857215,1603.9576347946308,0.250949922540678,7.502525214897708,15.179339097521302,0.8761614070438672,52.82744147796606,1.8046296296296294,0.6101851851851854
GateNight,10.0,trivial,predicted viewport only,True,21.490058631686367,1561.3155545255456,0.058003980162834076,6.598160044564594,15.179339097521307,0.704365790732299,51.40250714051982,0.0,0.0
GateNight,10.0,literature,"threshold, margin 0.35x",True,22.438698241576002,1577.416984015487,0.18355647812847403,7.4822146137032615,15.179339097521307,0.7368197806202404,51.949383135467585,1.9104166666666664,0.6812499999999999
GateNight,10.0,reactive (RL estimate),tau 0.0161 a 0.85,True,22.910356924464192,1582.6251752821706,0.18732170391805436,7.452748610447958,15.179339097521307,0.7517291384612601,52.11515565705122,1.83125,0.6798611111111112
GateNight,10.0,planning (RL estimate),tau 0.0161 a 1.0 reserve 0.25,True,22.84361583211219,1581.8612847554482,0.1650349343029997,7.439370327351947,15.179339097521307,0.7496813572416379,52.09110228699931,1.8041666666666665,0.6611111111111112
GateNight,10.0,foresight (not causal),tau 0.0161 L 3,True,22.89334127355032,1582.5464688211741,0.19250135704728114,7.487755256260167,15.179339097521307,0.7510375761180708,52.110907256651295,1.8993055555555554,0.6770833333333334
GateNight,12.5,trivial,predicted viewport only,True,21.490058631686367,1561.3155545255456,0.11341478491142858,6.598160044564594,15.179339097521307,0.704365790732299,51.40250714051982,0.0,0.0
GateNight,12.5,literature,"threshold, margin 0.15x",True,21.914426053893777,1569.7589326809052,0.18664442776092774,7.009969541147524,15.179339097521307,0.7183603459729638,51.681328417006185,0.8638888888888889,0.33055555555555555
GateNight,12.5,reactive (RL estimate),tau 0.0012 a 0.5,True,22.34747651931849,1574.1034719852273,0.12993062222068774,7.386692670965276,15.179339097521307,0.7336455910515858,51.84212824663801,1.74375,0.46944444444444444
GateNight,12.5,planning (RL estimate),tau 0.0113 a 0.7 reserve 0.25,True,22.481652548159776,1576.0625835680155,0.14340311219812413,7.348811903613759,15.179339097521307,0.7381000565678283,51.904143605172905,1.640972222222222,0.5062500000000001
GateNight,12.5,foresight (not causal),tau 0.0225 L 3,True,22.337170552904972,1576.033088106913,0.18488396575841315,7.108318888210761,15.179339097521307,0.7328533245470197,51.89527968042269,1.0972222222222223,0.4284722222222223
GateNight,15.0,trivial,predicted viewport only,True,21.490058631686367,1561.3155545255456,0.18706224973520705,6.598160044564594,15.179339097521307,0.704365790732299,51.40250714051982,0.0,0.0
GateNight,15.0,planning (RL estimate),tau 0.0113 a 0.7 reserve 1.5,True,21.971748815155724,1569.0735746979078,0.18706224973520705,7.012248131800954,15.179339097521307,0.7213923312395264,51.67939169878016,0.94375,0.27222222222222225
Bridge,10.0,trivial,predicted viewport only,True,23.510042072818262,1593.431275742281,0.09329361533754862,6.652533800162611,15.179339097521302,0.777156679759864,52.534691809085125,0.0,0.0
Bridge,10.0,literature,"threshold, margin 0.05x",True,23.627727091493387,1594.3421068135756,0.10646279488299375,6.768311494216501,15.179339097521302,0.7806289019820862,52.56156530515152,0.24444444444444435,0.027777777777777776
Bridge,10.0,reactive (RL estimate),tau 0.0023 a 0.5,True,24.349981481716984,1603.3768411504223,0.11161646853811105,7.072534280654678,15.179339097521302,0.8060319424193291,52.87837094720151,0.9490740740740741,0.29907407407407416
Bridge,10.0,planning (RL estimate),tau 0.0177 a 0.7 reserve 0.25,True,24.413884783859547,1604.9021350417222,0.14477958682842754,6.976237923186866,15.179339097521302,0.8076693552499361,52.927355595925405,0.6972222222222223,0.30740740740740746
Bridge,12.5,trivial,predicted viewport only,True,23.510042072818262,1593.431275742281,0.21118709861103785,6.652533800162611,15.179339097521302,0.777156679759864,52.534691809085125,0.0,0.0
Bridge,15.0,trivial,predicted viewport only,False,23.510042072818262,1593.431275742281,0.42635451985804523,6.652533800162611,15.179339097521302,0.777156679759864,52.534691809085125,0.0,0.0
