video,shadowing_sigma_dB,memory_rho,method,choice,held_feasible,J_cov,J_psnr,J_D,J_B,J_P,cov,psnr,extra,useful
Runner,4.0,0.0,trivial,predicted viewport only,True,25.191205639356365,1570.990633556613,0.0,6.652864098934973,15.179339097521307,0.8294317664439022,51.74329914524756,0.0,0.0
Runner,4.0,0.0,literature,average-based 0.35x,True,26.233488765186475,1595.8499169923386,0.1091907216131671,7.621775829802816,15.179339097521307,0.8641674363505217,52.56148062329814,2.064814814814815,0.6666666666666666
Runner,4.0,0.0,adaptive (RL estimate),tau 0.0164 alpha 1.0,True,26.745576864516593,1607.0320938038435,0.0,7.574357830158446,15.179339097521307,0.8808908804443746,52.92921449302717,1.953703703703704,0.6666666666666667
Runner,4.0,0.0,foresight (knows future channel),tau 0.0164 L 3,True,26.745576864516593,1607.0320938038435,0.0,7.574357830158446,15.179339097521307,0.8808908804443746,52.92921449302717,1.953703703703704,0.6666666666666667
Runner,4.0,0.95,trivial,predicted viewport only,True,25.191205639356365,1570.990633556613,0.0,6.652864098934973,15.179339097521307,0.8294317664439022,51.74329914524756,0.0,0.0
Runner,4.0,0.95,literature,average-based 0.35x,True,26.233488765186475,1595.8499169923386,0.21869663648272875,7.621775829802816,15.179339097521307,0.8641674363505217,52.56148062329814,2.064814814814815,0.6666666666666666
Runner,4.0,0.95,adaptive (RL estimate),tau 0.0164 alpha 1.0,True,26.709649510713678,1606.0198618365457,0.028021045575377965,7.557790009601659,15.179339097521307,0.879665542867214,52.89466539074591,1.9166666666666667,0.6512345679012347
Runner,4.0,0.95,foresight (knows future channel),tau 0.0164 L 3,True,26.709649510713678,1606.0198618365457,0.022407025039596892,7.556326566557589,15.179339097521307,0.879665542867214,52.89466539074591,1.91358024691358,0.6512345679012347
Runner,6.0,0.0,trivial,predicted viewport only,True,25.191205639356365,1570.990633556613,0.0,6.652864098934973,15.179339097521307,0.8294317664439022,51.74329914524756,0.0,0.0
Runner,6.0,0.0,literature,average-based 0.35x,True,26.233488765186475,1595.8499169923386,0.11657881068857054,7.621775829802816,15.179339097521307,0.8641674363505217,52.56148062329814,2.064814814814815,0.6666666666666666
Runner,6.0,0.0,adaptive (RL estimate),tau 0.0164 alpha 1.0,True,26.740104645016594,1607.0097547517562,0.0,7.569184219047336,15.179339097521307,0.8807373389320289,52.928587695830544,1.9444444444444444,0.6635802469135803
Runner,6.0,0.0,foresight (knows future channel),tau 0.0164 L 3,True,26.740104645016594,1607.0097547517562,0.0,7.569184219047336,15.179339097521307,0.8807373389320289,52.928587695830544,1.9444444444444444,0.6635802469135803
Runner,6.0,0.95,trivial,predicted viewport only,True,25.191205639356365,1570.990633556613,0.0,6.652864098934973,15.179339097521307,0.8294317664439022,51.74329914524756,0.0,0.0
Runner,6.0,0.95,literature,"threshold, margin 0.35x",True,26.143146530013375,1594.180958293742,0.0203357991368468,7.507031142969904,15.179339097521307,0.8610344506509332,52.50503805846821,1.8333333333333333,0.6049382716049383
Runner,6.0,0.95,adaptive (RL estimate),tau 0.0164 alpha 1.0,True,26.668244345830214,1605.1598342945226,0.0530238846919624,7.540665674759215,15.179339097521307,0.8782025895493129,52.86523102680241,1.8796296296296293,0.638888888888889
Runner,6.0,0.95,foresight (knows future channel),tau 0.0164 L 3,True,26.668244345830214,1605.1598342945226,0.04026527812730804,7.537555930239817,15.179339097521307,0.8782025895493129,52.86523102680241,1.8734567901234567,0.638888888888889
GateNight,4.0,0.0,trivial,predicted viewport only,True,21.490058631686363,1561.3155545255456,0.010269547029999557,6.598160044564594,15.179339097521307,0.704365790732299,51.40250714051982,0.0,0.0
GateNight,4.0,0.0,literature,"threshold, margin 0.35x",True,22.71731650061066,1582.963116398428,0.011456304940936293,7.679459830284753,15.179339097521307,0.745849153174928,52.12866319577253,2.3287037037037037,0.863425925925926
GateNight,4.0,0.0,adaptive (RL estimate),tau 0.0161 alpha 1.0,True,23.355337926956594,1589.1058433005337,0.08234307270072878,7.697179121897288,15.179339097521307,0.7661638252111004,52.324282870575026,2.3333333333333335,0.8726851851851852
GateNight,4.0,0.0,foresight (knows future channel),tau 0.0161 L 3,True,23.346552372809366,1588.8248773133566,0.029795139473298482,7.684028981466909,15.179339097521307,0.7658549348732531,52.315645643760384,2.30787037037037,0.8657407407407408
GateNight,4.0,0.95,trivial,predicted viewport only,True,21.490058631686363,1561.3155545255456,0.00818302395836463,6.598160044564594,15.179339097521307,0.704365790732299,51.40250714051982,0.0,0.0
GateNight,4.0,0.95,literature,"threshold, margin 0.35x",True,22.707414446114456,1581.881508214994,0.04393367797028513,7.690579150071158,15.179339097521307,0.7455245200036894,52.09337211053182,2.3472222222222228,0.8587962962962964
GateNight,4.0,0.95,adaptive (RL estimate),tau 0.0161 alpha 1.0,True,23.36454487853815,1589.6891647566297,0.10820642383155782,7.68315990915283,15.179339097521307,0.7661690638690222,52.33948384510461,2.298611111111111,0.8680555555555558
GateNight,4.0,0.95,foresight (knows future channel),tau 0.0161 L 3,True,23.342983694808513,1589.3872887500547,0.029778092241226555,7.663328828110719,15.179339097521307,0.765548538693212,52.330256473816746,2.259259259259259,0.8495370370370372
GateNight,6.0,0.0,trivial,predicted viewport only,True,21.490058631686363,1561.3155545255456,0.017927053360377542,6.598160044564594,15.179339097521307,0.704365790732299,51.40250714051982,0.0,0.0
GateNight,6.0,0.0,literature,"threshold, margin 0.35x",True,22.702792903281704,1582.6232184681587,0.06556783436709246,7.678204420878214,15.179339097521307,0.7452655136363648,52.11506166381162,2.3217592592592595,0.8495370370370371
GateNight,6.0,0.0,adaptive (RL estimate),tau 0.0161 alpha 1.0,True,23.37296800976949,1589.3991704422542,0.12346714733399393,7.701549649805497,15.179339097521307,0.7667191900581991,52.33354463629883,2.342592592592592,0.8819444444444448
GateNight,6.0,0.0,foresight (knows future channel),tau 0.0161 L 3,True,23.344601452941316,1588.8177883635044,0.05115550227779708,7.684084809034964,15.179339097521307,0.7658383651498523,52.31510351057016,2.30787037037037,0.8657407407407409
GateNight,6.0,0.95,trivial,predicted viewport only,True,21.490058631686363,1561.3155545255456,0.017905543493512196,6.598160044564594,15.179339097521307,0.704365790732299,51.40250714051982,0.0,0.0
GateNight,6.0,0.95,literature,"threshold, margin 0.25x",True,22.558283781020837,1578.6943829091824,0.04348858557075105,7.381901102160653,15.179339097521307,0.7408991039642819,52.000270244380495,1.69212962962963,0.6990740740740741
GateNight,6.0,0.95,adaptive (RL estimate),tau 0.0161 alpha 0.7,True,23.157962639200495,1586.3787230351884,0.04541243661351511,7.570302736328337,15.179339097521307,0.7600063545326292,52.2391822474782,2.0763888888888893,0.7847222222222223
GateNight,6.0,0.95,foresight (knows future channel),tau 0.0161 L 5,True,23.287313121438277,1588.5510115587447,0.05093842497795679,7.6369564425143155,15.179339097521307,0.7635532942552419,52.30038379778079,2.201388888888889,0.8217592592592595
Bridge,4.0,0.0,trivial,predicted viewport only,True,23.51004207281827,1593.4312757422815,0.0,6.652533800162607,15.179339097521307,0.777156679759864,52.53469180908515,0.0,0.0
Bridge,4.0,0.0,literature,"threshold, margin 0.35x",True,24.842575913816344,1609.6809945927753,0.16690556468793247,7.48364126813604,15.179339097521307,0.8209337727685145,53.078426820162505,1.7469135802469138,0.5771604938271605
Bridge,4.0,0.0,adaptive (RL estimate),tau 0.0123 alpha 0.85,True,25.33755342834637,1616.244985417983,0.022695348661063357,7.5489588183728715,15.179339097521307,0.8364183013491654,53.28555415827524,1.9012345679012346,0.6080246913580247
Bridge,4.0,0.0,foresight (knows future channel),tau 0.0177 L 3,True,25.329347703434344,1617.6506951735862,0.06440271647497091,7.41456041590754,15.179339097521307,0.8366385446945848,53.338233727539716,1.5771604938271604,0.5956790123456791
Bridge,4.0,0.95,trivial,predicted viewport only,True,23.51004207281827,1593.4312757422815,0.0,6.652533800162607,15.179339097521307,0.777156679759864,52.53469180908515,0.0,0.0
Bridge,4.0,0.95,literature,"threshold, margin 0.25x",True,24.654030366236935,1608.3538031426567,0.03854715549437583,7.32970675407276,15.179339097521307,0.8151854368631647,53.03632606369638,1.4197530864197534,0.5
Bridge,4.0,0.95,adaptive (RL estimate),tau 0.0123 alpha 0.7,True,25.418247987400306,1617.6944303001185,0.005321591640220206,7.741231529866279,15.179339097521307,0.8393523988948216,53.33651604104545,2.317901234567901,0.6574074074074074
Bridge,4.0,0.95,foresight (knows future channel),tau 0.0123 L 5,True,25.489704529889924,1618.9608331022646,0.036433820475637174,7.843958301282949,15.179339097521307,0.8413852367212432,53.37433172754741,2.5061728395061724,0.691358024691358
Bridge,6.0,0.0,trivial,predicted viewport only,True,23.51004207281827,1593.4312757422815,0.0,6.652533800162607,15.179339097521307,0.777156679759864,52.53469180908515,0.0,0.0
Bridge,6.0,0.0,literature,"threshold, margin 0.35x",True,24.7890441105205,1609.3928532798425,0.26496383161668197,7.504959745119095,15.179339097521307,0.8190962290442346,53.067551750612594,1.7839506172839508,0.5648148148148149
Bridge,6.0,0.0,adaptive (RL estimate),tau 0.0123 alpha 0.85,True,25.41008207260289,1617.2222988627059,0.10298036374333001,7.593034385542231,15.179339097521307,0.8386003695683573,53.315756307492215,1.9907407407407405,0.6358024691358025
Bridge,6.0,0.0,foresight (knows future channel),tau 0.0177 L 3,True,25.337327345292564,1617.4857001573837,0.10985735144323629,7.426751199032282,15.179339097521307,0.8368345429584737,53.33183885750815,1.601851851851852,0.5956790123456791
Bridge,6.0,0.95,trivial,predicted viewport only,True,23.51004207281827,1593.4312757422815,0.011452570489524696,6.652533800162607,15.179339097521307,0.777156679759864,52.53469180908515,0.0,0.0
Bridge,6.0,0.95,adaptive (RL estimate),tau 0.0261 alpha 0.5,True,24.325972047467392,1604.1775726645235,0.011452570489524696,6.99451410158704,15.179339097521307,0.8044022414882592,52.89662178577669,0.7160493827160493,0.2592592592592593
SiyuanGate,4.0,0.0,trivial,predicted viewport only,True,23.3504153026736,1565.5317647707475,0.0,6.47301564287435,15.179339097521307,0.7688500554745328,51.541025330917506,0.0,0.0
SiyuanGate,4.0,0.0,literature,average-based 0.25x,True,24.393914255671042,1586.1806196752332,0.0,7.385706118510942,15.179339097521307,0.8038082981919403,52.23324426974639,1.8981481481481484,0.6203703703703703
SiyuanGate,4.0,0.0,adaptive (RL estimate),tau 0.0240 alpha 0.5,True,24.266020232892874,1581.394213507965,0.0,6.938629170655554,15.179339097521307,0.7993721566241985,52.0744387516324,0.9629629629629631,0.35185185185185186
SiyuanGate,4.0,0.0,foresight (knows future channel),tau 0.0240 L 3,True,24.266020232892874,1581.394213507965,0.0,6.938629170655554,15.179339097521307,0.7993721566241985,52.0744387516324,0.9629629629629631,0.35185185185185186
SiyuanGate,4.0,0.95,trivial,predicted viewport only,True,23.3504153026736,1565.5317647707475,0.0,6.47301564287435,15.179339097521307,0.7688500554745328,51.541025330917506,0.0,0.0
SiyuanGate,4.0,0.95,literature,average-based 0.25x,True,24.393914255671042,1586.1806196752332,0.0,7.385706118510942,15.179339097521307,0.8038082981919403,52.23324426974639,1.8981481481481484,0.6203703703703703
SiyuanGate,4.0,0.95,adaptive (RL estimate),tau 0.0240 alpha 0.5,True,24.266020232892874,1581.394213507965,0.0,6.938629170655554,15.179339097521307,0.7993721566241985,52.0744387516324,0.9629629629629631,0.35185185185185186
SiyuanGate,4.0,0.95,foresight (knows future channel),tau 0.0240 L 3,True,24.266020232892874,1581.394213507965,0.0,6.938629170655554,15.179339097521307,0.7993721566241985,52.0744387516324,0.9629629629629631,0.35185185185185186
SiyuanGate,6.0,0.0,trivial,predicted viewport only,True,23.3504153026736,1565.5317647707475,0.0,6.47301564287435,15.179339097521307,0.7688500554745328,51.541025330917506,0.0,0.0
SiyuanGate,6.0,0.0,literature,average-based 0.25x,True,24.393914255671042,1586.1806196752332,0.0,7.385706118510942,15.179339097521307,0.8038082981919403,52.23324426974639,1.8981481481481484,0.6203703703703703
SiyuanGate,6.0,0.0,adaptive (RL estimate),tau 0.0240 alpha 0.5,True,24.266020232892874,1581.394213507965,0.0,6.938629170655554,15.179339097521307,0.7993721566241985,52.0744387516324,0.9629629629629631,0.35185185185185186
SiyuanGate,6.0,0.0,foresight (knows future channel),tau 0.0240 L 3,True,24.266020232892874,1581.394213507965,0.0,6.938629170655554,15.179339097521307,0.7993721566241985,52.0744387516324,0.9629629629629631,0.35185185185185186
SiyuanGate,6.0,0.95,trivial,predicted viewport only,True,23.3504153026736,1565.5317647707475,0.0,6.47301564287435,15.179339097521307,0.7688500554745328,51.541025330917506,0.0,0.0
SiyuanGate,6.0,0.95,literature,average-based 0.25x,True,24.393914255671042,1586.1806196752332,0.0,7.385706118510942,15.179339097521307,0.8038082981919403,52.23324426974639,1.8981481481481484,0.6203703703703703
SiyuanGate,6.0,0.95,adaptive (RL estimate),tau 0.0240 alpha 0.5,True,24.266020232892874,1581.394213507965,0.0,6.938629170655554,15.179339097521307,0.7993721566241985,52.0744387516324,0.9629629629629631,0.35185185185185186
SiyuanGate,6.0,0.95,foresight (knows future channel),tau 0.0240 L 3,True,24.266020232892874,1581.394213507965,0.0,6.938629170655554,15.179339097521307,0.7993721566241985,52.0744387516324,0.9629629629629631,0.35185185185185186
