video,outage_dB,B_bar,method,choice,held_feasible,J_cov,J_psnr,J_D,J_B,J_P,cov,psnr,extra,useful,bits
Runner,0.0,8.0,trivial,predicted viewport only,True,25.191205639356376,1570.990633556612,0.0,6.652864098934975,15.179339097521302,0.8294317664439025,51.743299145247555,0.0,0.0,129073386.96296291
Runner,0.0,8.0,literature,average-based 0.35x,True,26.233488765186475,1595.8499169923389,0.11854907725214817,7.621775829802817,15.179339097521302,0.864167436350522,52.56148062329814,2.0648148148148158,0.6666666666666666,147519193.9259259
Runner,0.0,8.0,RL estimate,tau 0.0134 a 0.7 reserve 0.5,True,27.232542622425076,1621.2664013817723,0.0,7.659345668406536,15.179339097521302,0.8971244891929344,53.412373526884615,2.1842592592592593,0.9453703703703702,150152070.91111115
Runner,0.0,8.0,uniform (rate-matched),all 64 tiles at level 3,True,,,0.0,,,,49.946298816305465,,,56965324.44444445
Runner,0.0,10.0,trivial,predicted viewport only,True,25.191205639356376,1570.990633556612,0.0,6.652864098934975,15.179339097521302,0.8294317664439025,51.743299145247555,0.0,0.0,129073386.96296291
Runner,0.0,10.0,literature,"threshold, margin 1.0x",True,26.52835750719915,1604.2237038814926,0.03920151444942351,8.336008723512267,15.179339097521302,0.8741152174029166,52.849154038181304,3.57962962962963,0.9333333333333336,160524389.96296296
Runner,0.0,10.0,RL estimate,tau 0.0069 a 1.0 reserve 0.0,True,27.551206419070777,1626.0633429832405,0.037984757423483076,8.319574327095728,15.179339097521302,0.9069485763818125,53.550615763525606,3.5259259259259252,1.087962962962963,161672717.48148152
Runner,0.0,10.0,uniform (rate-matched),all 64 tiles at level 3,True,,,0.0,,,,49.946298816305465,,,56965324.44444445
Runner,10.0,8.0,trivial,predicted viewport only,True,25.191205639356376,1570.990633556612,0.03189226332893052,6.652864098934975,15.179339097521302,0.8294317664439025,51.743299145247555,0.0,0.0,129073386.96296291
Runner,10.0,8.0,literature,average-based 0.35x,False,26.233488765186475,1595.8499169923389,0.41612464259921916,7.621775829802817,15.179339097521302,0.864167436350522,52.56148062329814,2.0648148148148158,0.6666666666666666,147519193.9259259
Runner,10.0,8.0,RL estimate,tau 0.0134 a 0.7 reserve 0.0,True,27.002425958602032,1614.8481908944473,0.06447954707268608,7.622720514694048,15.179339097521302,0.8891948900048738,53.19143070174231,2.069444444444444,0.8324074074074075,148922645.9259259
Runner,10.0,8.0,uniform (rate-matched),all 64 tiles at level 3,True,,,0.0,,,,49.946298816305465,,,56965324.44444445
Runner,10.0,10.0,trivial,predicted viewport only,True,25.191205639356376,1570.990633556612,0.03189226332893052,6.652864098934975,15.179339097521302,0.8294317664439025,51.743299145247555,0.0,0.0,129073386.96296291
Runner,10.0,10.0,literature,"threshold, margin 1.0x",True,26.35524222900352,1599.3004986615035,0.28544062531021713,8.065610547106955,15.179339097521302,0.8687509127170908,52.69002400245607,3.0018518518518524,0.7675925925925925,155478676.68148145
Runner,10.0,10.0,RL estimate,tau 0.0069 a 1.0 reserve 0.0,False,27.23076552940309,1618.0173315832233,0.33985161299611805,8.06893697493843,15.179339097521302,0.8965318102080585,53.28739744828412,2.9916666666666667,0.9333333333333336,156656591.82962963
Runner,10.0,10.0,uniform (rate-matched),all 64 tiles at level 3,True,,,0.0,,,,49.946298816305465,,,56965324.44444445
Runner,12.5,8.0,trivial,predicted viewport only,True,25.191205639356376,1570.990633556612,0.09270302216537146,6.652864098934975,15.179339097521302,0.8294317664439025,51.743299145247555,0.0,0.0,129073386.96296291
Runner,12.5,8.0,literature,average-based 0.35x,False,26.233488765186475,1595.8499169923389,0.5726711841506548,7.621775829802817,15.179339097521302,0.864167436350522,52.56148062329814,2.0648148148148158,0.6666666666666666,147519193.9259259
Runner,12.5,8.0,RL estimate,tau 0.0134 a 1.0 reserve 0.25,True,27.016557248927946,1615.3849187601452,0.21971188503053554,7.643219837533752,15.179339097521302,0.8896261095349536,53.20973315397891,2.1027777777777774,0.836111111111111,149217328.75555554
Runner,12.5,8.0,uniform (rate-matched),all 64 tiles at level 3,True,,,0.0,,,,49.946298816305465,,,56965324.44444445
Runner,12.5,10.0,trivial,predicted viewport only,True,25.191205639356376,1570.990633556612,0.09270302216537146,6.652864098934975,15.179339097521302,0.8294317664439025,51.743299145247555,0.0,0.0,129073386.96296291
Runner,12.5,10.0,literature,"threshold, margin 0.75x",True,26.55826329090548,1608.3092853960538,0.2646682796477516,7.8592753920749,15.179339097521302,0.8754595722230075,52.98056693952307,2.582407407407408,0.8675925925925924,152507722.90370372
Runner,12.5,10.0,RL estimate,tau 0.0033 a 1.0 reserve 0.25,True,26.983491849437062,1611.7052203257183,0.27254962987568987,7.959631909584918,15.179339097521302,0.8883122090090666,53.07718477455487,2.7675925925925924,0.8083333333333333,153982685.85925925
Runner,12.5,10.0,uniform (rate-matched),all 64 tiles at level 3,True,,,0.0,,,,49.946298816305465,,,56965324.44444445
GateNight,0.0,8.0,trivial,predicted viewport only,True,21.490058631686367,1561.3155545255456,0.003911709038422867,6.598160044564594,15.179339097521307,0.704365790732299,51.40250714051982,0.0,0.0,135176340.33333334
GateNight,0.0,8.0,literature,"threshold, margin 0.35x",True,22.656034793037055,1580.816462921965,0.013080281495685547,7.652934417986789,15.179339097521307,0.7440439149105462,52.062326074298255,2.2770833333333336,0.8256944444444445,156553092.56111115
GateNight,0.0,8.0,RL estimate,tau 0.0122 a 0.7 reserve 0.0,True,23.094438247146048,1584.8642939934177,0.003911709038422867,7.6844691960857885,15.179339097521307,0.7583556650683448,52.1895578311156,2.3486111111111105,0.7895833333333334,157814997.55
GateNight,0.0,8.0,uniform (rate-matched),all 64 tiles at level 3,True,,,0.0,,,,50.790869619710364,,,58724610.66666665
GateNight,0.0,10.0,trivial,predicted viewport only,True,21.490058631686367,1561.3155545255456,0.003911709038422867,6.598160044564594,15.179339097521307,0.704365790732299,51.40250714051982,0.0,0.0,135176340.33333334
GateNight,0.0,10.0,literature,"threshold, margin 0.75x",True,22.931246687622526,1581.8371359961534,0.09081176504391192,7.86491988238397,15.179339097521307,0.7525514610204069,52.094834850424135,2.7013888888888893,0.9527777777777778,159926275.90000004
GateNight,0.0,10.0,RL estimate,tau 0.0024 a 1.0 reserve 0.0,True,23.12028323438343,1585.9035822155859,0.11265549117188592,7.988804774185351,15.179339097521307,0.7579913599921568,52.20706689486086,2.975694444444444,0.8368055555555557,162217439.78888887
GateNight,0.0,10.0,uniform (rate-matched),all 64 tiles at level 3,True,,,0.0,,,,50.790869619710364,,,58724610.66666665
GateNight,10.0,8.0,trivial,predicted viewport only,True,21.490058631686367,1561.3155545255456,0.10335370174147555,6.598160044564594,15.179339097521307,0.704365790732299,51.40250714051982,0.0,0.0,135176340.33333334
GateNight,10.0,8.0,literature,"threshold, margin 0.35x",True,22.50027381494728,1577.7224697616086,0.24501683270868338,7.4934821698022755,15.179339097521307,0.7389077476786714,51.96087252574462,1.9423611111111114,0.6958333333333333,153341828.25555557
GateNight,10.0,8.0,RL estimate,tau 0.0122 a 1.0 reserve 0.25,True,22.88282472489363,1581.7104984065934,0.22573731531068714,7.534067643325402,15.179339097521307,0.7509736699101308,52.081892101687274,2.0194444444444444,0.675,154534610.77777782
GateNight,10.0,8.0,uniform (rate-matched),all 64 tiles at level 3,True,,,0.0,,,,50.790869619710364,,,58724610.66666665
GateNight,10.0,10.0,trivial,predicted viewport only,True,21.490058631686367,1561.3155545255456,0.10335370174147555,6.598160044564594,15.179339097521307,0.704365790732299,51.40250714051982,0.0,0.0,135176340.33333334
GateNight,10.0,10.0,literature,"threshold, margin 0.35x",True,22.50027381494728,1577.7224697616086,0.24501683270868338,7.4934821698022755,15.179339097521307,0.7389077476786714,51.96087252574462,1.9423611111111114,0.6958333333333333,153341828.25555557
GateNight,10.0,10.0,RL estimate,tau 0.0122 a 1.0 reserve 0.25,True,22.88282472489363,1581.7104984065934,0.22573731531068714,7.534067643325402,15.179339097521307,0.7509736699101308,52.081892101687274,2.0194444444444444,0.675,154534610.77777782
GateNight,10.0,10.0,uniform (rate-matched),all 64 tiles at level 3,True,,,0.0,,,,50.790869619710364,,,58724610.66666665
GateNight,12.5,8.0,trivial,predicted viewport only,True,21.490058631686367,1561.3155545255456,0.19905055798066515,6.598160044564594,15.179339097521307,0.704365790732299,51.40250714051982,0.0,0.0,135176340.33333334
GateNight,12.5,8.0,literature,"threshold, margin 0.15x",True,21.940741659241418,1569.709769692568,0.26100890993350817,6.989854343000121,15.179339097521307,0.7192488939799866,51.68081106041183,0.826388888888889,0.3208333333333333,142910589.5888889
GateNight,12.5,8.0,RL estimate,tau 0.0075 a 0.7 reserve 0.25,True,22.493750509727803,1576.4034046390643,0.21612643100905432,7.450015085194073,15.179339097521307,0.7385184507960852,51.91199840020372,1.8729166666666663,0.5243055555555556,151662834.56111115
GateNight,12.5,8.0,uniform (rate-matched),all 64 tiles at level 3,True,,,0.0,,,,50.790869619710364,,,58724610.66666665
GateNight,12.5,10.0,trivial,predicted viewport only,True,21.490058631686367,1561.3155545255456,0.19905055798066515,6.598160044564594,15.179339097521307,0.704365790732299,51.40250714051982,0.0,0.0,135176340.33333334
GateNight,12.5,10.0,literature,"threshold, margin 0.15x",True,21.940741659241418,1569.709769692568,0.26100890993350817,6.989854343000121,15.179339097521307,0.7192488939799866,51.68081106041183,0.826388888888889,0.3208333333333333,142910589.5888889
GateNight,12.5,10.0,RL estimate,tau 0.0075 a 0.7 reserve 0.25,True,22.493750509727803,1576.4034046390643,0.21612643100905432,7.450015085194073,15.179339097521307,0.7385184507960852,51.91199840020372,1.8729166666666663,0.5243055555555556,151662834.56111115
GateNight,12.5,10.0,uniform (rate-matched),all 64 tiles at level 3,True,,,0.0,,,,50.790869619710364,,,58724610.66666665
Bridge,0.0,8.0,trivial,predicted viewport only,True,23.510042072818262,1593.431275742281,0.0,6.652533800162611,15.179339097521302,0.777156679759864,52.534691809085125,0.0,0.0,141379581.33333337
Bridge,0.0,8.0,literature,"threshold, margin 0.5x",True,24.807246967770517,1609.9005029063217,0.16903295745200758,7.492007349440505,15.179339097521302,0.8196398661886939,53.08646070663887,1.75925925925926,0.5694444444444444,158553369.5851851
Bridge,0.0,8.0,RL estimate,tau 0.0138 a 1.0 reserve 0.0,True,25.32277167918522,1616.4675284919567,0.12005902153948594,7.5149051694809454,15.179339097521302,0.8372318686896062,53.31161836180738,1.8074074074074071,0.6740740740740742,159943313.98518518
Bridge,0.0,8.0,uniform (rate-matched),all 64 tiles at level 3,True,,,0.0,,,,50.7352970768787,,,67088724.888888866
Bridge,0.0,10.0,trivial,predicted viewport only,True,23.510042072818262,1593.431275742281,0.0,6.652533800162611,15.179339097521302,0.777156679759864,52.534691809085125,0.0,0.0,141379581.33333337
Bridge,0.0,10.0,literature,"threshold, margin 0.5x",True,24.807246967770517,1609.9005029063217,0.16903295745200758,7.492007349440505,15.179339097521302,0.8196398661886939,53.08646070663887,1.75925925925926,0.5694444444444444,158553369.5851851
Bridge,0.0,10.0,RL estimate,tau 0.0138 a 1.0 reserve 0.0,True,25.32277167918522,1616.4675284919567,0.12005902153948594,7.5149051694809454,15.179339097521302,0.8372318686896062,53.31161836180738,1.8074074074074071,0.6740740740740742,159943313.98518518
Bridge,0.0,10.0,uniform (rate-matched),all 64 tiles at level 3,True,,,0.0,,,,50.7352970768787,,,67088724.888888866
Bridge,10.0,8.0,trivial,predicted viewport only,True,23.510042072818262,1593.431275742281,0.09342597209924657,6.652533800162611,15.179339097521302,0.777156679759864,52.534691809085125,0.0,0.0,141379581.33333337
Bridge,10.0,8.0,literature,"threshold, margin 0.05x",True,23.627727091493387,1594.3421068135756,0.10138902593348759,6.776004528817163,15.179339097521302,0.7806289019820862,52.56156530515152,0.2592592592592592,0.027777777777777776,143806431.77777773
Bridge,10.0,8.0,RL estimate,tau 0.0194 a 1.0 reserve 1.0,True,24.703210687715718,1610.0157045707756,0.1042147918721006,7.009382383453523,15.179339097521302,0.8174795704626051,53.103434243935816,0.7675925925925925,0.4462962962962964,149444828.75555557
Bridge,10.0,8.0,uniform (rate-matched),all 64 tiles at level 3,True,,,0.0,,,,50.7352970768787,,,67088724.888888866
Bridge,10.0,10.0,trivial,predicted viewport only,True,23.510042072818262,1593.431275742281,0.09342597209924657,6.652533800162611,15.179339097521302,0.777156679759864,52.534691809085125,0.0,0.0,141379581.33333337
Bridge,10.0,10.0,literature,"threshold, margin 0.05x",True,23.627727091493387,1594.3421068135756,0.10138902593348759,6.776004528817163,15.179339097521302,0.7806289019820862,52.56156530515152,0.2592592592592592,0.027777777777777776,143806431.77777773
Bridge,10.0,10.0,RL estimate,tau 0.0194 a 1.0 reserve 1.0,True,24.703210687715718,1610.0157045707756,0.1042147918721006,7.009382383453523,15.179339097521302,0.8174795704626051,53.103434243935816,0.7675925925925925,0.4462962962962964,149444828.75555557
Bridge,10.0,10.0,uniform (rate-matched),all 64 tiles at level 3,True,,,0.0,,,,50.7352970768787,,,67088724.888888866
Bridge,12.5,8.0,trivial,predicted viewport only,True,23.510042072818262,1593.431275742281,0.15984297223953053,6.652533800162611,15.179339097521302,0.777156679759864,52.534691809085125,0.0,0.0,141379581.33333337
Bridge,12.5,10.0,trivial,predicted viewport only,True,23.510042072818262,1593.431275742281,0.15984297223953053,6.652533800162611,15.179339097521302,0.777156679759864,52.534691809085125,0.0,0.0,141379581.33333337
SiyuanGate,0.0,8.0,trivial,predicted viewport only,True,23.350415302673596,1565.531764770748,0.0,6.473015642874352,15.179339097521302,0.7688500554745327,51.54102533091751,0.0,0.0,58220395.11111108
SiyuanGate,0.0,8.0,literature,average-based 0.25x,True,24.39391425567105,1586.180619675233,0.0,7.385706118510944,15.179339097521302,0.8038082981919404,52.23324426974638,1.898148148148149,0.6203703703703705,66190253.85185186
SiyuanGate,0.0,8.0,RL estimate,tau 0.0199 a 0.7 reserve 0.0,True,25.4141434785889,1604.369235875968,0.0,7.360913245116717,15.179339097521302,0.8360398559791143,52.80269458244232,1.8333333333333337,0.8796296296296298,66594194.44444443
SiyuanGate,0.0,8.0,uniform (rate-matched),all 64 tiles at level 4,True,,,0.0,,,,53.7253554175005,,,69102357.55555557
SiyuanGate,0.0,10.0,trivial,predicted viewport only,True,23.350415302673596,1565.531764770748,0.0,6.473015642874352,15.179339097521302,0.7688500554745327,51.54102533091751,0.0,0.0,58220395.11111108
SiyuanGate,0.0,10.0,literature,average-based 0.75x,True,26.3492790844676,1624.5434091373313,0.0,9.23310130456471,15.179339097521302,0.8677980075197895,53.51717768684278,5.740740740740743,1.7407407407407405,81458628.74074076
SiyuanGate,0.0,10.0,RL estimate,tau 0.0141 a 0.7 reserve 0.0,True,26.4836249872894,1623.3095795692561,0.0,8.243378961293038,15.179339097521302,0.871533557172654,53.440273672668695,3.6944444444444438,1.4259259259259258,75139817.03703706
SiyuanGate,0.0,10.0,uniform (rate-matched),all 64 tiles at level 4,True,,,0.0,,,,53.7253554175005,,,69102357.55555557
SiyuanGate,10.0,8.0,trivial,predicted viewport only,True,23.350415302673596,1565.531764770748,0.0,6.473015642874352,15.179339097521302,0.7688500554745327,51.54102533091751,0.0,0.0,58220395.11111108
SiyuanGate,10.0,8.0,literature,average-based 0.25x,True,24.39391425567105,1586.180619675233,0.0,7.385706118510944,15.179339097521302,0.8038082981919404,52.23324426974638,1.898148148148149,0.6203703703703705,66190253.85185186
SiyuanGate,10.0,8.0,RL estimate,tau 0.0199 a 0.7 reserve 0.0,True,25.4141434785889,1604.369235875968,0.0,7.360913245116717,15.179339097521302,0.8360398559791143,52.80269458244232,1.8333333333333337,0.8796296296296298,66594194.44444443
SiyuanGate,10.0,8.0,uniform (rate-matched),all 64 tiles at level 4,True,,,0.0,,,,53.7253554175005,,,69102357.55555557
SiyuanGate,10.0,10.0,trivial,predicted viewport only,True,23.350415302673596,1565.531764770748,0.0,6.473015642874352,15.179339097521302,0.7688500554745327,51.54102533091751,0.0,0.0,58220395.11111108
SiyuanGate,10.0,10.0,literature,average-based 0.75x,True,26.3492790844676,1624.5434091373313,0.0,9.23310130456471,15.179339097521302,0.8677980075197895,53.51717768684278,5.740740740740743,1.7407407407407405,81458628.74074076
SiyuanGate,10.0,10.0,RL estimate,tau 0.0141 a 0.7 reserve 0.0,True,26.4836249872894,1623.3095795692561,0.0,8.243378961293038,15.179339097521302,0.871533557172654,53.440273672668695,3.6944444444444438,1.4259259259259258,75139817.03703706
SiyuanGate,10.0,10.0,uniform (rate-matched),all 64 tiles at level 4,True,,,0.0,,,,53.7253554175005,,,69102357.55555557
SiyuanGate,12.5,8.0,trivial,predicted viewport only,True,23.350415302673596,1565.531764770748,0.0,6.473015642874352,15.179339097521302,0.7688500554745327,51.54102533091751,0.0,0.0,58220395.11111108
SiyuanGate,12.5,8.0,literature,average-based 0.25x,True,24.39391425567105,1586.180619675233,0.0,7.385706118510944,15.179339097521302,0.8038082981919404,52.23324426974638,1.898148148148149,0.6203703703703705,66190253.85185186
SiyuanGate,12.5,8.0,RL estimate,tau 0.0199 a 0.7 reserve 0.0,True,25.4141434785889,1604.369235875968,0.0,7.360913245116717,15.179339097521302,0.8360398559791143,52.80269458244232,1.8333333333333337,0.8796296296296298,66594194.44444443
SiyuanGate,12.5,8.0,uniform (rate-matched),all 64 tiles at level 4,True,,,0.0,,,,53.7253554175005,,,69102357.55555557
SiyuanGate,12.5,10.0,trivial,predicted viewport only,True,23.350415302673596,1565.531764770748,0.0,6.473015642874352,15.179339097521302,0.7688500554745327,51.54102533091751,0.0,0.0,58220395.11111108
SiyuanGate,12.5,10.0,literature,average-based 0.75x,True,26.3492790844676,1624.5434091373313,0.0,9.23310130456471,15.179339097521302,0.8677980075197895,53.51717768684278,5.740740740740743,1.7407407407407405,81458628.74074076
SiyuanGate,12.5,10.0,RL estimate,tau 0.0141 a 0.7 reserve 0.0,True,26.4836249872894,1623.3095795692561,0.0,8.243378961293038,15.179339097521302,0.871533557172654,53.440273672668695,3.6944444444444438,1.4259259259259258,75139817.03703706
SiyuanGate,12.5,10.0,uniform (rate-matched),all 64 tiles at level 4,True,,,0.0,,,,53.7253554175005,,,69102357.55555557
Academic,0.0,8.0,trivial,predicted viewport only,True,23.06692816635119,1519.5279363735565,0.0,6.594445053699156,15.179339097521302,0.7580492298690706,49.999546481739905,0.0,0.0,71565515.4814815
Academic,0.0,8.0,literature,average-based 0.25x,True,24.52365302569211,1552.8580528419886,0.0,7.4253630300094695,15.179339097521302,0.8065201345143121,51.09693663056658,1.7407407407407416,0.7407407407407409,80437275.11111113
Academic,0.0,8.0,RL estimate,tau 0.0207 a 0.7 reserve 0.0,True,24.998036240654326,1554.7880649010776,0.0,7.434545545392628,15.179339097521302,0.8212873774453001,51.16528338335115,1.768518518518518,0.8055555555555555,81513001.70370373
Academic,0.0,8.0,uniform (rate-matched),all 64 tiles at level 3,True,,,0.0,,,,49.7493767956508,,,29495484.000000004
Academic,0.0,10.0,trivial,predicted viewport only,True,23.06692816635119,1519.5279363735565,0.0,6.594445053699156,15.179339097521302,0.7580492298690706,49.999546481739905,0.0,0.0,71565515.4814815
Academic,0.0,10.0,literature,average-based 0.75x,True,25.614721308164217,1582.3925225688577,0.0,8.90691045231606,15.179339097521302,0.8420734580040231,52.06657742397553,4.842592592592592,1.4999999999999996,94576689.40740745
Academic,0.0,10.0,RL estimate,tau 0.0148 a 0.7 reserve 0.0,True,25.72804070063574,1570.194398680731,0.0,8.220159020207673,15.179339097521302,0.8459757127070717,51.678317050707555,3.435185185185184,1.1759259259259254,90651949.77777778
Academic,0.0,10.0,uniform (rate-matched),all 64 tiles at level 4,True,,,0.0,,,,52.651295742428154,,,81507139.33333334
Academic,10.0,8.0,trivial,predicted viewport only,True,23.06692816635119,1519.5279363735565,0.0,6.594445053699156,15.179339097521302,0.7580492298690706,49.999546481739905,0.0,0.0,71565515.4814815
Academic,10.0,8.0,literature,average-based 0.25x,True,24.52365302569211,1552.8580528419886,0.0,7.4253630300094695,15.179339097521302,0.8065201345143121,51.09693663056658,1.7407407407407416,0.7407407407407409,80437275.11111113
Academic,10.0,8.0,RL estimate,tau 0.0207 a 0.7 reserve 0.0,True,24.998036240654326,1554.7880649010776,0.0,7.434545545392628,15.179339097521302,0.8212873774453001,51.16528338335115,1.768518518518518,0.8055555555555555,81513001.70370373
Academic,10.0,8.0,uniform (rate-matched),all 64 tiles at level 3,True,,,0.0,,,,49.7493767956508,,,29495484.000000004
Academic,10.0,10.0,trivial,predicted viewport only,True,23.06692816635119,1519.5279363735565,0.0,6.594445053699156,15.179339097521302,0.7580492298690706,49.999546481739905,0.0,0.0,71565515.4814815
Academic,10.0,10.0,literature,average-based 0.75x,True,25.614721308164217,1582.3925225688577,0.00027934341791146323,8.90691045231606,15.179339097521302,0.8420734580040231,52.06657742397553,4.842592592592592,1.4999999999999996,94576689.40740745
Academic,10.0,10.0,RL estimate,tau 0.0148 a 0.7 reserve 0.0,True,25.72804070063574,1570.194398680731,0.0,8.220159020207673,15.179339097521302,0.8459757127070717,51.678317050707555,3.435185185185184,1.1759259259259254,90651949.77777778
Academic,10.0,10.0,uniform (rate-matched),all 64 tiles at level 4,True,,,0.0,,,,52.651295742428154,,,81507139.33333334
Academic,12.5,8.0,trivial,predicted viewport only,True,23.06692816635119,1519.5279363735565,0.0,6.594445053699156,15.179339097521302,0.7580492298690706,49.999546481739905,0.0,0.0,71565515.4814815
Academic,12.5,8.0,literature,average-based 0.25x,True,24.52365302569211,1552.8580528419886,0.0,7.4253630300094695,15.179339097521302,0.8065201345143121,51.09693663056658,1.7407407407407416,0.7407407407407409,80437275.11111113
Academic,12.5,8.0,RL estimate,tau 0.0207 a 0.7 reserve 0.0,True,24.998036240654326,1554.7880649010776,0.0,7.433503878725961,15.179339097521302,0.8212873774453001,51.16528338335115,1.7666666666666662,0.8055555555555555,81495789.43703707
Academic,12.5,8.0,uniform (rate-matched),all 64 tiles at level 3,True,,,0.0,,,,49.7493767956508,,,29495484.000000004
Academic,12.5,10.0,trivial,predicted viewport only,True,23.06692816635119,1519.5279363735565,0.0,6.594445053699156,15.179339097521302,0.7580492298690706,49.999546481739905,0.0,0.0,71565515.4814815
Academic,12.5,10.0,literature,average-based 0.75x,True,25.614721308164217,1582.3925225688577,0.009699928927668282,8.90691045231606,15.179339097521302,0.8420734580040231,52.06657742397553,4.842592592592592,1.4999999999999996,94576689.40740745
Academic,12.5,10.0,RL estimate,tau 0.0148 a 0.7 reserve 0.0,True,25.72804070063574,1570.194398680731,0.0,8.219117353541007,15.179339097521302,0.8459757127070717,51.678317050707555,3.4333333333333313,1.1759259259259254,90634737.51111111
Academic,12.5,10.0,uniform (rate-matched),all 64 tiles at level 4,True,,,0.0,,,,52.651295742428154,,,81507139.33333334
SouthGate,0.0,8.0,trivial,predicted viewport only,True,25.182545921757125,1543.3088744699967,0.0,6.741784179263226,15.179339097521302,0.8383673385265769,51.002325580318924,0.0,0.0,89181173.18518515
SouthGate,0.0,8.0,literature,"threshold, margin 0.35x",True,26.76729885203718,1595.1221882482039,0.0,7.717163034369351,15.179339097521302,0.8892090461067996,52.67903195353475,2.046296296296297,0.9814814814814816,100535649.77777778
SouthGate,0.0,8.0,RL estimate,tau 0.0178 a 0.7 reserve 0.0,True,26.58786076051145,1574.6427944830814,0.0,7.554607163916904,15.179339097521302,0.8830659531206297,52.03331412279185,1.6944444444444453,0.6759259259259259,99015701.1111111
SouthGate,0.0,8.0,uniform (rate-matched),all 64 tiles at level 3,True,,,0.0,,,,49.50983702963307,,,45491081.33333333
SouthGate,0.0,10.0,trivial,predicted viewport only,True,25.182545921757125,1543.3088744699967,0.0,6.741784179263226,15.179339097521302,0.8383673385265769,51.002325580318924,0.0,0.0,89181173.18518515
SouthGate,0.0,10.0,literature,average-based 0.75x,True,27.59983316899736,1618.8832408242076,0.008002745301410343,8.98348691673756,15.179339097521302,0.9154640054046389,53.46703803208342,4.703703703703704,1.4907407407407407,116256712.37037036
SouthGate,0.0,10.0,RL estimate,tau 0.0121 a 0.7 reserve 0.0,True,27.239184980455516,1593.7307987668303,0.0,8.309232714015556,15.179339097521302,0.9033996408916987,52.650785356304624,3.2685185185185186,1.111111111111111,108426189.25925931
SouthGate,0.0,10.0,uniform (rate-matched),all 64 tiles at level 3,True,,,0.0,,,,49.50983702963307,,,45491081.33333333
SouthGate,10.0,8.0,trivial,predicted viewport only,True,25.182545921757125,1543.3088744699967,0.0,6.741784179263226,15.179339097521302,0.8383673385265769,51.002325580318924,0.0,0.0,89181173.18518515
SouthGate,10.0,8.0,literature,"threshold, margin 0.35x",True,26.76729885203718,1595.1221882482039,0.0,7.717163034369351,15.179339097521302,0.8892090461067996,52.67903195353475,2.046296296296297,0.9814814814814816,100535649.77777778
SouthGate,10.0,8.0,RL estimate,tau 0.0178 a 0.7 reserve 0.0,True,26.58786076051145,1574.6427944830814,0.0,7.554607163916904,15.179339097521302,0.8830659531206297,52.03331412279185,1.6944444444444453,0.6759259259259259,99015701.1111111
SouthGate,10.0,8.0,uniform (rate-matched),all 64 tiles at level 3,True,,,0.0,,,,49.50983702963307,,,45491081.33333333
SouthGate,10.0,10.0,trivial,predicted viewport only,True,25.182545921757125,1543.3088744699967,0.0,6.741784179263226,15.179339097521302,0.8383673385265769,51.002325580318924,0.0,0.0,89181173.18518515
SouthGate,10.0,10.0,literature,average-based 0.75x,True,27.59983316899736,1618.8832408242076,0.030540039314523326,8.98348691673756,15.179339097521302,0.9154640054046389,53.46703803208342,4.703703703703704,1.4907407407407407,116256712.37037036
SouthGate,10.0,10.0,RL estimate,tau 0.0121 a 0.7 reserve 0.0,True,27.239184980455516,1593.7307987668303,0.0,8.309232714015556,15.179339097521302,0.9033996408916987,52.650785356304624,3.2685185185185186,1.111111111111111,108426189.25925931
SouthGate,10.0,10.0,uniform (rate-matched),all 64 tiles at level 3,True,,,0.0,,,,49.50983702963307,,,45491081.33333333
SouthGate,12.5,8.0,trivial,predicted viewport only,True,25.182545921757125,1543.3088744699967,0.0009283717497809725,6.741784179263226,15.179339097521302,0.8383673385265769,51.002325580318924,0.0,0.0,89181173.18518515
SouthGate,12.5,8.0,literature,"threshold, margin 0.35x",True,26.76729885203718,1595.1221882482039,0.0009283717497809725,7.717163034369351,15.179339097521302,0.8892090461067996,52.67903195353475,2.046296296296297,0.9814814814814816,100535649.77777778
SouthGate,12.5,8.0,RL estimate,tau 0.0178 a 0.7 reserve 0.0,True,26.587697837398984,1574.5813892169856,0.0009283717497809725,7.554096695166905,15.179339097521302,0.8830613355897524,52.03157378829947,1.6935185185185193,0.675,99005736.98518518
SouthGate,12.5,8.0,uniform (rate-matched),all 64 tiles at level 3,True,,,0.0,,,,49.50983702963307,,,45491081.33333333
SouthGate,12.5,10.0,trivial,predicted viewport only,True,25.182545921757125,1543.3088744699967,0.0009283717497809725,6.741784179263226,15.179339097521302,0.8383673385265769,51.002325580318924,0.0,0.0,89181173.18518515
SouthGate,12.5,10.0,literature,average-based 0.75x,True,27.59983316899736,1618.8832408242076,0.03737815305838424,8.98348691673756,15.179339097521302,0.9154640054046389,53.46703803208342,4.703703703703704,1.4907407407407407,116256712.37037036
SouthGate,12.5,10.0,RL estimate,tau 0.0121 a 0.7 reserve 0.0,True,27.239022057343053,1593.6693935007347,0.0009283717497809725,8.308722245265555,15.179339097521302,0.9033950233608213,52.649045021812235,3.2675925925925924,1.110185185185185,108416225.1333334
SouthGate,12.5,10.0,uniform (rate-matched),all 64 tiles at level 3,True,,,0.0,,,,49.50983702963307,,,45491081.33333333
StudyRoom,0.0,8.0,trivial,predicted viewport only,True,23.07267314648005,1557.2179262502125,0.0,6.454324697775545,15.179339097521302,0.763705612185555,51.374747681016316,0.0,0.0,78665847.99999999
StudyRoom,0.0,8.0,literature,average-based 0.25x,True,24.04346656970412,1579.547807958878,0.0,7.3010818936171535,15.179339097521302,0.7977807758023163,52.13818466124005,1.7870370370370368,0.7500000000000001,89228727.9259259
StudyRoom,0.0,8.0,RL estimate,tau 0.0160 a 0.7 reserve 0.0,True,24.759083236955007,1593.5187299744687,0.0,7.486661903799783,15.179339097521302,0.8195064316291621,52.55137234784589,2.1851851851851842,0.7870370370370366,90727758.51851848
StudyRoom,0.0,8.0,uniform (rate-matched),all 64 tiles at level 4,True,,,0.0,,,,53.348822834524185,,,77354692.44444446
StudyRoom,0.0,10.0,trivial,predicted viewport only,True,23.07267314648005,1557.2179262502125,0.0,6.454324697775545,15.179339097521302,0.763705612185555,51.374747681016316,0.0,0.0,78665847.99999999
StudyRoom,0.0,10.0,literature,average-based 0.75x,True,25.741549541912732,1621.0500490279123,0.0,8.96655364703573,15.179339097521302,0.8534932048378301,53.476000206724194,5.296296296296294,1.759259259259259,108792969.92592594
StudyRoom,0.0,10.0,RL estimate,tau 0.0114 a 0.7 reserve 0.0,True,25.997893076441073,1615.1231281496923,0.0,8.610510086435738,15.179339097521302,0.8586321140339905,53.23822956864898,4.546296296296296,1.4074074074074072,102957995.62962961
StudyRoom,0.0,10.0,uniform (rate-matched),all 64 tiles at level 4,True,,,0.0,,,,53.348822834524185,,,77354692.44444446
StudyRoom,10.0,8.0,trivial,predicted viewport only,True,23.07267314648005,1557.2179262502125,0.0,6.454324697775545,15.179339097521302,0.763705612185555,51.374747681016316,0.0,0.0,78665847.99999999
StudyRoom,10.0,8.0,literature,average-based 0.25x,True,24.04346656970412,1579.547807958878,0.0,7.3010818936171535,15.179339097521302,0.7977807758023163,52.13818466124005,1.7870370370370368,0.7500000000000001,89228727.9259259
StudyRoom,10.0,8.0,RL estimate,tau 0.0160 a 0.7 reserve 0.0,True,24.759083236955007,1593.5187299744687,0.0,7.486661903799783,15.179339097521302,0.8195064316291621,52.55137234784589,2.1851851851851842,0.7870370370370366,90727758.51851848
StudyRoom,10.0,8.0,uniform (rate-matched),all 64 tiles at level 4,True,,,0.0,,,,53.348822834524185,,,77354692.44444446
StudyRoom,10.0,10.0,trivial,predicted viewport only,True,23.07267314648005,1557.2179262502125,0.0,6.454324697775545,15.179339097521302,0.763705612185555,51.374747681016316,0.0,0.0,78665847.99999999
StudyRoom,10.0,10.0,literature,average-based 0.75x,True,25.741549541912732,1621.0500490279123,0.0,8.96655364703573,15.179339097521302,0.8534932048378301,53.476000206724194,5.296296296296294,1.759259259259259,108792969.92592594
StudyRoom,10.0,10.0,RL estimate,tau 0.0114 a 0.7 reserve 0.0,True,25.997893076441073,1615.1231281496923,0.0,8.610510086435738,15.179339097521302,0.8586321140339905,53.23822956864898,4.546296296296296,1.4074074074074072,102957995.62962961
StudyRoom,10.0,10.0,uniform (rate-matched),all 64 tiles at level 4,True,,,0.0,,,,53.348822834524185,,,77354692.44444446
StudyRoom,12.5,8.0,trivial,predicted viewport only,True,23.07267314648005,1557.2179262502125,0.0,6.454324697775545,15.179339097521302,0.763705612185555,51.374747681016316,0.0,0.0,78665847.99999999
StudyRoom,12.5,8.0,literature,average-based 0.25x,True,24.04346656970412,1579.547807958878,0.0,7.3010818936171535,15.179339097521302,0.7977807758023163,52.13818466124005,1.7870370370370368,0.7500000000000001,89228727.9259259
StudyRoom,12.5,8.0,RL estimate,tau 0.0160 a 0.7 reserve 0.0,True,24.759083236955007,1593.5187299744687,0.0,7.486661903799783,15.179339097521302,0.8195064316291621,52.55137234784589,2.1851851851851842,0.7870370370370366,90727758.51851848
StudyRoom,12.5,8.0,uniform (rate-matched),all 64 tiles at level 4,True,,,0.0,,,,53.348822834524185,,,77354692.44444446
StudyRoom,12.5,10.0,trivial,predicted viewport only,True,23.07267314648005,1557.2179262502125,0.0,6.454324697775545,15.179339097521302,0.763705612185555,51.374747681016316,0.0,0.0,78665847.99999999
StudyRoom,12.5,10.0,literature,average-based 0.75x,True,25.741549541912732,1621.0500490279123,0.0,8.96655364703573,15.179339097521302,0.8534932048378301,53.476000206724194,5.296296296296294,1.759259259259259,108792969.92592594
StudyRoom,12.5,10.0,RL estimate,tau 0.0114 a 0.7 reserve 0.0,True,25.997893076441073,1615.1231281496923,0.0,8.609989253102405,15.179339097521302,0.8586321140339905,53.23822956864898,4.54537037037037,1.4074074074074072,102952440.2148148
StudyRoom,12.5,10.0,uniform (rate-matched),all 64 tiles at level 4,True,,,0.0,,,,53.348822834524185,,,77354692.44444446
