video,design,design_label,objective,P_bar,method,choice,held_feasible,J_cov,J_psnr,J_D,J_B,J_P,cov,psnr,extra,useful
Runner,D0,"current (coverage, 50 mW, tiles 8)",cov,,trivial,predicted viewport only,True,25.191205639356365,1570.990633556613,0.0,6.652864098934973,15.179339097521307,0.8294317664439022,51.74329914524756,0.0,0.0
Runner,D0,"current (coverage, 50 mW, tiles 8)",cov,,literature,average-based 0.25x [top],True,26.15159266598317,1593.0763329615306,0.002924160489762542,7.337443128587495,15.179339097521307,0.8617651844986699,52.47679860894912,1.4629629629629632,0.5555555555555555
Runner,D0,"current (coverage, 50 mW, tiles 8)",cov,,rl_estimate,tau q95 alpha 1.0 cap 4 top,True,26.745576864516593,1607.0320938038435,0.0,7.576076580158447,15.179339097521307,0.8808908804443746,52.92921449302717,1.9567901234567902,0.6666666666666667
Runner,D0,"current (coverage, 50 mW, tiles 8)",cov,,ceiling,perfect prediction (87% of extra tile budget),True,30.190490080934588,1686.9456822446311,0.2867503591763205,7.8206896654529725,15.179339097521307,0.9944086256786674,55.56720744573299,2.4537037037037037,2.4537037037037037
Runner,D1,tile budget 7.5,cov,,trivial,predicted viewport only,True,25.191205639356365,1570.990633556613,0.0,6.652864098934973,15.179339097521307,0.8294317664439022,51.74329914524756,0.0,0.0
Runner,D1,tile budget 7.5,cov,,literature,predicted viewport only [top],True,25.191205639356365,1570.990633556613,0.0,6.652864098934973,15.179339097521307,0.8294317664439022,51.74329914524756,0.0,0.0
Runner,D1,tile budget 7.5,cov,,rl_estimate,tau q98 alpha 0.7 cap 4 top,True,26.11083158684368,1593.2019007631782,0.0,7.097175403123144,15.179339097521307,0.8600341088760011,52.474519998546725,0.9506172839506173,0.3580246913580247
Runner,D1,tile budget 7.5,cov,,ceiling,perfect prediction (100% of extra tile budget),True,29.750597135882643,1666.225542372535,0.15267032329168673,7.495004810102306,15.179339097521307,0.979916027555615,54.879912806563354,1.7685185185185182,1.7685185185185182
Runner,D2,fixed 25 mW,cov,,trivial,predicted viewport only,True,25.191205639356365,1570.990633556613,0.0,6.652864098934973,7.589669548760654,0.8294317664439022,51.74329914524756,0.0,0.0
Runner,D2,fixed 25 mW,cov,,literature,average-based 0.25x [top],True,26.15159266598317,1593.0763329615306,0.05718931658498546,7.337443128587495,7.589669548760654,0.8617651844986699,52.47679860894912,1.4629629629629632,0.5555555555555555
Runner,D2,fixed 25 mW,cov,,rl_estimate,tau q95 alpha 1.0 cap 4 top,True,26.569410226446138,1603.269317368249,0.07805539243177219,7.506583083251219,7.589669548760654,0.8746506605369673,52.7999377695651,1.8055555555555556,0.6111111111111112
Runner,D2,fixed 25 mW,cov,,ceiling,perfect prediction (55% of extra tile budget),True,29.518209779740136,1657.4839503350593,0.29421749242681905,7.393523967734903,7.589669548760654,0.972278499454502,54.587786556696784,1.5555555555555556,1.5555555555555556
Runner,D3,power budget,cov,4.793293468389482,trivial,predicted viewport only,True,25.191205639356365,1570.990633556613,0.004582923888327681,6.652864098934973,3.9230017766709824,0.8294317664439022,51.74329914524756,0.0,0.0
Runner,D3,power budget,cov,4.793293468389482,literature,"threshold (10 s), margin 0.5x [pmin]",True,26.00963367156858,1589.6203456680657,0.01147515110646703,7.213035781188328,4.311501663653715,0.8570201131025074,52.36851490168841,1.1944444444444444,0.5030864197530864
Runner,D3,power budget,cov,4.793293468389482,rl_estimate,tau q75 alpha 0.7 cap 4 pmin,True,26.30913792043444,1596.1945713016519,0.014482939598621966,7.323549833441924,4.357355075996521,0.8662200576882803,52.578455098649926,1.435185185185185,0.5000000000000001
Runner,D3,power budget,cov,4.793293468389482,ceiling,perfect prediction (30% of extra tile budget),True,28.353511691340774,1622.2270781419218,0.09702655655247676,7.056093174674714,4.772114430746355,0.934727014614206,53.45967730931884,0.8611111111111112,0.8611111111111112
Runner,D4,PSNR objective,psnr,,trivial,predicted viewport only,True,25.191205639356365,1570.990633556613,0.0,6.652864098934973,15.179339097521307,0.8294317664439022,51.74329914524756,0.0,0.0
Runner,D4,PSNR objective,psnr,,literature,average-based 0.25x [top],True,26.15159266598317,1593.0763329615306,0.002924160489762542,7.337443128587495,15.179339097521307,0.8617651844986699,52.47679860894912,1.4629629629629632,0.5555555555555555
Runner,D4,PSNR objective,psnr,,rl_estimate,tau q95 alpha 1.0 cap 4 top,True,26.50959600737624,1605.4633654060585,0.004407551597773561,7.644171423677666,15.179339097521307,0.8733798345889588,52.8889124436654,2.0956790123456788,0.5462962962962964
Runner,D4,PSNR objective,psnr,,rl_estimate_no_content,tau q95 alpha 1.0 cap 4 top,True,26.745576864516593,1607.0320938038435,0.0,7.576076580158447,15.179339097521307,0.8808908804443746,52.92921449302717,1.9567901234567902,0.6666666666666667
Runner,D4,PSNR objective,psnr,,ceiling,perfect prediction (88% of extra tile budget),True,30.08939913210244,1693.6849590210393,0.29965555429317947,7.835253713279264,15.179339097521307,0.9913658811985674,55.79446196956569,2.4999999999999996,2.4999999999999996
Runner,D5,PSNR + fixed 25 mW,psnr,,trivial,predicted viewport only,True,25.191205639356365,1570.990633556613,0.0,6.652864098934973,7.589669548760654,0.8294317664439022,51.74329914524756,0.0,0.0
Runner,D5,PSNR + fixed 25 mW,psnr,,literature,average-based 0.25x [top],True,26.15159266598317,1593.0763329615306,0.05718931658498546,7.337443128587495,7.589669548760654,0.8617651844986699,52.47679860894912,1.4629629629629632,0.5555555555555555
Runner,D5,PSNR + fixed 25 mW,psnr,,rl_estimate,tau q90 alpha 0.7 cap 4 top,True,26.384999573945453,1603.3106619458656,0.0,7.541736024854785,7.589669548760654,0.8691888868961745,52.81912619901698,1.9104938271604932,0.5154320987654323
Runner,D5,PSNR + fixed 25 mW,psnr,,rl_estimate_no_content,tau q95 alpha 1.0 cap 4 top,True,26.569410226446138,1603.269317368249,0.07805539243177219,7.506583083251219,7.589669548760654,0.8746506605369673,52.7999377695651,1.8055555555555556,0.6111111111111112
Runner,D5,PSNR + fixed 25 mW,psnr,,ceiling,perfect prediction (50% of extra tile budget),True,29.04243142496396,1658.3643454832772,0.291203364531181,7.317346284901784,7.589669548760654,0.9566333558792776,54.62881559525517,1.3981481481481481,1.3981481481481481
Runner,D6,PSNR + power budget,psnr,4.793293468389482,trivial,predicted viewport only,True,25.191205639356365,1570.990633556613,0.004582923888327681,6.652864098934973,3.9230017766709824,0.8294317664439022,51.74329914524756,0.0,0.0
Runner,D6,PSNR + power budget,psnr,4.793293468389482,literature,"threshold (10 s), margin 0.5x [fixed:1]",True,26.01145521416155,1588.8455634792283,0.21819903412658298,7.22840058815557,3.794834774380327,0.8571565328555938,52.34069561687019,1.2314814814814816,0.5154320987654321
Runner,D6,PSNR + power budget,psnr,4.793293468389482,rl_estimate,tau q50 alpha 0.7 cap 4 pmin,True,25.975355547758028,1590.9479267691693,0.014466600385883294,7.210966325833986,4.3684675050721955,0.8553491374020719,52.406250279853914,1.1944444444444444,0.3271604938271606
Runner,D6,PSNR + power budget,psnr,4.793293468389482,rl_estimate_no_content,tau q75 alpha 0.7 cap 4 pmin,True,26.30913792043444,1596.1945713016519,0.014482939598621966,7.323549833441924,4.357355075996521,0.8662200576882803,52.578455098649926,1.435185185185185,0.5000000000000001
Runner,D6,PSNR + power budget,psnr,4.793293468389482,ceiling,perfect prediction (23% of extra tile budget),True,27.479081473835777,1614.9851928211042,0.06754720311723426,6.961330585668026,4.759276382567434,0.9049804483370606,53.1987333605273,0.6481481481481483,0.6481481481481483
GateNight,D0,"current (coverage, 50 mW, tiles 8)",cov,,trivial,predicted viewport only,True,21.490058631686363,1561.3155545255456,0.002610828836738336,6.598160044564594,15.179339097521307,0.704365790732299,51.40250714051982,0.0,0.0
GateNight,D0,"current (coverage, 50 mW, tiles 8)",cov,,literature,average-based 0.25x [top],True,22.586919560002826,1579.6490653793544,0.05225816404826638,7.469561436356616,15.179339097521307,0.7418488189044826,52.03182212187454,1.868055555555556,0.7569444444444443
GateNight,D0,"current (coverage, 50 mW, tiles 8)",cov,,rl_estimate,tau q95 alpha 1.0 cap 4 top,True,23.334671442195727,1589.0781211162168,0.0150502130528788,7.67161839327953,15.179339097521307,0.7653020244588236,52.321704382888264,2.2824074074074074,0.8680555555555558
GateNight,D0,"current (coverage, 50 mW, tiles 8)",cov,,ceiling,perfect prediction (57% of extra tile budget),True,27.563000561504996,1627.3229374103819,0.2969535789806992,7.397095125820035,15.179339097521307,0.9075287432894769,53.61300852819576,1.7083333333333333,1.7083333333333333
GateNight,D1,tile budget 7.5,cov,,trivial,predicted viewport only,True,21.490058631686363,1561.3155545255456,0.002610828836738336,6.598160044564594,15.179339097521307,0.704365790732299,51.40250714051982,0.0,0.0
GateNight,D1,tile budget 7.5,cov,,literature,predicted viewport only [top],True,21.490058631686363,1561.3155545255456,0.002610828836738336,6.598160044564594,15.179339097521307,0.704365790732299,51.40250714051982,0.0,0.0
GateNight,D1,tile budget 7.5,cov,,rl_estimate,tau q98 alpha 1.0 cap 4 top,True,22.402644666019015,1577.3409363617545,0.002610828836738336,7.146760475434181,15.179339097521307,0.7349489439991855,51.936173614999745,1.1736111111111114,0.46527777777777796
GateNight,D1,tile budget 7.5,cov,,ceiling,perfect prediction (89% of extra tile budget),True,27.563000561504996,1627.3229374103819,0.2969535789806992,7.397095125820035,15.179339097521307,0.9075287432894769,53.61300852819576,1.7083333333333333,1.7083333333333333
GateNight,D2,fixed 25 mW,cov,,trivial,predicted viewport only,True,21.490058631686363,1561.3155545255456,0.035557995519147186,6.598160044564594,7.589669548760654,0.704365790732299,51.40250714051982,0.0,0.0
GateNight,D2,fixed 25 mW,cov,,literature,predicted viewport only [top],True,21.490058631686363,1561.3155545255456,0.035557995519147186,6.598160044564594,7.589669548760654,0.704365790732299,51.40250714051982,0.0,0.0
GateNight,D2,fixed 25 mW,cov,,rl_estimate,tau q95 alpha 0.85 cap 4 top,True,22.66751671229638,1578.1062053627759,0.05793246914500447,7.311481015691595,7.589669548760654,0.7438989270816515,51.96895882960998,1.5324074074074072,0.5833333333333334
GateNight,D2,fixed 25 mW,cov,,ceiling,perfect prediction (32% of extra tile budget),True,25.395020433211844,1594.1197894546758,0.2987767494527231,7.036833019737092,7.589669548760654,0.8356606343761454,52.51527242408309,0.9444444444444446,0.9444444444444446
GateNight,D3,power budget,cov,6.385099997428036,trivial,predicted viewport only,True,21.490058631686363,1561.3155545255456,0.021112739604715602,6.598160044564594,4.605030673220548,0.704365790732299,51.40250714051982,0.0,0.0
GateNight,D3,power budget,cov,6.385099997428036,literature,predicted viewport only [pmin],True,21.490058631686363,1561.3155545255456,0.021112739604715602,6.598160044564594,4.605030673220548,0.704365790732299,51.40250714051982,0.0,0.0
GateNight,D3,power budget,cov,6.385099997428036,rl_estimate,tau q50 alpha 0.7 cap 3 opp:0.8,True,22.027139357020484,1569.440007309122,0.020949317736762008,7.154804041742779,5.442048788788469,0.7223271337137313,51.677524389112115,1.224537037037037,0.3240740740740741
GateNight,D3,power budget,cov,6.385099997428036,ceiling,perfect prediction (27% of extra tile budget),True,24.826919096038484,1587.1310632840343,0.2981434433917851,6.9689223183814955,6.087696000988384,0.8156939157322988,52.265955853383026,0.7916666666666669,0.7916666666666669
GateNight,D4,PSNR objective,psnr,,trivial,predicted viewport only,True,21.490058631686363,1561.3155545255456,0.002610828836738336,6.598160044564594,15.179339097521307,0.704365790732299,51.40250714051982,0.0,0.0
GateNight,D4,PSNR objective,psnr,,literature,average-based 0.25x [top],True,22.586919560002826,1579.6490653793544,0.05225816404826638,7.469561436356616,15.179339097521307,0.7418488189044826,52.03182212187454,1.868055555555556,0.7569444444444443
GateNight,D4,PSNR objective,psnr,,rl_estimate,tau q95 alpha 1.0 cap 4 top,True,23.395648210901882,1591.0381304962068,0.013368021927343572,7.565213554623933,15.179339097521307,0.7674785516830208,52.38654568389967,2.0555555555555554,0.8240740740740741
GateNight,D4,PSNR objective,psnr,,rl_estimate_no_content,tau q95 alpha 1.0 cap 4 top,True,23.334671442195727,1589.0781211162168,0.0150502130528788,7.67161839327953,15.179339097521307,0.7653020244588236,52.321704382888264,2.2824074074074074,0.8680555555555558
GateNight,D4,PSNR objective,psnr,,ceiling,perfect prediction (52% of extra tile budget),True,26.89116369674929,1624.2354960647515,0.2981018294591849,7.319285001575552,15.179339097521307,0.8838769286668379,53.49162454254108,1.5277777777777777,1.5277777777777777
GateNight,D5,PSNR + fixed 25 mW,psnr,,trivial,predicted viewport only,True,21.490058631686363,1561.3155545255456,0.035557995519147186,6.598160044564594,7.589669548760654,0.704365790732299,51.40250714051982,0.0,0.0
GateNight,D5,PSNR + fixed 25 mW,psnr,,literature,predicted viewport only [top],True,21.490058631686363,1561.3155545255456,0.035557995519147186,6.598160044564594,7.589669548760654,0.704365790732299,51.40250714051982,0.0,0.0
GateNight,D5,PSNR + fixed 25 mW,psnr,,rl_estimate,tau q90 alpha 0.85 cap 4 top,True,22.65968504730635,1577.089403191652,0.09233907537830478,7.298266731230483,7.589669548760654,0.7438317537567132,51.93482979321643,1.4999999999999998,0.5162037037037037
GateNight,D5,PSNR + fixed 25 mW,psnr,,rl_estimate_no_content,tau q95 alpha 0.85 cap 4 top,True,22.66751671229638,1578.1062053627759,0.05793246914500447,7.311481015691595,7.589669548760654,0.7438989270816515,51.96895882960998,1.5324074074074072,0.5833333333333334
GateNight,D5,PSNR + fixed 25 mW,psnr,,ceiling,perfect prediction (29% of extra tile budget),True,24.980625787035795,1593.518272645286,0.2948122414294888,6.998147596862149,7.589669548760654,0.8208551710708405,52.482422941126174,0.8541666666666666,0.8541666666666666
GateNight,D6,PSNR + power budget,psnr,6.385099997428036,trivial,predicted viewport only,True,21.490058631686363,1561.3155545255456,0.021112739604715602,6.598160044564594,4.605030673220548,0.704365790732299,51.40250714051982,0.0,0.0
GateNight,D6,PSNR + power budget,psnr,6.385099997428036,literature,predicted viewport only [pmin],True,21.490058631686363,1561.3155545255456,0.021112739604715602,6.598160044564594,4.605030673220548,0.704365790732299,51.40250714051982,0.0,0.0
GateNight,D6,PSNR + power budget,psnr,6.385099997428036,rl_estimate,tau q98 alpha 0.85 cap 4 pmin,True,22.105369282524,1570.8580236918467,0.03278003433057778,6.9045752384973085,5.894435466412102,0.7251299404758443,51.725490990400054,0.648148148148148,0.2592592592592593
GateNight,D6,PSNR + power budget,psnr,6.385099997428036,rl_estimate_no_content,tau q50 alpha 0.7 cap 3 opp:0.8,True,22.027139357020484,1569.440007309122,0.020949317736762008,7.154804041742779,5.442048788788469,0.7223271337137313,51.677524389112115,1.224537037037037,0.3240740740740741
GateNight,D6,PSNR + power budget,psnr,6.385099997428036,ceiling,perfect prediction (22% of extra tile budget),True,24.135292481694837,1583.4871948911443,0.2997458475040125,6.896826463489848,6.070759853347648,0.7918675628677155,52.13899063899666,0.6319444444444445,0.6319444444444445
Bridge,D0,"current (coverage, 50 mW, tiles 8)",cov,,trivial,predicted viewport only,True,23.51004207281827,1593.4312757422815,0.0,6.652533800162607,15.179339097521307,0.777156679759864,52.53469180908515,0.0,0.0
Bridge,D0,"current (coverage, 50 mW, tiles 8)",cov,,literature,"threshold (10 s), margin 0.5x [top]",True,24.809712412928825,1609.8797482272657,0.1357210352390638,7.494562078294068,15.179339097521307,0.8197461154402009,53.08595120551128,1.7685185185185186,0.574074074074074
Bridge,D0,"current (coverage, 50 mW, tiles 8)",cov,,rl_estimate,tau q95 alpha 1.0 cap 4 top,True,25.296374279793667,1616.9329615256615,0.10088385628179387,7.390894138660168,15.179339097521307,0.8357725968535682,53.31871600492113,1.5277777777777777,0.5925925925925928
Bridge,D0,"current (coverage, 50 mW, tiles 8)",cov,,ceiling,perfect prediction (55% of extra tile budget),True,28.542038945875195,1653.0744928891074,0.2821928776777016,7.385683316472854,15.179339097521307,0.9396026191685832,54.466524902502144,1.5185185185185184,1.5185185185185184
Bridge,D1,tile budget 7.5,cov,,trivial,predicted viewport only,True,23.51004207281827,1593.4312757422815,0.0,6.652533800162607,15.179339097521307,0.777156679759864,52.53469180908515,0.0,0.0
Bridge,D1,tile budget 7.5,cov,,literature,predicted viewport only [top],True,23.51004207281827,1593.4312757422815,0.0,6.652533800162607,15.179339097521307,0.777156679759864,52.53469180908515,0.0,0.0
Bridge,D1,tile budget 7.5,cov,,rl_estimate,tau q98 alpha 1.0 cap 4 top,True,24.463235176613768,1606.0428519320894,0.04963955026791242,7.0886395598845375,15.179339097521307,0.8089719550299258,52.96045153664231,0.9043209876543208,0.29938271604938277
Bridge,D1,tile budget 7.5,cov,,ceiling,perfect prediction (87% of extra tile budget),True,28.542038945875195,1653.0744928891074,0.2821928776777016,7.385683316472854,15.179339097521307,0.9396026191685832,54.466524902502144,1.5185185185185184,1.5185185185185184
Bridge,D2,fixed 25 mW,cov,,trivial,predicted viewport only,True,23.51004207281827,1593.4312757422815,0.03440474549221563,6.652533800162607,7.589669548760654,0.777156679759864,52.53469180908515,0.0,0.0
Bridge,D2,fixed 25 mW,cov,,literature,predicted viewport only [top],True,23.51004207281827,1593.4312757422815,0.03440474549221563,6.652533800162607,7.589669548760654,0.777156679759864,52.53469180908515,0.0,0.0
Bridge,D2,fixed 25 mW,cov,,rl_estimate,tau q50 alpha 0.7 cap 4 top,True,24.48391976381645,1603.3838312967343,0.06459138051464805,7.117543020751892,7.589669548760654,0.8097551728488902,52.86978064740491,1.027777777777778,0.31172839506172845
Bridge,D2,fixed 25 mW,cov,,ceiling,perfect prediction (22% of extra tile budget),True,26.12131334157166,1615.759761686786,0.28514374160739414,6.944458521471243,7.589669548760654,0.8612481253617159,53.25183167436224,0.6018518518518517,0.6018518518518517
Bridge,D3,power budget,cov,7.870904427456299,trivial,predicted viewport only,True,23.51004207281827,1593.4312757422815,0.06412394288380087,6.652533800162607,5.656165017012342,0.777156679759864,52.53469180908515,0.0,0.0
Bridge,D3,power budget,cov,7.870904427456299,literature,predicted viewport only [pmin],True,23.51004207281827,1593.4312757422815,0.06412394288380087,6.652533800162607,5.656165017012342,0.777156679759864,52.53469180908515,0.0,0.0
Bridge,D3,power budget,cov,7.870904427456299,rl_estimate,tau q50 alpha 0.7 cap 4 opp:0.8,True,24.036972384057755,1598.4444195178223,0.07345359265997795,6.949450319594689,6.238654746832593,0.7950144321157455,52.70429871506867,0.6635802469135803,0.1728395061728395
Bridge,D3,power budget,cov,7.870904427456299,ceiling,perfect prediction (23% of extra tile budget),True,26.239218877589046,1617.4600966970088,0.29761216703544474,6.958644770394849,7.115106382282073,0.8648567451533826,53.30411746717706,0.6296296296296295,0.6296296296296295
Bridge,D4,PSNR objective,psnr,,trivial,predicted viewport only,True,23.51004207281827,1593.4312757422815,0.0,6.652533800162607,15.179339097521307,0.777156679759864,52.53469180908515,0.0,0.0
Bridge,D4,PSNR objective,psnr,,literature,"threshold (10 s), margin 0.5x [top]",True,24.809712412928825,1609.8797482272657,0.1357210352390638,7.494562078294068,15.179339097521307,0.8197461154402009,53.08595120551128,1.7685185185185186,0.574074074074074
Bridge,D4,PSNR objective,psnr,,rl_estimate,tau q90 alpha 1.0 cap 4 top,True,25.162304131908062,1615.1764853442028,0.1297504034789171,7.52517324813444,15.179339097521307,0.8312904945462033,53.25574981673194,1.8364197530864195,0.5679012345679014
Bridge,D4,PSNR objective,psnr,,rl_estimate_no_content,tau q95 alpha 1.0 cap 4 top,True,25.296374279793667,1616.9329615256615,0.10088385628179387,7.390894138660168,15.179339097521307,0.8357725968535682,53.31871600492113,1.5277777777777777,0.5925925925925928
Bridge,D4,PSNR objective,psnr,,ceiling,perfect prediction (52% of extra tile budget),True,28.2189699727472,1650.6450332977386,0.2848108286431498,7.342053853975126,15.179339097521307,0.9286834986711295,54.38297614817448,1.4259259259259258,1.4259259259259258
Bridge,D5,PSNR + fixed 25 mW,psnr,,trivial,predicted viewport only,True,23.51004207281827,1593.4312757422815,0.03440474549221563,6.652533800162607,7.589669548760654,0.777156679759864,52.53469180908515,0.0,0.0
Bridge,D5,PSNR + fixed 25 mW,psnr,,literature,predicted viewport only [top],True,23.51004207281827,1593.4312757422815,0.03440474549221563,6.652533800162607,7.589669548760654,0.777156679759864,52.53469180908515,0.0,0.0
Bridge,D5,PSNR + fixed 25 mW,psnr,,rl_estimate,tau q95 alpha 0.7 cap 4 top,True,24.31697870111748,1602.31142426713,0.06596585960100304,6.979116969239736,7.589669548760654,0.8041172852768393,52.83689898127023,0.6975308641975309,0.24382716049382724
Bridge,D5,PSNR + fixed 25 mW,psnr,,rl_estimate_no_content,tau q95 alpha 0.7 cap 4 top,True,24.459540494363303,1604.0427285819123,0.06459138051464805,6.9743206579269525,7.589669548760654,0.8088139212413797,52.89474609031683,0.6851851851851852,0.2993827160493827
Bridge,D5,PSNR + fixed 25 mW,psnr,,ceiling,perfect prediction (21% of extra tile budget),True,25.993099635530623,1616.9344252310739,0.28819736742277374,6.937168208510935,7.589669548760654,0.8553313875144936,53.277509992899006,0.5740740740740742,0.5740740740740742
Bridge,D6,PSNR + power budget,psnr,7.870904427456299,trivial,predicted viewport only,True,23.51004207281827,1593.4312757422815,0.06412394288380087,6.652533800162607,5.656165017012342,0.777156679759864,52.53469180908515,0.0,0.0
Bridge,D6,PSNR + power budget,psnr,7.870904427456299,literature,predicted viewport only [pmin],True,23.51004207281827,1593.4312757422815,0.06412394288380087,6.652533800162607,5.656165017012342,0.777156679759864,52.53469180908515,0.0,0.0
Bridge,D6,PSNR + power budget,psnr,7.870904427456299,rl_estimate,tau q50 alpha 0.7 cap 4 opp:0.8,True,24.017497140493237,1598.0046969190707,0.07125297004482307,6.932591300585467,6.238173072130065,0.7942420613595726,52.68941321110413,0.6234567901234569,0.1697530864197531
Bridge,D6,PSNR + power budget,psnr,7.870904427456299,rl_estimate_no_content,tau q50 alpha 0.7 cap 4 opp:0.8,True,24.036972384057755,1598.4444195178223,0.07345359265997795,6.949450319594689,6.238654746832593,0.7950144321157455,52.70429871506867,0.6635802469135803,0.1728395061728395
Bridge,D6,PSNR + power budget,psnr,7.870904427456299,ceiling,perfect prediction (21% of extra tile budget),True,25.993099635530623,1616.9344252310739,0.2839765416653816,6.937168208510935,7.157406624602539,0.8553313875144936,53.277509992899006,0.5740740740740742,0.5740740740740742
SiyuanGate,D0,"current (coverage, 50 mW, tiles 8)",cov,,trivial,predicted viewport only,True,23.3504153026736,1565.5317647707475,0.0,6.47301564287435,15.179339097521307,0.7688500554745328,51.541025330917506,0.0,0.0
SiyuanGate,D0,"current (coverage, 50 mW, tiles 8)",cov,,literature,average-based 0.25x [top],True,24.393914255671042,1586.1806196752332,0.0,7.385706118510942,15.179339097521307,0.8038082981919403,52.23324426974639,1.8981481481481484,0.6203703703703703
SiyuanGate,D0,"current (coverage, 50 mW, tiles 8)",cov,,rl_estimate,tau q98 alpha 0.5 cap 4 top,True,24.266020232892874,1581.394213507965,0.0,6.938629170655554,15.179339097521307,0.7993721566241985,52.0744387516324,0.9629629629629631,0.35185185185185186
SiyuanGate,D0,"current (coverage, 50 mW, tiles 8)",cov,,ceiling,perfect prediction (100% of extra tile budget),True,30.174816292636983,1702.2109031813043,0.0,7.999414320603216,15.179339097521307,0.9938023236123015,56.05787409812591,3.24074074074074,3.24074074074074
SiyuanGate,D1,tile budget 7.5,cov,,trivial,predicted viewport only,True,23.3504153026736,1565.5317647707475,0.0,6.47301564287435,15.179339097521307,0.7688500554745328,51.541025330917506,0.0,0.0
SiyuanGate,D1,tile budget 7.5,cov,,literature,predicted viewport only [top],True,23.3504153026736,1565.5317647707475,0.0,6.47301564287435,15.179339097521307,0.7688500554745328,51.541025330917506,0.0,0.0
SiyuanGate,D1,tile budget 7.5,cov,,ceiling,perfect prediction (100% of extra tile budget),True,29.434731359367504,1675.0626135383163,0.0,7.498486928404737,15.179339097521307,0.9686457836149158,55.13028778189496,2.148148148148148,2.148148148148148
SiyuanGate,D2,fixed 25 mW,cov,,trivial,predicted viewport only,True,23.3504153026736,1565.5317647707475,0.0,6.47301564287435,7.589669548760654,0.7688500554745328,51.541025330917506,0.0,0.0
SiyuanGate,D2,fixed 25 mW,cov,,literature,average-based 0.25x [top],True,24.393914255671042,1586.1806196752332,0.0,7.385706118510942,7.589669548760654,0.8038082981919403,52.23324426974639,1.8981481481481484,0.6203703703703703
SiyuanGate,D2,fixed 25 mW,cov,,rl_estimate,tau q98 alpha 0.5 cap 4 top,True,24.266020232892874,1581.394213507965,0.0,6.938629170655554,7.589669548760654,0.7993721566241985,52.0744387516324,0.9629629629629631,0.35185185185185186
SiyuanGate,D2,fixed 25 mW,cov,,ceiling,perfect prediction (100% of extra tile budget),True,30.174816292636983,1702.2109031813043,0.0,7.999414320603216,7.589669548760654,0.9938023236123015,56.05787409812591,3.24074074074074,3.24074074074074
SiyuanGate,D3,power budget,cov,2.238491133937957,trivial,predicted viewport only,True,23.3504153026736,1565.5317647707475,0.0,6.47301564287435,1.6121695590625675,0.7688500554745328,51.541025330917506,0.0,0.0
SiyuanGate,D3,power budget,cov,2.238491133937957,literature,average-based 0.25x [pmin],True,24.393914255671042,1586.1806196752332,0.0,7.385706118510942,1.8066616461683305,0.8038082981919403,52.23324426974639,1.8981481481481484,0.6203703703703703
SiyuanGate,D3,power budget,cov,2.238491133937957,rl_estimate,tau q98 alpha 0.5 cap 2 buf:0.3,True,24.266020232892874,1581.394213507965,0.0,6.938629170655554,1.735136029047594,0.7993721566241985,52.0744387516324,0.9629629629629631,0.35185185185185186
SiyuanGate,D3,power budget,cov,2.238491133937957,ceiling,perfect prediction (100% of extra tile budget),True,30.174816292636983,1702.2109031813043,0.0,7.999414320603216,1.9406290849712695,0.9938023236123015,56.05787409812591,3.24074074074074,3.24074074074074
SiyuanGate,D4,PSNR objective,psnr,,trivial,predicted viewport only,True,23.3504153026736,1565.5317647707475,0.0,6.47301564287435,15.179339097521307,0.7688500554745328,51.541025330917506,0.0,0.0
SiyuanGate,D4,PSNR objective,psnr,,literature,average-based 0.25x [top],True,24.393914255671042,1586.1806196752332,0.0,7.385706118510942,15.179339097521307,0.8038082981919403,52.23324426974639,1.8981481481481484,0.6203703703703703
SiyuanGate,D4,PSNR objective,psnr,,rl_estimate,tau q98 alpha 0.5 cap 4 top,True,24.380034487729805,1585.5299949538771,0.0,6.895645931184892,15.179339097521307,0.8031361772294094,52.21072952841962,0.8796296296296294,0.37962962962962965
SiyuanGate,D4,PSNR objective,psnr,,rl_estimate_no_content,tau q98 alpha 0.5 cap 4 top,True,24.266020232892874,1581.394213507965,0.0,6.938629170655554,15.179339097521307,0.7993721566241985,52.0744387516324,0.9629629629629631,0.35185185185185186
SiyuanGate,D4,PSNR objective,psnr,,ceiling,perfect prediction (100% of extra tile budget),True,29.80603291915957,1708.9183199608897,0.0,7.996815386149962,15.179339097521307,0.9816229768204805,56.28278849010503,3.2407407407407405,3.2407407407407405
SiyuanGate,D5,PSNR + fixed 25 mW,psnr,,trivial,predicted viewport only,True,23.3504153026736,1565.5317647707475,0.0,6.47301564287435,7.589669548760654,0.7688500554745328,51.541025330917506,0.0,0.0
SiyuanGate,D5,PSNR + fixed 25 mW,psnr,,literature,average-based 0.25x [top],True,24.393914255671042,1586.1806196752332,0.0,7.385706118510942,7.589669548760654,0.8038082981919403,52.23324426974639,1.8981481481481484,0.6203703703703703
SiyuanGate,D5,PSNR + fixed 25 mW,psnr,,rl_estimate,tau q98 alpha 0.5 cap 4 top,True,24.380034487729805,1585.5299949538771,0.0,6.895645931184892,7.589669548760654,0.8031361772294094,52.21072952841962,0.8796296296296294,0.37962962962962965
SiyuanGate,D5,PSNR + fixed 25 mW,psnr,,rl_estimate_no_content,tau q98 alpha 0.5 cap 4 top,True,24.266020232892874,1581.394213507965,0.0,6.938629170655554,7.589669548760654,0.7993721566241985,52.0744387516324,0.9629629629629631,0.35185185185185186
SiyuanGate,D5,PSNR + fixed 25 mW,psnr,,ceiling,perfect prediction (100% of extra tile budget),True,29.80603291915957,1708.9183199608897,0.0,7.996815386149962,7.589669548760654,0.9816229768204805,56.28278849010503,3.2407407407407405,3.2407407407407405
SiyuanGate,D6,PSNR + power budget,psnr,2.238491133937957,trivial,predicted viewport only,True,23.3504153026736,1565.5317647707475,0.0,6.47301564287435,1.6121695590625675,0.7688500554745328,51.541025330917506,0.0,0.0
SiyuanGate,D6,PSNR + power budget,psnr,2.238491133937957,literature,average-based 0.25x [pmin],True,24.393914255671042,1586.1806196752332,0.0,7.385706118510942,1.8066616461683305,0.8038082981919403,52.23324426974639,1.8981481481481484,0.6203703703703703
SiyuanGate,D6,PSNR + power budget,psnr,2.238491133937957,rl_estimate,tau q98 alpha 0.5 cap 3 buf:0.3,True,24.380034487729805,1585.5299949538771,0.0,6.895645931184892,1.7346887348727376,0.8031361772294094,52.21072952841962,0.8796296296296294,0.37962962962962965
SiyuanGate,D6,PSNR + power budget,psnr,2.238491133937957,rl_estimate_no_content,tau q98 alpha 0.5 cap 2 buf:0.3,True,24.266020232892874,1581.394213507965,0.0,6.938629170655554,1.735136029047594,0.7993721566241985,52.0744387516324,0.9629629629629631,0.35185185185185186
SiyuanGate,D6,PSNR + power budget,psnr,2.238491133937957,ceiling,perfect prediction (100% of extra tile budget),True,29.80603291915957,1708.9183199608897,0.0,7.996815386149962,1.975437692154038,0.9816229768204805,56.28278849010503,3.2407407407407405,3.2407407407407405
Academic,D0,"current (coverage, 50 mW, tiles 8)",cov,,trivial,predicted viewport only,True,23.066928166351175,1519.5279363735563,0.0,6.594445053699154,15.179339097521307,0.7580492298690705,49.999546481739884,0.0,0.0
Academic,D0,"current (coverage, 50 mW, tiles 8)",cov,,literature,average-based 0.25x [top],True,24.523653025692102,1552.8580528419889,0.0,7.425363030009469,15.179339097521307,0.8065201345143123,51.09693663056659,1.740740740740741,0.7407407407407408
Academic,D0,"current (coverage, 50 mW, tiles 8)",cov,,rl_estimate,tau q95 alpha 0.5 cap 4 top,True,24.79226496605487,1551.0496140982223,0.0,7.578841043574262,15.179339097521307,0.8143351155514468,51.02152707733833,2.0679012345679006,0.675925925925926
Academic,D0,"current (coverage, 50 mW, tiles 8)",cov,,ceiling,perfect prediction (100% of extra tile budget),True,29.7387013387986,1669.9251389762164,0.0,7.998790985062803,15.179339097521307,0.979825418414197,54.974864445943254,2.9722222222222223,2.9722222222222223
Academic,D1,tile budget 7.5,cov,,trivial,predicted viewport only,True,23.066928166351175,1519.5279363735563,0.0,6.594445053699154,15.179339097521307,0.7580492298690705,49.999546481739884,0.0,0.0
Academic,D1,tile budget 7.5,cov,,literature,predicted viewport only [top],True,23.066928166351175,1519.5279363735563,0.0,6.594445053699154,15.179339097521307,0.7580492298690705,49.999546481739884,0.0,0.0
Academic,D1,tile budget 7.5,cov,,rl_estimate,tau q98 alpha 0.5 cap 4 top,True,23.994067819565437,1536.977305363443,0.0,7.056180455807268,15.179339097521307,0.7891766141048424,50.575015034009276,0.9753086419753088,0.3703703703703704
Academic,D1,tile budget 7.5,cov,,ceiling,perfect prediction (100% of extra tile budget),True,28.74386095482995,1617.2204379663713,0.0,7.497429411477886,15.179339097521307,0.947046309461309,53.23590912013937,1.916666666666667,1.916666666666667
Academic,D2,fixed 25 mW,cov,,trivial,predicted viewport only,True,23.066928166351175,1519.5279363735563,0.0,6.594445053699154,7.589669548760654,0.7580492298690705,49.999546481739884,0.0,0.0
Academic,D2,fixed 25 mW,cov,,literature,average-based 0.25x [top],True,24.523653025692102,1552.8580528419889,0.0,7.425363030009469,7.589669548760654,0.8065201345143123,51.09693663056659,1.740740740740741,0.7407407407407408
Academic,D2,fixed 25 mW,cov,,rl_estimate,tau q95 alpha 0.5 cap 4 top,True,24.79226496605487,1551.0496140982223,0.0,7.565004238018706,7.589669548760654,0.8143351155514468,51.02152707733833,2.04320987654321,0.675925925925926
Academic,D2,fixed 25 mW,cov,,ceiling,perfect prediction (100% of extra tile budget),True,29.7387013387986,1669.9251389762164,0.0,7.998790985062803,7.589669548760654,0.979825418414197,54.974864445943254,2.9722222222222223,2.9722222222222223
Academic,D3,power budget,cov,2.4401825530940737,trivial,predicted viewport only,True,23.066928166351175,1519.5279363735563,0.0,6.594445053699154,1.9714394076042292,0.7580492298690705,49.999546481739884,0.0,0.0
Academic,D3,power budget,cov,2.4401825530940737,literature,average-based 0.25x [pmin],True,24.523653025692102,1552.8580528419889,0.0,7.425363030009469,2.1976866911933177,0.8065201345143123,51.09693663056659,1.740740740740741,0.7407407407407408
Academic,D3,power budget,cov,2.4401825530940737,rl_estimate,tau q95 alpha 0.7 cap 2 pmin,True,24.79226496605487,1551.0496140982223,0.0,7.612226385335017,2.2562417865776863,0.8143351155514468,51.02152707733833,2.1265432098765427,0.675925925925926
Academic,D3,power budget,cov,2.4401825530940737,ceiling,perfect prediction (100% of extra tile budget),True,29.7387013387986,1669.9251389762164,0.0,7.998790985062803,2.3587990905915652,0.979825418414197,54.974864445943254,2.9722222222222223,2.9722222222222223
Academic,D4,PSNR objective,psnr,,trivial,predicted viewport only,True,23.066928166351175,1519.5279363735563,0.0,6.594445053699154,15.179339097521307,0.7580492298690705,49.999546481739884,0.0,0.0
Academic,D4,PSNR objective,psnr,,literature,average-based 0.25x [top],True,24.523653025692102,1552.8580528419889,0.0,7.425363030009469,15.179339097521307,0.8065201345143123,51.09693663056659,1.740740740740741,0.7407407407407408
Academic,D4,PSNR objective,psnr,,rl_estimate,tau q95 alpha 0.5 cap 4 top,True,24.61489687563967,1551.1996543414348,0.0,7.578744273174091,15.179339097521307,0.8093061060752699,51.038653599531706,2.0771604938271597,0.6203703703703706
Academic,D4,PSNR objective,psnr,,rl_estimate_no_content,tau q95 alpha 0.5 cap 4 top,True,24.79226496605487,1551.0496140982223,0.0,7.578841043574262,15.179339097521307,0.8143351155514468,51.02152707733833,2.0679012345679006,0.675925925925926
Academic,D4,PSNR objective,psnr,,ceiling,perfect prediction (100% of extra tile budget),True,29.362617378605066,1678.5550386066936,0.0,7.998954080855938,15.179339097521307,0.9678643024304439,55.27871760099779,2.9907407407407414,2.9907407407407414
Academic,D5,PSNR + fixed 25 mW,psnr,,trivial,predicted viewport only,True,23.066928166351175,1519.5279363735563,0.0,6.594445053699154,7.589669548760654,0.7580492298690705,49.999546481739884,0.0,0.0
Academic,D5,PSNR + fixed 25 mW,psnr,,literature,average-based 0.25x [top],True,24.523653025692102,1552.8580528419889,0.0,7.425363030009469,7.589669548760654,0.8065201345143123,51.09693663056659,1.740740740740741,0.7407407407407408
Academic,D5,PSNR + fixed 25 mW,psnr,,rl_estimate,tau q95 alpha 0.7 cap 4 top,True,24.61489687563967,1551.1996543414348,0.0,7.603049828729646,7.589669548760654,0.8093061060752699,51.038653599531706,2.1203703703703694,0.6203703703703706
Academic,D5,PSNR + fixed 25 mW,psnr,,rl_estimate_no_content,tau q95 alpha 0.5 cap 4 top,True,24.79226496605487,1551.0496140982223,0.0,7.565004238018706,7.589669548760654,0.8143351155514468,51.02152707733833,2.04320987654321,0.675925925925926
Academic,D5,PSNR + fixed 25 mW,psnr,,ceiling,perfect prediction (100% of extra tile budget),True,29.362617378605066,1678.5550386066936,0.0,7.998954080855938,7.589669548760654,0.9678643024304439,55.27871760099779,2.9907407407407414,2.9907407407407414
Academic,D6,PSNR + power budget,psnr,2.4401825530940737,trivial,predicted viewport only,True,23.066928166351175,1519.5279363735563,0.0,6.594445053699154,1.9714394076042292,0.7580492298690705,49.999546481739884,0.0,0.0
Academic,D6,PSNR + power budget,psnr,2.4401825530940737,literature,average-based 0.25x [pmin],True,24.523653025692102,1552.8580528419889,0.0,7.425363030009469,2.1976866911933177,0.8065201345143123,51.09693663056659,1.740740740740741,0.7407407407407408
Academic,D6,PSNR + power budget,psnr,2.4401825530940737,rl_estimate,tau q95 alpha 0.7 cap 3 pmin,True,24.601047112019103,1551.0796658302809,0.0,7.603247077216251,2.2803887432386127,0.8088720782974921,51.03489336590738,2.12037037037037,0.6172839506172841
Academic,D6,PSNR + power budget,psnr,2.4401825530940737,rl_estimate_no_content,tau q95 alpha 0.7 cap 2 pmin,True,24.79226496605487,1551.0496140982223,0.0,7.612226385335017,2.2562417865776863,0.8143351155514468,51.02152707733833,2.1265432098765427,0.675925925925926
Academic,D6,PSNR + power budget,psnr,2.4401825530940737,ceiling,perfect prediction (100% of extra tile budget),True,29.362617378605066,1678.5550386066936,0.0,7.998954080855938,2.381017301358796,0.9678643024304439,55.27871760099779,2.9907407407407414,2.9907407407407414
SouthGate,D0,"current (coverage, 50 mW, tiles 8)",cov,,trivial,predicted viewport only,True,25.18254592175713,1543.3088744699974,0.0,6.7417841792632265,15.179339097521307,0.8383673385265767,51.00232558031892,0.0,0.0
SouthGate,D0,"current (coverage, 50 mW, tiles 8)",cov,,literature,average-based 0.25x [top],True,26.4775362132265,1588.5882132319011,0.0,7.467475877802973,15.179339097521307,0.8807509261222314,52.48491867627679,1.5277777777777781,0.8518518518518519
SouthGate,D0,"current (coverage, 50 mW, tiles 8)",cov,,rl_estimate,tau q98 alpha 0.5 cap 4 top,True,26.17521774782577,1564.4882640443777,0.0,7.196469139260894,15.179339097521307,0.8703713700249447,51.684102327993564,0.9537037037037037,0.425925925925926
SouthGate,D0,"current (coverage, 50 mW, tiles 8)",cov,,ceiling,perfect prediction (100% of extra tile budget),True,30.2953156349016,1692.5105537810448,0.0,7.998972027648629,15.179339097521307,0.9978871831156635,55.733288420514896,2.5462962962962967,2.5462962962962967
SouthGate,D1,tile budget 7.5,cov,,trivial,predicted viewport only,True,25.18254592175713,1543.3088744699974,0.0,6.7417841792632265,15.179339097521307,0.8383673385265767,51.00232558031892,0.0,0.0
SouthGate,D1,tile budget 7.5,cov,,literature,predicted viewport only [top],True,25.18254592175713,1543.3088744699974,0.0,6.7417841792632265,15.179339097521307,0.8383673385265767,51.00232558031892,0.0,0.0
SouthGate,D1,tile budget 7.5,cov,,ceiling,perfect prediction (100% of extra tile budget),True,29.554508205327366,1632.5377944126622,0.0,7.497598528243685,15.179339097521307,0.9739435459084389,53.796657562810815,1.5092592592592593,1.5092592592592593
SouthGate,D2,fixed 25 mW,cov,,trivial,predicted viewport only,True,25.18254592175713,1543.3088744699974,0.0,6.7417841792632265,7.589669548760654,0.8383673385265767,51.00232558031892,0.0,0.0
SouthGate,D2,fixed 25 mW,cov,,literature,average-based 0.25x [top],True,26.4775362132265,1588.5882132319011,0.0,7.467475877802973,7.589669548760654,0.8807509261222314,52.48491867627679,1.5277777777777781,0.8518518518518519
SouthGate,D2,fixed 25 mW,cov,,rl_estimate,tau q98 alpha 0.5 cap 4 top,True,26.17521774782577,1564.4882640443777,0.0,7.192996917038672,7.589669548760654,0.8703713700249447,51.684102327993564,0.947530864197531,0.425925925925926
SouthGate,D2,fixed 25 mW,cov,,ceiling,perfect prediction (100% of extra tile budget),True,30.2953156349016,1692.5105537810448,0.0,7.998972027648629,7.589669548760654,0.9978871831156635,55.733288420514896,2.5462962962962967,2.5462962962962967
SouthGate,D3,power budget,cov,3.018817724661237,trivial,predicted viewport only,True,25.18254592175713,1543.3088744699974,0.0,6.7417841792632265,2.425905674191346,0.8383673385265767,51.00232558031892,0.0,0.0
SouthGate,D3,power budget,cov,3.018817724661237,literature,"threshold (10 s), margin 0.5x [pmin]",True,26.19948754127471,1579.353844735314,0.0,7.5891802669316695,2.6906797617908373,0.8717455174443824,52.20299407888693,1.8209876543209877,0.7160493827160493
SouthGate,D3,power budget,cov,3.018817724661237,rl_estimate,tau q95 alpha 0.5 cap 4 pmin,True,26.837182822583998,1578.8620845627981,0.0,7.663075345473967,2.718156827816169,0.8905981009215626,52.13872248540106,1.932098765432099,0.6882716049382717
SouthGate,D3,power budget,cov,3.018817724661237,ceiling,perfect prediction (100% of extra tile budget),True,30.2953156349016,1692.5105537810448,0.0,7.998972027648629,2.8333848375329374,0.9978871831156635,55.733288420514896,2.5462962962962967,2.5462962962962967
SouthGate,D4,PSNR objective,psnr,,trivial,predicted viewport only,True,25.18254592175713,1543.3088744699974,0.0,6.7417841792632265,15.179339097521307,0.8383673385265767,51.00232558031892,0.0,0.0
SouthGate,D4,PSNR objective,psnr,,literature,average-based 0.25x [top],True,26.4775362132265,1588.5882132319011,0.0,7.467475877802973,15.179339097521307,0.8807509261222314,52.48491867627679,1.5277777777777781,0.8518518518518519
SouthGate,D4,PSNR objective,psnr,,rl_estimate,tau q98 alpha 0.5 cap 4 top,True,25.69847830420827,1559.5427724190904,0.0,7.193955362261399,15.179339097521307,0.8553332861992812,51.537776460059995,0.9753086419753088,0.2962962962962964
SouthGate,D4,PSNR objective,psnr,,rl_estimate_no_content,tau q98 alpha 0.5 cap 4 top,True,26.17521774782577,1564.4882640443777,0.0,7.196469139260894,15.179339097521307,0.8703713700249447,51.684102327993564,0.9537037037037037,0.425925925925926
SouthGate,D4,PSNR objective,psnr,,ceiling,perfect prediction (100% of extra tile budget),True,30.089761991572484,1700.4630857994184,0.0,7.9995709784994,15.179339097521307,0.991493661483934,55.99800965422936,2.564814814814815,2.564814814814815
SouthGate,D5,PSNR + fixed 25 mW,psnr,,trivial,predicted viewport only,True,25.18254592175713,1543.3088744699974,0.0,6.7417841792632265,7.589669548760654,0.8383673385265767,51.00232558031892,0.0,0.0
SouthGate,D5,PSNR + fixed 25 mW,psnr,,literature,average-based 0.25x [top],True,26.4775362132265,1588.5882132319011,0.0,7.467475877802973,7.589669548760654,0.8807509261222314,52.48491867627679,1.5277777777777781,0.8518518518518519
SouthGate,D5,PSNR + fixed 25 mW,psnr,,rl_estimate,tau q98 alpha 0.5 cap 4 top,True,25.69847830420827,1559.5427724190904,0.0,7.192219251150288,7.589669548760654,0.8553332861992812,51.537776460059995,0.9722222222222222,0.2962962962962964
SouthGate,D5,PSNR + fixed 25 mW,psnr,,rl_estimate_no_content,tau q98 alpha 0.5 cap 4 top,True,26.17521774782577,1564.4882640443777,0.0,7.192996917038672,7.589669548760654,0.8703713700249447,51.684102327993564,0.947530864197531,0.425925925925926
SouthGate,D5,PSNR + fixed 25 mW,psnr,,ceiling,perfect prediction (100% of extra tile budget),True,30.089761991572484,1700.4630857994184,0.0,7.9995709784994,7.589669548760654,0.991493661483934,55.99800965422936,2.564814814814815,2.564814814814815
SouthGate,D6,PSNR + power budget,psnr,3.018817724661237,trivial,predicted viewport only,True,25.18254592175713,1543.3088744699974,0.0,6.7417841792632265,2.425905674191346,0.8383673385265767,51.00232558031892,0.0,0.0
SouthGate,D6,PSNR + power budget,psnr,3.018817724661237,literature,"threshold (10 s), margin 0.5x [pmin]",True,26.19948754127471,1579.353844735314,0.0,7.5891802669316695,2.6906797617908373,0.8717455174443824,52.20299407888693,1.8209876543209877,0.7160493827160493
SouthGate,D6,PSNR + power budget,psnr,3.018817724661237,rl_estimate,tau q95 alpha 0.5 cap 3 buf:0.3,True,26.63620120649498,1583.3091180800095,0.0,7.610236118606652,2.9360399590401887,0.8849837709656047,52.30741001387397,1.8456790123456785,0.6790123456790125
SouthGate,D6,PSNR + power budget,psnr,3.018817724661237,rl_estimate_no_content,tau q95 alpha 0.5 cap 4 pmin,True,26.837182822583998,1578.8620845627981,0.0,7.663075345473967,2.718156827816169,0.8905981009215626,52.13872248540106,1.932098765432099,0.6882716049382717
SouthGate,D6,PSNR + power budget,psnr,3.018817724661237,ceiling,perfect prediction (100% of extra tile budget),True,30.089761991572484,1700.4630857994184,0.0,7.9995709784994,2.883092279923216,0.991493661483934,55.99800965422936,2.564814814814815,2.564814814814815
StudyRoom,D0,"current (coverage, 50 mW, tiles 8)",cov,,trivial,predicted viewport only,True,23.072673146480057,1557.2179262502132,0.0,6.454324697775542,15.179339097521307,0.7637056121855549,51.37474768101633,0.0,0.0
StudyRoom,D0,"current (coverage, 50 mW, tiles 8)",cov,,literature,average-based 0.25x [top],True,24.043466569704123,1579.547807958878,0.0,7.3010818936171535,15.179339097521307,0.7977807758023165,52.13818466124005,1.7870370370370372,0.7500000000000001
StudyRoom,D0,"current (coverage, 50 mW, tiles 8)",cov,,rl_estimate,tau q98 alpha 0.5 cap 4 top,True,23.8187992940351,1575.4927860645394,0.0,6.894701653818486,15.179339097521307,0.7897324974804557,51.994958904253785,0.9444444444444444,0.37037037037037046
StudyRoom,D0,"current (coverage, 50 mW, tiles 8)",cov,,ceiling,perfect prediction (100% of extra tile budget),True,30.235678155274147,1696.7362606105953,0.0,7.995629888416981,15.179339097521307,0.9958821353984307,55.891895027191815,3.185185185185185,3.185185185185185
StudyRoom,D1,tile budget 7.5,cov,,trivial,predicted viewport only,True,23.072673146480057,1557.2179262502132,0.0,6.454324697775542,15.179339097521307,0.7637056121855549,51.37474768101633,0.0,0.0
StudyRoom,D1,tile budget 7.5,cov,,literature,predicted viewport only [top],True,23.072673146480057,1557.2179262502132,0.0,6.454324697775542,15.179339097521307,0.7637056121855549,51.37474768101633,0.0,0.0
StudyRoom,D1,tile budget 7.5,cov,,rl_estimate,tau q98 alpha 0.5 cap 4 top,True,23.8187992940351,1575.4927860645394,0.0,6.894701653818486,15.179339097521307,0.7897324974804557,51.994958904253785,0.9444444444444444,0.37037037037037046
StudyRoom,D1,tile budget 7.5,cov,,ceiling,perfect prediction (100% of extra tile budget),True,29.415857885953283,1666.6699589274021,0.0,7.496501858147003,15.179339097521307,0.9692702359999176,54.918649039663116,2.148148148148148,2.148148148148148
StudyRoom,D2,fixed 25 mW,cov,,trivial,predicted viewport only,True,23.072673146480057,1557.2179262502132,0.0,6.454324697775542,7.589669548760654,0.7637056121855549,51.37474768101633,0.0,0.0
StudyRoom,D2,fixed 25 mW,cov,,literature,average-based 0.25x [top],True,24.043466569704123,1579.547807958878,0.0,7.3010818936171535,7.589669548760654,0.7977807758023165,52.13818466124005,1.7870370370370372,0.7500000000000001
StudyRoom,D2,fixed 25 mW,cov,,rl_estimate,tau q98 alpha 0.5 cap 4 top,True,23.8187992940351,1575.4927860645394,0.0,6.894701653818486,7.589669548760654,0.7897324974804557,51.994958904253785,0.9444444444444444,0.37037037037037046
StudyRoom,D2,fixed 25 mW,cov,,ceiling,perfect prediction (100% of extra tile budget),True,30.235678155274147,1696.7362606105953,0.0,7.995629888416981,7.589669548760654,0.9958821353984307,55.891895027191815,3.185185185185185,3.185185185185185
StudyRoom,D3,power budget,cov,2.689829167744265,trivial,predicted viewport only,True,23.072673146480057,1557.2179262502132,0.0,6.454324697775542,2.145503691413516,0.7637056121855549,51.37474768101633,0.0,0.0
StudyRoom,D3,power budget,cov,2.689829167744265,literature,average-based 0.25x [pmin],True,24.043466569704123,1579.547807958878,0.0,7.3010818936171535,2.4461818004274263,0.7977807758023165,52.13818466124005,1.7870370370370372,0.7500000000000001
StudyRoom,D3,power budget,cov,2.689829167744265,rl_estimate,tau q95 alpha 0.5 cap 2 buf:0.3,True,24.777864685006076,1595.9073136868365,0.0,7.4884571713290775,2.494264007462734,0.8199827151656568,52.649322244772094,2.1882716049382713,0.7839506172839508
StudyRoom,D3,power budget,cov,2.689829167744265,ceiling,perfect prediction (100% of extra tile budget),True,30.235678155274147,1696.7362606105953,0.0,7.995629888416981,2.642595183211122,0.9958821353984307,55.891895027191815,3.185185185185185,3.185185185185185
StudyRoom,D4,PSNR objective,psnr,,trivial,predicted viewport only,True,23.072673146480057,1557.2179262502132,0.0,6.454324697775542,15.179339097521307,0.7637056121855549,51.37474768101633,0.0,0.0
StudyRoom,D4,PSNR objective,psnr,,literature,average-based 0.25x [top],True,24.043466569704123,1579.547807958878,0.0,7.3010818936171535,15.179339097521307,0.7977807758023165,52.13818466124005,1.7870370370370372,0.7500000000000001
StudyRoom,D4,PSNR objective,psnr,,rl_estimate,tau q98 alpha 0.5 cap 4 top,True,23.89871916559296,1579.4206224686397,0.0,6.983649831948351,15.179339097521307,0.791099501143645,52.09615930862802,1.1296296296296298,0.37962962962962965
StudyRoom,D4,PSNR objective,psnr,,rl_estimate_no_content,tau q98 alpha 0.5 cap 4 top,True,23.8187992940351,1575.4927860645394,0.0,6.894701653818486,15.179339097521307,0.7897324974804557,51.994958904253785,0.9444444444444444,0.37037037037037046
StudyRoom,D4,PSNR objective,psnr,,ceiling,perfect prediction (100% of extra tile budget),True,30.15872210739538,1698.2115054775802,0.0,7.998504377132646,15.179339097521307,0.9933755809420235,55.94178098182621,3.1944444444444446,3.1944444444444446
StudyRoom,D5,PSNR + fixed 25 mW,psnr,,trivial,predicted viewport only,True,23.072673146480057,1557.2179262502132,0.0,6.454324697775542,7.589669548760654,0.7637056121855549,51.37474768101633,0.0,0.0
StudyRoom,D5,PSNR + fixed 25 mW,psnr,,literature,average-based 0.25x [top],True,24.043466569704123,1579.547807958878,0.0,7.3010818936171535,7.589669548760654,0.7977807758023165,52.13818466124005,1.7870370370370372,0.7500000000000001
StudyRoom,D5,PSNR + fixed 25 mW,psnr,,rl_estimate,tau q98 alpha 0.5 cap 4 top,True,23.89871916559296,1579.4206224686397,0.0,6.983649831948351,7.589669548760654,0.791099501143645,52.09615930862802,1.1296296296296298,0.37962962962962965
StudyRoom,D5,PSNR + fixed 25 mW,psnr,,rl_estimate_no_content,tau q98 alpha 0.5 cap 4 top,True,23.8187992940351,1575.4927860645394,0.0,6.894701653818486,7.589669548760654,0.7897324974804557,51.994958904253785,0.9444444444444444,0.37037037037037046
StudyRoom,D5,PSNR + fixed 25 mW,psnr,,ceiling,perfect prediction (100% of extra tile budget),True,30.15872210739538,1698.2115054775802,0.0,7.998504377132646,7.589669548760654,0.9933755809420235,55.94178098182621,3.1944444444444446,3.1944444444444446
StudyRoom,D6,PSNR + power budget,psnr,2.689829167744265,trivial,predicted viewport only,True,23.072673146480057,1557.2179262502132,0.0,6.454324697775542,2.145503691413516,0.7637056121855549,51.37474768101633,0.0,0.0
StudyRoom,D6,PSNR + power budget,psnr,2.689829167744265,literature,average-based 0.25x [pmin],True,24.043466569704123,1579.547807958878,0.0,7.3010818936171535,2.4461818004274263,0.7977807758023165,52.13818466124005,1.7870370370370372,0.7500000000000001
StudyRoom,D6,PSNR + power budget,psnr,2.689829167744265,rl_estimate,tau q95 alpha 0.5 cap 4 buf:0.3,True,24.667921019778973,1597.5225019434615,0.0,7.552486061457525,2.542394168350222,0.8158786626690603,52.678451230361006,2.3240740740740744,0.6913580246913581
StudyRoom,D6,PSNR + power budget,psnr,2.689829167744265,rl_estimate_no_content,tau q95 alpha 0.5 cap 2 buf:0.3,True,24.777864685006076,1595.9073136868365,0.0,7.4884571713290775,2.494264007462734,0.8199827151656568,52.649322244772094,2.1882716049382713,0.7839506172839508
StudyRoom,D6,PSNR + power budget,psnr,2.689829167744265,ceiling,perfect prediction (100% of extra tile budget),True,30.15872210739538,1698.2115054775802,0.0,7.998504377132646,2.655633429458897,0.9933755809420235,55.94178098182621,3.1944444444444446,3.1944444444444446
