video,design,method,choice,held_feasible,J_cov,J_psnr,J_D,J_B,J_P,cov,psnr,extra,useful
Runner,D0,literature_fine,average-based 0.35x,True,26.233488765186475,1595.8499169923386,0.11054450281880307,7.621775829802816,15.179339097521307,0.8641674363505217,52.56148062329814,2.064814814814815,0.6666666666666666
Runner,D1,literature_fine,average-based 0.2x,True,25.839119453993344,1584.9764826171458,0.002924160489762542,7.175258392078724,15.179339097521307,0.850779426188025,52.194299427484886,1.101851851851852,0.34259259259259256
Runner,D2,literature_fine,average-based 0.35x,False,26.233488765186475,1595.8499169923386,0.47619251215446223,7.621775829802816,7.589669548760654,0.8641674363505217,52.56148062329814,2.064814814814815,0.6666666666666666
GateNight,D0,literature_fine,"threshold (10 s), margin 0.35x",True,22.655642678726092,1580.3158576342312,0.015676201866121363,7.661739657109298,15.179339097521307,0.7440603948024139,52.0466301221978,2.2962962962962963,0.8333333333333335
GateNight,D1,literature_fine,average-based 0.15x,True,22.020573741315697,1571.3458131591033,0.002610828836738336,7.104707361308908,15.179339097521307,0.7217996615941642,51.73184557227108,1.0486111111111112,0.3888888888888888
GateNight,D2,literature_fine,"threshold (10 s), margin 0.25x",True,22.444806143142785,1577.1728092994754,0.1057094251899716,7.303679798077876,7.589669548760654,0.7371891617690239,51.95262875219863,1.5324074074074074,0.6527777777777778
Bridge,D0,literature_fine,"threshold (10 s), margin 0.5x",True,24.809712412928825,1609.8797482272657,0.1357210352390638,7.494562078294068,15.179339097521307,0.8197461154402009,53.08595120551128,1.7685185185185186,0.574074074074074
Bridge,D1,literature_fine,"threshold (10 s), margin 0.15x",True,24.266105562875456,1602.4323157298707,0.0015328998904643248,7.023226027110909,15.179339097521307,0.8022207615262779,52.83895116249694,0.7808641975308643,0.2993827160493827
Bridge,D2,literature_fine,"threshold (10 s), margin 0.1x",True,24.119036129180127,1600.7402906363866,0.07122473506790926,6.916345033334348,7.589669548760654,0.7977442414882591,52.78789106489516,0.5709876543209877,0.25
SiyuanGate,D0,literature_fine,average-based 0.25x,True,24.393914255671042,1586.1806196752332,0.0,7.385706118510942,15.179339097521307,0.8038082981919403,52.23324426974639,1.8981481481481484,0.6203703703703703
SiyuanGate,D1,literature_fine,average-based 0.1x,True,23.683613379352487,1571.2010911197012,0.0,6.689812760781385,15.179339097521307,0.7799386950389877,51.7365486141714,0.4444444444444444,0.16666666666666663
SiyuanGate,D2,literature_fine,average-based 0.25x,True,24.393914255671042,1586.1806196752332,0.0,7.385706118510942,7.589669548760654,0.8038082981919403,52.23324426974639,1.8981481481481484,0.6203703703703703
Academic,D0,literature_fine,average-based 0.25x,True,24.523653025692102,1552.8580528419889,0.0,7.425363030009469,15.179339097521307,0.8065201345143123,51.09693663056659,1.740740740740741,0.7407407407407408
Academic,D1,literature_fine,average-based 0.15x,True,23.876311558143655,1539.4741236096277,0.0,7.044769718467728,15.179339097521307,0.7844757200869974,50.65221379710234,0.9351851851851851,0.4259259259259259
Academic,D2,literature_fine,average-based 0.25x,True,24.523653025692102,1552.8580528419889,0.0,7.425363030009469,7.589669548760654,0.8065201345143123,51.09693663056659,1.740740740740741,0.7407407407407408
SouthGate,D0,literature_fine,"threshold (10 s), margin 0.35x",True,26.76729885203718,1595.1221882482043,0.0,7.717163034369353,15.179339097521307,0.8892090461067992,52.67903195353477,2.0462962962962963,0.9814814814814815
SouthGate,D1,literature_fine,average-based 0.15x,True,26.08201326211145,1579.7910296160674,0.0,7.1958210460063725,15.179339097521307,0.8680801483606921,52.19807888903868,0.9814814814814815,0.6296296296296295
SouthGate,D2,literature_fine,"threshold (10 s), margin 0.35x",True,26.76729885203718,1595.1221882482043,0.0,7.717163034369353,7.589669548760654,0.8892090461067992,52.67903195353477,2.0462962962962963,0.9814814814814815
StudyRoom,D0,literature_fine,average-based 0.25x,True,24.043466569704123,1579.547807958878,0.0,7.3010818936171535,15.179339097521307,0.7977807758023165,52.13818466124005,1.7870370370370372,0.7500000000000001
StudyRoom,D1,literature_fine,average-based 0.15x,True,23.898101341572342,1576.1028762442074,0.0,6.988619952511188,15.179339097521307,0.7931582231020594,52.0323376625291,1.1296296296296298,0.5648148148148148
StudyRoom,D2,literature_fine,average-based 0.25x,True,24.043466569704123,1579.547807958878,0.0,7.3010818936171535,7.589669548760654,0.7977807758023165,52.13818466124005,1.7870370370370372,0.7500000000000001
