video,design,method,held_feasible,J_cov,J_psnr,J_D,J_B,J_P,cov,psnr,extra,useful
Runner,D0,rl_estimate,True,26.787349080369435,1608.1955721622953,0.0,7.590329431001347,15.179339097521307,0.882499141439745,52.9715086262784,1.993827160493827,0.6666666666666666
Runner,D0,rl_estimate_motion,True,27.238616786468658,1620.961379957912,0.0,7.680170739532089,15.179339097521307,0.897273773608032,53.40218934709354,2.2253086419753085,0.9506172839506173
Runner,D1,rl_estimate,True,26.146936778203944,1593.5952127376775,0.0,7.076703969819713,15.179339097521307,0.8613502809728374,52.48724394949451,0.9074074074074076,0.3425925925925926
Runner,D1,rl_estimate_motion,True,26.60334768743736,1606.2721003222255,0.0,7.2497910627372635,15.179339097521307,0.8752671973717944,52.89467750889444,1.2746913580246915,0.5925925925925926
Runner,D2,rl_estimate,True,26.666385424932088,1605.1132480079864,0.07940402107160009,7.517920816013761,7.589669548760654,0.8783447467252389,52.86474714886247,1.8333333333333333,0.6234567901234569
Runner,D2,rl_estimate_motion,True,26.972994617532095,1612.166640531231,0.036340795611404964,7.592834885666812,7.589669548760654,0.8872231344891719,53.08766165574799,1.987654320987654,0.7777777777777779
GateNight,D0,rl_estimate,True,23.331540629149952,1588.7676429633623,0.014411544322350209,7.669739963827046,15.179339097521307,0.7652120356010688,52.311441566161726,2.2777777777777777,0.8680555555555557
GateNight,D0,rl_estimate_motion,True,23.053147325175598,1587.3843997792121,0.0028847762023338093,7.480373127596675,15.179339097521307,0.7562516509733447,52.259239563713884,1.8796296296296295,0.789351851851852
GateNight,D1,rl_estimate,True,22.4278740818134,1577.0444237604172,0.002610828836738336,7.133625790321808,15.179339097521307,0.7359867456484911,51.9317425155517,1.152777777777778,0.46527777777777785
GateNight,D1,rl_estimate_motion,True,22.183278559683444,1574.4015122162873,0.002610828836738336,6.938071041321365,15.179339097521307,0.7269535513926982,51.82573834655262,0.7222222222222222,0.35416666666666674
GateNight,D2,rl_estimate,True,22.47901886918244,1575.336197232992,0.11047242710738454,7.498921622184626,7.589669548760654,0.7370015072551314,51.86993554647112,1.9513888888888886,0.5393518518518519
GateNight,D2,rl_estimate_motion,True,22.63552203775717,1579.158903994197,0.09919330454413651,7.450280662590653,7.589669548760654,0.7425044854023395,51.99149631433638,1.837962962962963,0.5972222222222222
Bridge,D0,rl_estimate,True,25.248312844869417,1616.2406028951425,0.09644660546990241,7.390884116036913,15.179339097521307,0.8341912712517073,53.295692180080934,1.5277777777777777,0.5833333333333335
Bridge,D0,rl_estimate_motion,True,25.33066150459442,1616.6434103607853,0.12516658024435248,7.5332871358791635,15.179339097521307,0.8374762110441784,53.31744831264032,1.845679012345679,0.6790123456790125
Bridge,D1,rl_estimate,True,24.508263114582522,1606.214223849461,0.010172770108186333,7.084567603329608,15.179339097521307,0.8102740383632592,52.96540713815278,0.9012345679012346,0.308641975308642
Bridge,D1,rl_estimate_motion,True,24.718195393339236,1609.7306681200973,0.0,6.970405191613691,15.179339097521307,0.8172252318733414,53.084218045273346,0.6666666666666667,0.388888888888889
Bridge,D2,rl_estimate,True,24.47276864108805,1603.2401115768398,0.06609740266163389,7.115298423829687,7.589669548760654,0.8093528667146308,52.864401657897425,1.021604938271605,0.31172839506172845
Bridge,D2,rl_estimate_motion,True,24.604658288680408,1606.5492686332352,0.06596585960100304,6.963721211220528,7.589669548760654,0.8137617471599926,52.98176744217549,0.6604938271604939,0.3641975308641976
SiyuanGate,D0,rl_estimate,True,24.24464121870291,1580.9164075113117,0.0,6.924627903284619,15.179339097521307,0.7986676471033459,52.05869345716878,0.9351851851851851,0.34259259259259267
SiyuanGate,D0,rl_estimate_motion,True,25.414143478588905,1604.3692358759674,0.0,7.360913245116716,15.179339097521307,0.8360398559791142,52.802694582442335,1.833333333333333,0.8796296296296298
SiyuanGate,D1,rl_estimate_motion,True,24.65395892704335,1588.147387870654,0.0,6.85837110594977,15.179339097521307,0.8111987198275057,52.28174068476692,0.8055555555555557,0.5
SiyuanGate,D2,rl_estimate,True,24.24464121870291,1580.9164075113117,0.0,6.924627903284619,7.589669548760654,0.7986676471033459,52.05869345716878,0.9351851851851851,0.34259259259259267
SiyuanGate,D2,rl_estimate_motion,True,25.414143478588905,1604.3692358759674,0.0,7.360913245116716,7.589669548760654,0.8360398559791142,52.802694582442335,1.833333333333333,0.8796296296296298
Academic,D0,rl_estimate,True,24.697962887273967,1549.295314170975,0.0,7.5408607905995115,15.179339097521307,0.8114257133267039,50.96517256990196,1.9938271604938274,0.6481481481481483
Academic,D0,rl_estimate_motion,True,24.998036240654333,1554.7880649010767,0.0,7.429337212059293,15.179339097521307,0.8212873774453002,51.165283383351124,1.7592592592592593,0.8055555555555556
Academic,D1,rl_estimate,True,23.865276421618134,1533.8663123778506,0.0,7.019314540768983,15.179339097521307,0.7848343668866167,50.475970336478476,0.8981481481481483,0.3240740740740742
Academic,D1,rl_estimate_motion,True,24.135293144690134,1537.8342087270978,0.0,6.933243634423083,15.179339097521307,0.7926880616257344,50.59496740173889,0.7222222222222224,0.4074074074074074
Academic,D2,rl_estimate,True,24.697962887273967,1549.295314170975,0.0,7.527023985043957,7.589669548760654,0.8114257133267039,50.96517256990196,1.969135802469136,0.6481481481481483
Academic,D2,rl_estimate_motion,True,24.998036240654333,1554.7880649010767,0.0,7.425864989837071,7.589669548760654,0.8212873774453002,51.165283383351124,1.7530864197530864,0.8055555555555556
SouthGate,D0,rl_estimate,True,26.242129446534218,1564.679295557437,0.0,7.22483793925672,15.179339097521307,0.872479463196241,51.69846008978558,1.0185185185185186,0.4537037037037038
SouthGate,D0,rl_estimate_motion,True,26.587860760511457,1574.642794483081,0.0,7.549398830583572,15.179339097521307,0.88306595312063,52.033314122791836,1.6851851851851853,0.675925925925926
SouthGate,D1,rl_estimate_motion,True,26.017308135820027,1557.8103077550625,0.0,7.062998416836578,15.179339097521307,0.8649135273572056,51.473274913167955,0.6574074074074076,0.3055555555555556
SouthGate,D2,rl_estimate,True,26.242129446534218,1564.679295557437,0.0,7.221365717034498,7.589669548760654,0.872479463196241,51.69846008978558,1.0123456790123457,0.4537037037037038
SouthGate,D2,rl_estimate_motion,True,26.586231529386833,1574.028741822125,0.0,7.540821920861349,7.589669548760654,0.8830197778118568,52.015910777867965,1.6697530864197532,0.6666666666666666
StudyRoom,D0,rl_estimate,True,23.78926306957562,1575.1601663705412,0.0,6.885791662709931,15.179339097521307,0.788760709514638,51.98367163025307,0.9259259259259262,0.36111111111111116
StudyRoom,D0,rl_estimate_motion,True,24.759083236954996,1593.5187299744687,0.0,7.486661903799785,15.179339097521307,0.8195064316291621,52.55137234784589,2.1851851851851847,0.787037037037037
StudyRoom,D1,rl_estimate,True,23.78926306957562,1575.1601663705412,0.0,6.885791662709931,15.179339097521307,0.788760709514638,51.98367163025307,0.9259259259259262,0.36111111111111116
StudyRoom,D1,rl_estimate_motion,True,23.952771151344724,1579.0609120969068,0.0,6.874287727888228,15.179339097521307,0.7927399231003078,52.08031854257166,0.8888888888888891,0.4351851851851853
StudyRoom,D2,rl_estimate,True,23.78926306957562,1575.1601663705412,0.0,6.885791662709931,7.589669548760654,0.788760709514638,51.98367163025307,0.9259259259259262,0.36111111111111116
StudyRoom,D2,rl_estimate_motion,True,24.759083236954996,1593.5187299744687,0.0,7.486661903799785,7.589669548760654,0.8195064316291621,52.55137234784589,2.1851851851851847,0.787037037037037
