video,B_bar,method,choice,held_feasible,J_cov,J_psnr,J_D,J_B,J_P,cov,psnr,extra,useful
Runner,8.0,trivial,predicted viewport only,True,25.191205639356365,1570.990633556613,0.0,6.652864098934973,15.179339097521307,0.8294317664439022,51.74329914524756,0.0,0.0
Runner,8.0,literature,average-based 0.35x,True,26.233488765186475,1595.8499169923386,0.11054450281880307,7.621775829802816,15.179339097521307,0.8641674363505217,52.56148062329814,2.064814814814815,0.6666666666666666
Runner,8.0,RL est: own,beta 0.0 q95 a1.0,True,26.745576864516593,1607.0320938038435,0.0,7.576076580158447,15.179339097521307,0.8808908804443746,52.92921449302717,1.9567901234567902,0.6666666666666667
Runner,8.0,RL est: own+motion,beta 0.0 q90 a0.5,True,27.238616786468658,1620.961379957912,0.0,7.680170739532089,15.179339097521307,0.897273773608032,53.40218934709354,2.2253086419753085,0.9506172839506173
Runner,8.0,RL est: own+motion+popularity,beta 0.25 q90 a0.5,True,27.034956327296857,1616.2755669779062,0.0,7.785561445485982,15.179339097521307,0.8906422098079622,53.248952121735165,2.44753086419753,0.8148148148148149
Runner,10.0,trivial,predicted viewport only,True,25.191205639356365,1570.990633556613,0.0,6.652864098934973,15.179339097521307,0.8294317664439022,51.74329914524756,0.0,0.0
Runner,10.0,literature,"threshold, margin 1.0x",True,26.47400987414813,1603.0749327166163,0.03649340216875434,8.34105183417151,15.179339097521307,0.8725823410780663,52.81524098891883,3.5833333333333335,0.8919753086419754
Runner,10.0,RL est: own,beta 0.0 q50 a1.0,True,27.42109077564566,1621.5317268053118,0.0265861748417878,8.34883385615935,15.179339097521307,0.903140765803026,53.42019946529844,3.5679012345679006,1.0154320987654322
Runner,10.0,RL est: own+motion,beta 0.0 q75 a1.0,True,27.561567849144318,1625.8991070041216,0.031678212236990334,8.334707881069962,15.179339097521307,0.9071496631546858,53.54271256282656,3.558641975308642,1.101851851851852
Runner,10.0,RL est: own+motion+popularity,beta 0.25 q50 a1.0,True,27.569700720318142,1621.6795340264143,0.02426965718320086,8.312335201511525,15.179339097521307,0.9066631551924507,53.408538150619286,3.5030864197530858,1.0246913580246915
GateNight,8.0,trivial,predicted viewport only,True,21.490058631686363,1561.3155545255456,0.002610828836738336,6.598160044564594,15.179339097521307,0.704365790732299,51.40250714051982,0.0,0.0
GateNight,8.0,literature,"threshold, margin 0.35x",True,22.655642678726092,1580.3158576342312,0.015676201866121363,7.661739657109298,15.179339097521307,0.7440603948024139,52.0466301221978,2.2962962962962963,0.8333333333333335
GateNight,8.0,RL est: own,beta 0.0 q95 a1.0,True,23.334671442195727,1589.0781211162168,0.0150502130528788,7.67161839327953,15.179339097521307,0.7653020244588236,52.321704382888264,2.2824074074074074,0.8680555555555558
GateNight,8.0,RL est: own+motion,beta 0.0 q95 a1.0,True,23.053147325175598,1587.3843997792121,0.0028847762023338093,7.480373127596675,15.179339097521307,0.7562516509733447,52.259239563713884,1.8796296296296295,0.789351851851852
GateNight,8.0,RL est: own+motion+popularity,beta 0.25 q95 a1.0,True,23.099859578749363,1584.9730315128757,0.007224387469015826,7.36073722322213,15.179339097521307,0.7573246433774038,52.18224824292187,1.6134259259259258,0.701388888888889
GateNight,10.0,trivial,predicted viewport only,True,21.490058631686363,1561.3155545255456,0.002610828836738336,6.598160044564594,15.179339097521307,0.704365790732299,51.40250714051982,0.0,0.0
GateNight,10.0,literature,"threshold, margin 0.75x",True,22.954480962822615,1581.3193621341031,0.05967925186247527,7.864820903440006,15.179339097521307,0.7532852679171449,52.079127994449514,2.706018518518519,0.951388888888889
GateNight,10.0,RL est: own,beta 0.0 q50 a1.0,True,23.26889137620857,1586.3533678729848,0.08272402031273166,8.004513591539148,15.179339097521307,0.763184996378007,52.23181098985177,3.0092592592592595,0.8726851851851851
GateNight,10.0,RL est: own+motion,beta 0.0 q75 a1.0,True,23.2523577540949,1587.2308846842798,0.07452044673220741,7.946176446789136,15.179339097521307,0.7627346552754201,52.25522927384304,2.8773148148148144,0.861111111111111
GateNight,10.0,RL est: own+motion+popularity,beta 0.25 q75 a1.0,True,23.64033982567301,1590.3686971385796,0.08640866063725738,7.880119814155768,15.179339097521307,0.7758662233327951,52.36880671830772,2.7291666666666665,0.9675925925925927
Bridge,8.0,trivial,predicted viewport only,True,23.51004207281827,1593.4312757422815,0.0,6.652533800162607,15.179339097521307,0.777156679759864,52.53469180908515,0.0,0.0
Bridge,8.0,literature,"threshold, margin 0.5x",True,24.809712412928825,1609.8797482272657,0.1357210352390638,7.494562078294068,15.179339097521307,0.8197461154402009,53.08595120551128,1.7685185185185186,0.574074074074074
Bridge,8.0,RL est: own,beta 0.0 q95 a1.0,True,25.296374279793667,1616.9329615256615,0.10088385628179387,7.390894138660168,15.179339097521307,0.8357725968535682,53.31871600492113,1.5277777777777777,0.5925925925925928
Bridge,8.0,RL est: own+motion,beta 0.0 q90 a1.0,True,25.33066150459442,1616.6434103607853,0.12516658024435248,7.5332871358791635,15.179339097521307,0.8374762110441784,53.31744831264032,1.845679012345679,0.6790123456790125
Bridge,8.0,RL est: own+motion+popularity,beta 0.25 q50 a0.85,True,25.242507027814153,1615.3936563727636,0.010212576987922115,7.515020137634575,15.179339097521307,0.8336592286627359,53.26222610663277,1.845679012345679,0.5802469135802469
Bridge,10.0,trivial,predicted viewport only,True,23.51004207281827,1593.4312757422815,0.0,6.652533800162607,15.179339097521307,0.777156679759864,52.53469180908515,0.0,0.0
Bridge,10.0,literature,"threshold, margin 0.5x",True,24.809712412928825,1609.8797482272657,0.1357210352390638,7.494562078294068,15.179339097521307,0.8197461154402009,53.08595120551128,1.7685185185185186,0.574074074074074
Bridge,10.0,RL est: own,beta 0.0 q50 a1.0,True,25.291225317845758,1615.40158449959,0.1328411037813097,7.670405655990438,15.179339097521307,0.8358448522887787,53.26597732408381,2.166666666666667,0.6265432098765432
Bridge,10.0,RL est: own+motion,beta 0.0 q90 a1.0,True,25.33066150459442,1616.6434103607853,0.12516658024435248,7.5332871358791635,15.179339097521307,0.8374762110441784,53.31744831264032,1.845679012345679,0.6790123456790125
Bridge,10.0,RL est: own+motion+popularity,beta 0.25 q50 a1.0,True,25.298086472149578,1616.345180551658,0.13316026874219078,7.588468413682248,15.179339097521307,0.8349643800196135,53.28751174204507,1.9845679012345678,0.6049382716049383
SiyuanGate,8.0,trivial,predicted viewport only,True,23.3504153026736,1565.5317647707475,0.0,6.47301564287435,15.179339097521307,0.7688500554745328,51.541025330917506,0.0,0.0
SiyuanGate,8.0,literature,average-based 0.25x,True,24.393914255671042,1586.1806196752332,0.0,7.385706118510942,15.179339097521307,0.8038082981919403,52.23324426974639,1.8981481481481484,0.6203703703703703
SiyuanGate,8.0,RL est: own,beta 0.0 q98 a0.5,True,24.266020232892874,1581.394213507965,0.0,6.938629170655554,15.179339097521307,0.7993721566241985,52.0744387516324,0.9629629629629631,0.35185185185185186
SiyuanGate,8.0,RL est: own+motion,beta 0.0 q95 a0.5,True,25.414143478588905,1604.3692358759674,0.0,7.360913245116716,15.179339097521307,0.8360398559791142,52.802694582442335,1.833333333333333,0.8796296296296298
SiyuanGate,8.0,RL est: own+motion+popularity,beta 0.25 q98 a0.5,True,24.557771722186075,1585.9257547164134,0.0,6.840745649661137,15.179339097521307,0.8076394525833743,52.20203019471698,0.7592592592592595,0.425925925925926
SiyuanGate,10.0,trivial,predicted viewport only,True,23.3504153026736,1565.5317647707475,0.0,6.47301564287435,15.179339097521307,0.7688500554745328,51.541025330917506,0.0,0.0
SiyuanGate,10.0,literature,average-based 0.75x,True,26.349279084467607,1624.5434091373313,0.0,9.233101304564713,15.179339097521307,0.8677980075197895,53.5171776868428,5.74074074074074,1.7407407407407407
SiyuanGate,10.0,RL est: own,beta 0.0 q90 a0.5,True,26.645546720094316,1627.593468572955,0.0,8.606154769754795,15.179339097521307,0.8777212958548541,53.60344264949715,4.472222222222222,1.4999999999999998
SiyuanGate,10.0,RL est: own+motion,beta 0.0 q90 a0.5,True,26.483624987289414,1623.3095795692557,0.0,8.243378961293036,15.179339097521307,0.8715335571726538,53.4402736726687,3.6944444444444446,1.4259259259259256
SiyuanGate,10.0,RL est: own+motion+popularity,beta 0.25 q90 a0.5,True,26.07400218376163,1613.432755493232,0.0,8.305542111237308,15.179339097521307,0.8575770348809404,53.10110173907263,3.8796296296296293,1.1574074074074074
Academic,8.0,trivial,predicted viewport only,True,23.066928166351175,1519.5279363735563,0.0,6.594445053699154,15.179339097521307,0.7580492298690705,49.999546481739884,0.0,0.0
Academic,8.0,literature,average-based 0.25x,True,24.523653025692102,1552.8580528419889,0.0,7.425363030009469,15.179339097521307,0.8065201345143123,51.09693663056659,1.740740740740741,0.7407407407407408
Academic,8.0,RL est: own,beta 0.0 q95 a0.5,True,24.79226496605487,1551.0496140982223,0.0,7.578841043574262,15.179339097521307,0.8143351155514468,51.02152707733833,2.0679012345679006,0.675925925925926
Academic,8.0,RL est: own+motion,beta 0.0 q95 a0.5,True,24.998036240654333,1554.7880649010767,0.0,7.429337212059293,15.179339097521307,0.8212873774453002,51.165283383351124,1.7592592592592593,0.8055555555555556
Academic,8.0,RL est: own+motion+popularity,beta 0.25 q95 a0.7,True,25.09821149867277,1553.423359543416,0.0,7.466124627406247,15.179339097521307,0.8239901026745948,51.108178000338214,1.8703703703703702,0.7592592592592594
Academic,10.0,trivial,predicted viewport only,True,23.066928166351175,1519.5279363735563,0.0,6.594445053699154,15.179339097521307,0.7580492298690705,49.999546481739884,0.0,0.0
Academic,10.0,literature,average-based 0.75x,True,25.614721308164217,1582.3925225688572,0.0,8.906910452316058,15.179339097521307,0.8420734580040233,52.06657742397551,4.842592592592593,1.5000000000000002
Academic,10.0,RL est: own,beta 0.0 q90 a0.7,True,25.71722400797516,1570.838325328832,0.0,8.602440266143695,15.179339097521307,0.8461689719754328,51.69927237030438,4.231481481481482,1.1574074074074074
Academic,10.0,RL est: own+motion,beta 0.0 q90 a0.5,True,25.72804070063573,1570.1943986807316,0.0,8.21495068687434,15.179339097521307,0.8459757127070717,51.67831705070755,3.4259259259259256,1.175925925925926
Academic,10.0,RL est: own+motion+popularity,beta 0.25 q90 a0.7,True,25.973677364012936,1569.3204486386098,0.0,8.288583267486581,15.179339097521307,0.8528463155548202,51.63181945941606,3.6296296296296293,1.2685185185185186
SouthGate,8.0,trivial,predicted viewport only,True,25.18254592175713,1543.3088744699974,0.0,6.7417841792632265,15.179339097521307,0.8383673385265767,51.00232558031892,0.0,0.0
SouthGate,8.0,literature,"threshold, margin 0.35x",True,26.76729885203718,1595.1221882482043,0.0,7.717163034369353,15.179339097521307,0.8892090461067992,52.67903195353477,2.0462962962962963,0.9814814814814815
SouthGate,8.0,RL est: own,beta 0.0 q98 a0.5,True,26.17521774782577,1564.4882640443777,0.0,7.196469139260894,15.179339097521307,0.8703713700249447,51.684102327993564,0.9537037037037037,0.425925925925926
SouthGate,8.0,RL est: own+motion,beta 0.0 q95 a0.5,True,26.587860760511457,1574.642794483081,0.0,7.549398830583572,15.179339097521307,0.88306595312063,52.033314122791836,1.6851851851851853,0.675925925925926
SouthGate,8.0,RL est: own+motion+popularity,beta 0.5 q95 a0.5,True,26.551080826780208,1572.6878781045843,0.0,7.475226410842453,15.179339097521307,0.8821185688561406,51.96288114952167,1.5277777777777781,0.5648148148148149
SouthGate,10.0,trivial,predicted viewport only,True,25.18254592175713,1543.3088744699974,0.0,6.7417841792632265,15.179339097521307,0.8383673385265767,51.00232558031892,0.0,0.0
SouthGate,10.0,literature,average-based 0.75x,True,27.59983316899735,1618.8832408242072,0.005785508422495133,8.98348691673756,15.179339097521307,0.9154640054046388,53.467038032083416,4.703703703703705,1.4907407407407411
SouthGate,10.0,RL est: own,beta 0.0 q90 a0.7,True,27.441974120242012,1592.918530821962,0.0,8.797467796360394,15.179339097521307,0.9100578948845958,52.6141465189517,4.345679012345679,1.1111111111111114
SouthGate,10.0,RL est: own+motion,beta 0.0 q90 a0.5,True,27.239184980455505,1593.7307987668294,0.0,8.293607714015556,15.179339097521307,0.9033996408916989,52.65078535630464,3.24074074074074,1.1111111111111112
SouthGate,10.0,RL est: own+motion+popularity,beta 0.25 q90 a0.7,True,27.659346064628362,1594.8591983733559,0.0,8.389373833919723,15.179339097521307,0.9158092794165804,52.66817728449168,3.4259259259259256,1.1203703703703705
StudyRoom,8.0,trivial,predicted viewport only,True,23.072673146480057,1557.2179262502132,0.0,6.454324697775542,15.179339097521307,0.7637056121855549,51.37474768101633,0.0,0.0
StudyRoom,8.0,literature,average-based 0.25x,True,24.043466569704123,1579.547807958878,0.0,7.3010818936171535,15.179339097521307,0.7977807758023165,52.13818466124005,1.7870370370370372,0.7500000000000001
StudyRoom,8.0,RL est: own,beta 0.0 q98 a0.5,True,23.8187992940351,1575.4927860645394,0.0,6.894701653818486,15.179339097521307,0.7897324974804557,51.994958904253785,0.9444444444444444,0.37037037037037046
StudyRoom,8.0,RL est: own+motion,beta 0.0 q95 a0.5,True,24.759083236954996,1593.5187299744687,0.0,7.486661903799785,15.179339097521307,0.8195064316291621,52.55137234784589,2.1851851851851847,0.787037037037037
StudyRoom,8.0,RL est: own+motion+popularity,beta 0.25 q95 a0.5,True,24.977313697129762,1592.855344283786,0.0,7.559797924343091,15.179339097521307,0.8256725461074786,52.53744817011865,2.3395061728395063,0.7870370370370371
StudyRoom,10.0,trivial,predicted viewport only,True,23.072673146480057,1557.2179262502132,0.0,6.454324697775542,15.179339097521307,0.7637056121855549,51.37474768101633,0.0,0.0
StudyRoom,10.0,literature,average-based 0.75x,True,25.74154954191273,1621.050049027912,0.0,8.966553647035726,15.179339097521307,0.85349320483783,53.476000206724194,5.296296296296296,1.7592592592592595
StudyRoom,10.0,RL est: own,beta 0.0 q90 a0.5,True,25.863652284629318,1617.9999040453552,0.0,8.71768578465542,15.179339097521307,0.8549169663624977,53.34610529919304,4.787037037037037,1.4074074074074074
StudyRoom,10.0,RL est: own+motion,beta 0.0 q90 a0.5,True,25.997893076441073,1615.1231281496932,0.0,8.605301753102403,15.179339097521307,0.8586321140339902,53.23822956864898,4.537037037037036,1.4074074074074074
StudyRoom,10.0,RL est: own+motion+popularity,beta 0.25 q90 a0.5,True,26.409498035175844,1618.9497083038138,0.0,8.602254230269505,15.179339097521307,0.8714910614679616,53.37336430550885,4.552469135802468,1.3981481481481481
