video,outage_dB,B_bar,method,choice,held_feasible,J_cov,J_psnr,J_D,J_B,J_P,cov,psnr,extra,useful,bits,D_bar
Runner,0.0,8.0,trivial,predicted viewport only,True,25.191205639356376,1570.990633556612,0.0,6.652864098934975,15.179339097521302,0.8294317664439025,51.743299145247555,0.0,0.0,129073386.96296291,0.1
Runner,0.0,8.0,literature,average-based 0.35x,False,26.233488765186475,1595.8499169923389,0.11854907725214817,7.621775829802817,15.179339097521302,0.864167436350522,52.56148062329814,2.0648148148148158,0.6666666666666666,147519193.9259259,0.1
Runner,0.0,8.0,RL estimate,tau 0.0134 a 0.7 reserve 0.5,True,27.232542622425076,1621.2664013817723,0.0,7.659345668406536,15.179339097521302,0.8971244891929344,53.412373526884615,2.1842592592592593,0.9453703703703702,150152070.91111115,0.1
Runner,0.0,8.0,uniform (rate-matched),all 64 tiles at level 3,True,,,0.0,,,,49.946298816305465,,,56965324.44444445,0.1
Runner,0.0,10.0,trivial,predicted viewport only,True,25.191205639356376,1570.990633556612,0.0,6.652864098934975,15.179339097521302,0.8294317664439025,51.743299145247555,0.0,0.0,129073386.96296291,0.1
Runner,0.0,10.0,literature,"threshold, margin 1.0x",True,26.52835750719915,1604.2237038814926,0.03920151444942351,8.336008723512267,15.179339097521302,0.8741152174029166,52.849154038181304,3.57962962962963,0.9333333333333336,160524389.96296296,0.1
Runner,0.0,10.0,RL estimate,tau 0.0069 a 1.0 reserve 0.0,True,27.551206419070777,1626.0633429832405,0.037984757423483076,8.319574327095728,15.179339097521302,0.9069485763818125,53.550615763525606,3.5259259259259252,1.087962962962963,161672717.48148152,0.1
Runner,0.0,10.0,uniform (rate-matched),all 64 tiles at level 3,True,,,0.0,,,,49.946298816305465,,,56965324.44444445,0.1
Runner,10.0,8.0,trivial,predicted viewport only,True,25.191205639356376,1570.990633556612,0.010419831212459936,6.652864098934975,15.179339097521302,0.8294317664439025,51.743299145247555,0.0,0.0,129073386.96296291,0.1
Runner,10.0,8.0,literature,"threshold, margin 0.35x",True,26.105398404836397,1593.7085541816343,0.04302003005676888,7.4629263864798645,15.179339097521302,0.8600400084492874,52.49318523253789,1.7500000000000004,0.5814814814814814,144671831.70370373,0.1
Runner,10.0,8.0,RL estimate,tau 0.0134 a 0.7 reserve 0.0,True,26.990211672885458,1614.199768117157,0.0550930178095356,7.5998561866111505,15.179339097521302,0.8888879875300286,53.173723014232756,2.0212962962962964,0.8231481481481482,148458302.71111113,0.1
Runner,10.0,8.0,uniform (rate-matched),all 64 tiles at level 3,True,,,0.0,,,,49.946298816305465,,,56965324.44444445,0.1
Runner,10.0,10.0,trivial,predicted viewport only,True,25.191205639356376,1570.990633556612,0.010419831212459936,6.652864098934975,15.179339097521302,0.8294317664439025,51.743299145247555,0.0,0.0,129073386.96296291,0.1
Runner,10.0,10.0,literature,"threshold, margin 0.5x",True,26.582210419044202,1607.2317872621531,0.0867237584086286,7.656091954144122,15.179339097521302,0.8757844334729584,52.94632575522846,2.132407407407408,0.827777777777778,148331572.54814819,0.1
Runner,10.0,10.0,RL estimate,tau 0.0033 a 1.0 reserve 0.25,False,27.04535839281837,1612.8919494571876,0.13851693199113893,7.973575659786389,15.179339097521302,0.8906438800418836,53.12168785126024,2.793518518518518,0.8407407407407409,154352645.04444444,0.1
Runner,10.0,10.0,uniform (rate-matched),all 64 tiles at level 3,True,,,0.0,,,,49.946298816305465,,,56965324.44444445,0.1
Runner,12.5,8.0,trivial,predicted viewport only,True,25.191205639356376,1570.990633556612,0.054919602357145644,6.652864098934975,15.179339097521302,0.8294317664439025,51.743299145247555,0.0,0.0,129073386.96296291,0.1
Runner,12.5,8.0,literature,"threshold, margin 0.35x",False,26.068893896099574,1592.851957145605,0.11772263910715118,7.43717904519688,15.179339097521302,0.8587481397720678,52.465110901625245,1.6944444444444449,0.5537037037037036,144152389.95555556,0.1
Runner,12.5,8.0,RL estimate,tau 0.0134 a 0.7 reserve 0.0,False,26.898520584835413,1612.5166371445816,0.1326810556231641,7.558071178096508,15.179339097521302,0.8859925321332249,53.1195028608522,1.9333333333333331,0.7879629629629631,147573675.66666663,0.1
Runner,12.5,8.0,uniform (rate-matched),all 64 tiles at level 3,True,,,0.0,,,,49.946298816305465,,,56965324.44444445,0.1
Runner,12.5,10.0,trivial,predicted viewport only,True,25.191205639356376,1570.990633556612,0.054919602357145644,6.652864098934975,15.179339097521302,0.8294317664439025,51.743299145247555,0.0,0.0,129073386.96296291,0.1
Runner,12.5,10.0,literature,"threshold, margin 0.35x",False,26.068893896099574,1592.851957145605,0.11772263910715118,7.43717904519688,15.179339097521302,0.8587481397720678,52.465110901625245,1.6944444444444449,0.5537037037037036,144152389.95555556,0.1
Runner,12.5,10.0,RL estimate,tau 0.0033 a 0.7 reserve 0.0,False,26.917318815643572,1611.1237350467386,0.15529423038710977,7.826488279467454,15.179339097521302,0.886716359397051,53.06941685203629,2.5037037037037035,0.8018518518518519,151792712.42962965,0.1
Runner,12.5,10.0,uniform (rate-matched),all 64 tiles at level 3,True,,,0.0,,,,49.946298816305465,,,56965324.44444445,0.1
Runner,0.0,8.0,trivial,predicted viewport only,True,25.191205639356376,1570.990633556612,0.0,6.652864098934975,15.179339097521302,0.8294317664439025,51.743299145247555,0.0,0.0,129073386.96296291,0.15
Runner,0.0,8.0,literature,average-based 0.35x,True,26.233488765186475,1595.8499169923389,0.11854907725214817,7.621775829802817,15.179339097521302,0.864167436350522,52.56148062329814,2.0648148148148158,0.6666666666666666,147519193.9259259,0.15
Runner,0.0,8.0,RL estimate,tau 0.0134 a 0.7 reserve 0.5,True,27.232542622425076,1621.2664013817723,0.0,7.659345668406536,15.179339097521302,0.8971244891929344,53.412373526884615,2.1842592592592593,0.9453703703703702,150152070.91111115,0.15
Runner,0.0,8.0,uniform (rate-matched),all 64 tiles at level 3,True,,,0.0,,,,49.946298816305465,,,56965324.44444445,0.15
Runner,0.0,10.0,trivial,predicted viewport only,True,25.191205639356376,1570.990633556612,0.0,6.652864098934975,15.179339097521302,0.8294317664439025,51.743299145247555,0.0,0.0,129073386.96296291,0.15
Runner,0.0,10.0,literature,"threshold, margin 1.0x",True,26.52835750719915,1604.2237038814926,0.03920151444942351,8.336008723512267,15.179339097521302,0.8741152174029166,52.849154038181304,3.57962962962963,0.9333333333333336,160524389.96296296,0.15
Runner,0.0,10.0,RL estimate,tau 0.0069 a 1.0 reserve 0.0,True,27.551206419070777,1626.0633429832405,0.037984757423483076,8.319574327095728,15.179339097521302,0.9069485763818125,53.550615763525606,3.5259259259259252,1.087962962962963,161672717.48148152,0.15
Runner,0.0,10.0,uniform (rate-matched),all 64 tiles at level 3,True,,,0.0,,,,49.946298816305465,,,56965324.44444445,0.15
Runner,10.0,8.0,trivial,predicted viewport only,True,25.191205639356376,1570.990633556612,0.010419831212459936,6.652864098934975,15.179339097521302,0.8294317664439025,51.743299145247555,0.0,0.0,129073386.96296291,0.15
Runner,10.0,8.0,literature,average-based 0.35x,False,26.233488765186475,1595.8499169923389,0.4492884932857504,7.621775829802817,15.179339097521302,0.864167436350522,52.56148062329814,2.0648148148148158,0.6666666666666666,147519193.9259259,0.15
Runner,10.0,8.0,RL estimate,tau 0.0134 a 0.7 reserve 0.0,True,26.990211672885458,1614.199768117157,0.0550930178095356,7.5998561866111505,15.179339097521302,0.8888879875300286,53.173723014232756,2.0212962962962964,0.8231481481481482,148458302.71111113,0.15
Runner,10.0,8.0,uniform (rate-matched),all 64 tiles at level 3,True,,,0.0,,,,49.946298816305465,,,56965324.44444445,0.15
Runner,10.0,10.0,trivial,predicted viewport only,True,25.191205639356376,1570.990633556612,0.010419831212459936,6.652864098934975,15.179339097521302,0.8294317664439025,51.743299145247555,0.0,0.0,129073386.96296291,0.15
Runner,10.0,10.0,literature,"threshold, margin 0.75x",True,26.517377617718388,1607.6132637004232,0.14092013004267073,7.880053880501373,15.179339097521302,0.8738795491295678,52.956752134013755,2.6231481481481485,0.8499999999999998,152858981.30370373,0.15
Runner,10.0,10.0,RL estimate,tau 0.0033 a 1.0 reserve 0.25,True,27.04535839281837,1612.8919494571876,0.13851693199113893,7.973575659786389,15.179339097521302,0.8906438800418836,53.12168785126024,2.793518518518518,0.8407407407407409,154352645.04444444,0.15
Runner,10.0,10.0,uniform (rate-matched),all 64 tiles at level 3,True,,,0.0,,,,49.946298816305465,,,56965324.44444445,0.15
Runner,12.5,8.0,trivial,predicted viewport only,True,25.191205639356376,1570.990633556612,0.054919602357145644,6.652864098934975,15.179339097521302,0.8294317664439025,51.743299145247555,0.0,0.0,129073386.96296291,0.15
Runner,12.5,8.0,literature,"threshold, margin 0.35x",True,26.068893896099574,1592.851957145605,0.11772263910715118,7.43717904519688,15.179339097521302,0.8587481397720678,52.465110901625245,1.6944444444444449,0.5537037037037036,144152389.95555556,0.15
Runner,12.5,8.0,RL estimate,tau 0.0134 a 0.7 reserve 0.0,True,26.898520584835413,1612.5166371445816,0.1326810556231641,7.558071178096508,15.179339097521302,0.8859925321332249,53.1195028608522,1.9333333333333331,0.7879629629629631,147573675.66666663,0.15
Runner,12.5,8.0,uniform (rate-matched),all 64 tiles at level 3,True,,,0.0,,,,49.946298816305465,,,56965324.44444445,0.15
Runner,12.5,10.0,trivial,predicted viewport only,True,25.191205639356376,1570.990633556612,0.054919602357145644,6.652864098934975,15.179339097521302,0.8294317664439025,51.743299145247555,0.0,0.0,129073386.96296291,0.15
Runner,12.5,10.0,literature,"threshold, margin 0.5x",True,26.466544479952137,1604.5396975136366,0.14400675065005483,7.5979611374692375,15.179339097521302,0.8720150513125433,52.85936821221739,2.0111111111111115,0.7675925925925926,147215890.45185187,0.15
Runner,12.5,10.0,RL estimate,tau 0.0033 a 0.7 reserve 0.0,False,26.917318815643572,1611.1237350467386,0.15529423038710977,7.826488279467454,15.179339097521302,0.886716359397051,53.06941685203629,2.5037037037037035,0.8018518518518519,151792712.42962965,0.15
Runner,12.5,10.0,uniform (rate-matched),all 64 tiles at level 3,True,,,0.0,,,,49.946298816305465,,,56965324.44444445,0.15
Runner,0.0,8.0,trivial,predicted viewport only,True,25.191205639356376,1570.990633556612,0.0,6.652864098934975,15.179339097521302,0.8294317664439025,51.743299145247555,0.0,0.0,129073386.96296291,0.3
Runner,0.0,8.0,literature,average-based 0.35x,True,26.233488765186475,1595.8499169923389,0.11854907725214817,7.621775829802817,15.179339097521302,0.864167436350522,52.56148062329814,2.0648148148148158,0.6666666666666666,147519193.9259259,0.3
Runner,0.0,8.0,RL estimate,tau 0.0134 a 0.7 reserve 0.5,True,27.232542622425076,1621.2664013817723,0.0,7.659345668406536,15.179339097521302,0.8971244891929344,53.412373526884615,2.1842592592592593,0.9453703703703702,150152070.91111115,0.3
Runner,0.0,8.0,uniform (rate-matched),all 64 tiles at level 3,True,,,0.0,,,,49.946298816305465,,,56965324.44444445,0.3
Runner,0.0,10.0,trivial,predicted viewport only,True,25.191205639356376,1570.990633556612,0.0,6.652864098934975,15.179339097521302,0.8294317664439025,51.743299145247555,0.0,0.0,129073386.96296291,0.3
Runner,0.0,10.0,literature,"threshold, margin 1.0x",True,26.52835750719915,1604.2237038814926,0.03920151444942351,8.336008723512267,15.179339097521302,0.8741152174029166,52.849154038181304,3.57962962962963,0.9333333333333336,160524389.96296296,0.3
Runner,0.0,10.0,RL estimate,tau 0.0069 a 1.0 reserve 0.0,True,27.551206419070777,1626.0633429832405,0.037984757423483076,8.319574327095728,15.179339097521302,0.9069485763818125,53.550615763525606,3.5259259259259252,1.087962962962963,161672717.48148152,0.3
Runner,0.0,10.0,uniform (rate-matched),all 64 tiles at level 3,True,,,0.0,,,,49.946298816305465,,,56965324.44444445,0.3
Runner,10.0,8.0,trivial,predicted viewport only,True,25.191205639356376,1570.990633556612,0.010419831212459936,6.652864098934975,15.179339097521302,0.8294317664439025,51.743299145247555,0.0,0.0,129073386.96296291,0.3
Runner,10.0,8.0,literature,average-based 0.35x,False,26.233488765186475,1595.8499169923389,0.4492884932857504,7.621775829802817,15.179339097521302,0.864167436350522,52.56148062329814,2.0648148148148158,0.6666666666666666,147519193.9259259,0.3
Runner,10.0,8.0,RL estimate,tau 0.0134 a 0.7 reserve 0.0,True,26.990211672885458,1614.199768117157,0.0550930178095356,7.5998561866111505,15.179339097521302,0.8888879875300286,53.173723014232756,2.0212962962962964,0.8231481481481482,148458302.71111113,0.3
Runner,10.0,8.0,uniform (rate-matched),all 64 tiles at level 3,True,,,0.0,,,,49.946298816305465,,,56965324.44444445,0.3
Runner,10.0,10.0,trivial,predicted viewport only,True,25.191205639356376,1570.990633556612,0.010419831212459936,6.652864098934975,15.179339097521302,0.8294317664439025,51.743299145247555,0.0,0.0,129073386.96296291,0.3
Runner,10.0,10.0,literature,"threshold, margin 1.0x",True,26.44708406472753,1599.640838148711,0.29857174198501274,8.047446011208157,15.179339097521302,0.8718381214003931,52.70630761758074,2.960185185185185,0.812962962962963,155105178.28148147,0.3
Runner,10.0,10.0,RL estimate,tau 0.0069 a 1.0 reserve 0.0,False,27.21748375413753,1617.8704927322906,0.3303505755055988,8.039989877924368,15.179339097521302,0.8961491752790559,53.28586581287933,2.9259259259259256,0.9370370370370371,156097529.24444446,0.3
Runner,10.0,10.0,uniform (rate-matched),all 64 tiles at level 3,True,,,0.0,,,,49.946298816305465,,,56965324.44444445,0.3
Runner,12.5,8.0,trivial,predicted viewport only,True,25.191205639356376,1570.990633556612,0.054919602357145644,6.652864098934975,15.179339097521302,0.8294317664439025,51.743299145247555,0.0,0.0,129073386.96296291,0.3
Runner,12.5,8.0,literature,average-based 0.35x,False,26.233488765186475,1595.8499169923389,0.5931337946807872,7.621775829802817,15.179339097521302,0.864167436350522,52.56148062329814,2.0648148148148158,0.6666666666666666,147519193.9259259,0.3
Runner,12.5,8.0,RL estimate,tau 0.0134 a 0.7 reserve 0.0,True,26.898520584835413,1612.5166371445816,0.1326810556231641,7.558071178096508,15.179339097521302,0.8859925321332249,53.1195028608522,1.9333333333333331,0.7879629629629631,147573675.66666663,0.3
Runner,12.5,8.0,uniform (rate-matched),all 64 tiles at level 3,True,,,0.0,,,,49.946298816305465,,,56965324.44444445,0.3
Runner,12.5,10.0,trivial,predicted viewport only,True,25.191205639356376,1570.990633556612,0.054919602357145644,6.652864098934975,15.179339097521302,0.8294317664439025,51.743299145247555,0.0,0.0,129073386.96296291,0.3
Runner,12.5,10.0,literature,"threshold, margin 0.75x",True,26.51290956326266,1607.0421398248238,0.292653006864628,7.837589569708046,15.179339097521302,0.8738385552561916,52.94069353871143,2.5314814814814826,0.8268518518518518,152020894.4962963,0.3
Runner,12.5,10.0,RL estimate,tau 0.0033 a 1.0 reserve 0.25,True,26.972097922022343,1611.5284031220322,0.28536965214163423,7.91936435518495,15.179339097521302,0.8883219155612512,53.0782518640494,2.675925925925926,0.8074074074074074,153308758.31851855,0.3
Runner,12.5,10.0,uniform (rate-matched),all 64 tiles at level 3,True,,,0.0,,,,49.946298816305465,,,56965324.44444445,0.3
GateNight,0.0,8.0,trivial,predicted viewport only,True,21.490058631686367,1561.3155545255456,0.003911709038422867,6.598160044564594,15.179339097521307,0.704365790732299,51.40250714051982,0.0,0.0,135176340.33333334,0.1
GateNight,0.0,8.0,literature,"threshold, margin 0.35x",True,22.656034793037055,1580.816462921965,0.013080281495685547,7.652934417986789,15.179339097521307,0.7440439149105462,52.062326074298255,2.2770833333333336,0.8256944444444445,156553092.56111115,0.1
GateNight,0.0,8.0,RL estimate,tau 0.0122 a 0.7 reserve 0.0,True,23.094438247146048,1584.8642939934177,0.003911709038422867,7.6844691960857885,15.179339097521307,0.7583556650683448,52.1895578311156,2.3486111111111105,0.7895833333333334,157814997.55,0.1
GateNight,0.0,8.0,uniform (rate-matched),all 64 tiles at level 3,True,,,0.0,,,,50.790869619710364,,,58724610.66666665,0.1
GateNight,0.0,10.0,trivial,predicted viewport only,True,21.490058631686367,1561.3155545255456,0.003911709038422867,6.598160044564594,15.179339097521307,0.704365790732299,51.40250714051982,0.0,0.0,135176340.33333334,0.1
GateNight,0.0,10.0,literature,"threshold, margin 0.5x",True,22.85353453892508,1582.7094239595535,0.051094187467222586,7.7566731139849905,15.179339097521307,0.7501735146353644,52.11705139623946,2.4729166666666673,0.8631944444444445,158126375.90555555,0.1
GateNight,0.0,10.0,RL estimate,tau 0.0122 a 1.0 reserve 0.0,True,23.294476646886586,1587.988312188836,0.056917919894013555,7.804250639985571,15.179339097521307,0.7640357486386452,52.2780709341571,2.575,0.8493055555555558,160177294.81111112,0.1
GateNight,0.0,10.0,uniform (rate-matched),all 64 tiles at level 3,True,,,0.0,,,,50.790869619710364,,,58724610.66666665,0.1
GateNight,10.0,8.0,trivial,predicted viewport only,True,21.490058631686367,1561.3155545255456,0.08789387126879963,6.598160044564594,15.179339097521307,0.704365790732299,51.40250714051982,0.0,0.0,135176340.33333334,0.1
GateNight,10.0,10.0,trivial,predicted viewport only,True,21.490058631686367,1561.3155545255456,0.08789387126879963,6.598160044564594,15.179339097521307,0.704365790732299,51.40250714051982,0.0,0.0,135176340.33333334,0.1
GateNight,12.5,8.0,trivial,predicted viewport only,False,21.490058631686367,1561.3155545255456,0.1446697515112711,6.598160044564594,15.179339097521307,0.704365790732299,51.40250714051982,0.0,0.0,135176340.33333334,0.1
GateNight,12.5,10.0,trivial,predicted viewport only,False,21.490058631686367,1561.3155545255456,0.1446697515112711,6.598160044564594,15.179339097521307,0.704365790732299,51.40250714051982,0.0,0.0,135176340.33333334,0.1
GateNight,0.0,8.0,trivial,predicted viewport only,True,21.490058631686367,1561.3155545255456,0.003911709038422867,6.598160044564594,15.179339097521307,0.704365790732299,51.40250714051982,0.0,0.0,135176340.33333334,0.15
GateNight,0.0,8.0,literature,"threshold, margin 0.35x",True,22.656034793037055,1580.816462921965,0.013080281495685547,7.652934417986789,15.179339097521307,0.7440439149105462,52.062326074298255,2.2770833333333336,0.8256944444444445,156553092.56111115,0.15
GateNight,0.0,8.0,RL estimate,tau 0.0122 a 0.7 reserve 0.0,True,23.094438247146048,1584.8642939934177,0.003911709038422867,7.6844691960857885,15.179339097521307,0.7583556650683448,52.1895578311156,2.3486111111111105,0.7895833333333334,157814997.55,0.15
GateNight,0.0,8.0,uniform (rate-matched),all 64 tiles at level 3,True,,,0.0,,,,50.790869619710364,,,58724610.66666665,0.15
GateNight,0.0,10.0,trivial,predicted viewport only,True,21.490058631686367,1561.3155545255456,0.003911709038422867,6.598160044564594,15.179339097521307,0.704365790732299,51.40250714051982,0.0,0.0,135176340.33333334,0.15
GateNight,0.0,10.0,literature,"threshold, margin 0.75x",True,22.931246687622526,1581.8371359961534,0.09081176504391192,7.86491988238397,15.179339097521307,0.7525514610204069,52.094834850424135,2.7013888888888893,0.9527777777777778,159926275.90000004,0.15
GateNight,0.0,10.0,RL estimate,tau 0.0024 a 1.0 reserve 0.0,True,23.12028323438343,1585.9035822155859,0.11265549117188592,7.988804774185351,15.179339097521307,0.7579913599921568,52.20706689486086,2.975694444444444,0.8368055555555557,162217439.78888887,0.15
GateNight,0.0,10.0,uniform (rate-matched),all 64 tiles at level 3,True,,,0.0,,,,50.790869619710364,,,58724610.66666665,0.15
GateNight,10.0,8.0,trivial,predicted viewport only,True,21.490058631686367,1561.3155545255456,0.08789387126879963,6.598160044564594,15.179339097521307,0.704365790732299,51.40250714051982,0.0,0.0,135176340.33333334,0.15
GateNight,10.0,8.0,literature,"threshold, margin 0.1x",True,21.700534980927426,1565.5348589274113,0.09004983574980352,6.824338056397247,15.179339097521307,0.7114790195821218,51.5427272211371,0.4812499999999999,0.1534722222222222,139531810.62777776,0.15
GateNight,10.0,8.0,RL estimate,tau 0.0122 a 0.7 reserve 0.25,True,22.659799155714452,1578.9366612450872,0.09756857704623609,7.38091198483442,15.179339097521307,0.744243295547584,51.9973964686762,1.7125,0.5888888888888889,151404815.31666666,0.15
GateNight,10.0,8.0,uniform (rate-matched),all 64 tiles at level 3,True,,,0.0,,,,50.790869619710364,,,58724610.66666665,0.15
GateNight,10.0,10.0,trivial,predicted viewport only,True,21.490058631686367,1561.3155545255456,0.08789387126879963,6.598160044564594,15.179339097521307,0.704365790732299,51.40250714051982,0.0,0.0,135176340.33333334,0.15
GateNight,10.0,10.0,literature,"threshold, margin 0.1x",True,21.700534980927426,1565.5348589274113,0.09004983574980352,6.824338056397247,15.179339097521307,0.7114790195821218,51.5427272211371,0.4812499999999999,0.1534722222222222,139531810.62777776,0.15
GateNight,10.0,10.0,RL estimate,tau 0.0122 a 0.7 reserve 0.25,True,22.659799155714452,1578.9366612450872,0.09756857704623609,7.38091198483442,15.179339097521307,0.744243295547584,51.9973964686762,1.7125,0.5888888888888889,151404815.31666666,0.15
GateNight,10.0,10.0,uniform (rate-matched),all 64 tiles at level 3,True,,,0.0,,,,50.790869619710364,,,58724610.66666665,0.15
GateNight,12.5,8.0,trivial,predicted viewport only,True,21.490058631686367,1561.3155545255456,0.1446697515112711,6.598160044564594,15.179339097521307,0.704365790732299,51.40250714051982,0.0,0.0,135176340.33333334,0.15
GateNight,12.5,10.0,trivial,predicted viewport only,True,21.490058631686367,1561.3155545255456,0.1446697515112711,6.598160044564594,15.179339097521307,0.704365790732299,51.40250714051982,0.0,0.0,135176340.33333334,0.15
GateNight,0.0,8.0,trivial,predicted viewport only,True,21.490058631686367,1561.3155545255456,0.003911709038422867,6.598160044564594,15.179339097521307,0.704365790732299,51.40250714051982,0.0,0.0,135176340.33333334,0.3
GateNight,0.0,8.0,literature,"threshold, margin 0.35x",True,22.656034793037055,1580.816462921965,0.013080281495685547,7.652934417986789,15.179339097521307,0.7440439149105462,52.062326074298255,2.2770833333333336,0.8256944444444445,156553092.56111115,0.3
GateNight,0.0,8.0,RL estimate,tau 0.0122 a 0.7 reserve 0.0,True,23.094438247146048,1584.8642939934177,0.003911709038422867,7.6844691960857885,15.179339097521307,0.7583556650683448,52.1895578311156,2.3486111111111105,0.7895833333333334,157814997.55,0.3
GateNight,0.0,8.0,uniform (rate-matched),all 64 tiles at level 3,True,,,0.0,,,,50.790869619710364,,,58724610.66666665,0.3
GateNight,0.0,10.0,trivial,predicted viewport only,True,21.490058631686367,1561.3155545255456,0.003911709038422867,6.598160044564594,15.179339097521307,0.704365790732299,51.40250714051982,0.0,0.0,135176340.33333334,0.3
GateNight,0.0,10.0,literature,"threshold, margin 0.75x",True,22.931246687622526,1581.8371359961534,0.09081176504391192,7.86491988238397,15.179339097521307,0.7525514610204069,52.094834850424135,2.7013888888888893,0.9527777777777778,159926275.90000004,0.3
GateNight,0.0,10.0,RL estimate,tau 0.0024 a 1.0 reserve 0.0,True,23.12028323438343,1585.9035822155859,0.11265549117188592,7.988804774185351,15.179339097521307,0.7579913599921568,52.20706689486086,2.975694444444444,0.8368055555555557,162217439.78888887,0.3
GateNight,0.0,10.0,uniform (rate-matched),all 64 tiles at level 3,True,,,0.0,,,,50.790869619710364,,,58724610.66666665,0.3
GateNight,10.0,8.0,trivial,predicted viewport only,True,21.490058631686367,1561.3155545255456,0.08789387126879963,6.598160044564594,15.179339097521307,0.704365790732299,51.40250714051982,0.0,0.0,135176340.33333334,0.3
GateNight,10.0,8.0,literature,"threshold, margin 0.25x",True,22.49429768758631,1577.7280571396764,0.20269242155831518,7.355352428654068,15.179339097521307,0.7388725182471395,51.971332233488035,1.64375,0.68125,150703170.6111111,0.3
GateNight,10.0,8.0,RL estimate,tau 0.0075 a 0.7 reserve 0.0,True,22.73576262326784,1579.367760865492,0.16212540955546934,7.560224465629693,15.179339097521307,0.7461577525690707,52.002841643030955,2.0868055555555554,0.625,153842818.78333336,0.3
GateNight,10.0,8.0,uniform (rate-matched),all 64 tiles at level 3,True,,,0.0,,,,50.790869619710364,,,58724610.66666665,0.3
GateNight,10.0,10.0,trivial,predicted viewport only,True,21.490058631686367,1561.3155545255456,0.08789387126879963,6.598160044564594,15.179339097521307,0.704365790732299,51.40250714051982,0.0,0.0,135176340.33333334,0.3
GateNight,10.0,10.0,literature,"threshold, margin 0.25x",True,22.49429768758631,1577.7280571396764,0.20269242155831518,7.355352428654068,15.179339097521307,0.7388725182471395,51.971332233488035,1.64375,0.68125,150703170.6111111,0.3
GateNight,10.0,10.0,RL estimate,tau 0.0075 a 0.7 reserve 0.0,True,22.73576262326784,1579.367760865492,0.16212540955546934,7.560224465629693,15.179339097521307,0.7461577525690707,52.002841643030955,2.0868055555555554,0.625,153842818.78333336,0.3
GateNight,10.0,10.0,uniform (rate-matched),all 64 tiles at level 3,True,,,0.0,,,,50.790869619710364,,,58724610.66666665,0.3
GateNight,12.5,8.0,trivial,predicted viewport only,True,21.490058631686367,1561.3155545255456,0.1446697515112711,6.598160044564594,15.179339097521307,0.704365790732299,51.40250714051982,0.0,0.0,135176340.33333334,0.3
GateNight,12.5,8.0,literature,"threshold, margin 0.1x",True,21.693679129165975,1565.3610127457118,0.15816295976373645,6.818458691843714,15.179339097521307,0.7112628840270855,51.53726064697371,0.46944444444444444,0.14652777777777776,139418538.75555557,0.3
GateNight,12.5,8.0,RL estimate,tau 0.0075 a 0.7 reserve 0.25,True,22.510911176196817,1576.9402738214364,0.20207864668022876,7.439144236581927,15.179339097521307,0.7389599775901202,51.925149769486595,1.8416666666666663,0.5375,151364897.44444445,0.3
GateNight,12.5,8.0,uniform (rate-matched),all 64 tiles at level 3,True,,,0.0,,,,50.790869619710364,,,58724610.66666665,0.3
GateNight,12.5,10.0,trivial,predicted viewport only,True,21.490058631686367,1561.3155545255456,0.1446697515112711,6.598160044564594,15.179339097521307,0.704365790732299,51.40250714051982,0.0,0.0,135176340.33333334,0.3
GateNight,12.5,10.0,literature,"threshold, margin 0.1x",True,21.693679129165975,1565.3610127457118,0.15816295976373645,6.818458691843714,15.179339097521307,0.7112628840270855,51.53726064697371,0.46944444444444444,0.14652777777777776,139418538.75555557,0.3
GateNight,12.5,10.0,RL estimate,tau 0.0075 a 0.7 reserve 0.25,True,22.510911176196817,1576.9402738214364,0.20207864668022876,7.439144236581927,15.179339097521307,0.7389599775901202,51.925149769486595,1.8416666666666663,0.5375,151364897.44444445,0.3
GateNight,12.5,10.0,uniform (rate-matched),all 64 tiles at level 3,True,,,0.0,,,,50.790869619710364,,,58724610.66666665,0.3
Bridge,0.0,8.0,trivial,predicted viewport only,True,23.510042072818262,1593.431275742281,0.0,6.652533800162611,15.179339097521302,0.777156679759864,52.534691809085125,0.0,0.0,141379581.33333337,0.1
Bridge,0.0,8.0,literature,"threshold, margin 0.25x",True,24.597858021296073,1607.9198606776288,0.02740028950040054,7.288621763667609,15.179339097521302,0.8134313470815437,53.02383464970213,1.3444444444444443,0.4759259259259258,154733287.6370371,0.1
Bridge,0.0,8.0,RL estimate,tau 0.0138 a 1.0 reserve 0.25,True,25.271750823291974,1615.8934302981781,0.004909923464564964,7.435185710310582,15.179339097521302,0.8355935069262178,53.29269727954115,1.6546296296296297,0.6435185185185184,158358716.3555556,0.1
Bridge,0.0,8.0,uniform (rate-matched),all 64 tiles at level 3,True,,,0.0,,,,50.7352970768787,,,67088724.888888866,0.1
Bridge,0.0,10.0,trivial,predicted viewport only,True,23.510042072818262,1593.431275742281,0.0,6.652533800162611,15.179339097521302,0.777156679759864,52.534691809085125,0.0,0.0,141379581.33333337,0.1
Bridge,0.0,10.0,literature,"threshold, margin 0.25x",True,24.597858021296073,1607.9198606776288,0.02740028950040054,7.288621763667609,15.179339097521302,0.8134313470815437,53.02383464970213,1.3444444444444443,0.4759259259259258,154733287.6370371,0.1
Bridge,0.0,10.0,RL estimate,tau 0.0138 a 1.0 reserve 0.25,True,25.271750823291974,1615.8934302981781,0.004909923464564964,7.435185710310582,15.179339097521302,0.8355935069262178,53.29269727954115,1.6546296296296297,0.6435185185185184,158358716.3555556,0.1
Bridge,0.0,10.0,uniform (rate-matched),all 64 tiles at level 3,True,,,0.0,,,,50.7352970768787,,,67088724.888888866,0.1
Bridge,10.0,8.0,trivial,predicted viewport only,False,23.510042072818262,1593.431275742281,0.1599330742889283,6.652533800162611,15.179339097521302,0.777156679759864,52.534691809085125,0.0,0.0,141379581.33333337,0.1
Bridge,10.0,10.0,trivial,predicted viewport only,False,23.510042072818262,1593.431275742281,0.1599330742889283,6.652533800162611,15.179339097521302,0.777156679759864,52.534691809085125,0.0,0.0,141379581.33333337,0.1
Bridge,12.5,8.0,trivial,predicted viewport only,False,23.510042072818262,1593.431275742281,0.30546695727136175,6.652533800162611,15.179339097521302,0.777156679759864,52.534691809085125,0.0,0.0,141379581.33333337,0.1
Bridge,12.5,10.0,trivial,predicted viewport only,False,23.510042072818262,1593.431275742281,0.30546695727136175,6.652533800162611,15.179339097521302,0.777156679759864,52.534691809085125,0.0,0.0,141379581.33333337,0.1
Bridge,0.0,8.0,trivial,predicted viewport only,True,23.510042072818262,1593.431275742281,0.0,6.652533800162611,15.179339097521302,0.777156679759864,52.534691809085125,0.0,0.0,141379581.33333337,0.15
Bridge,0.0,8.0,literature,"threshold, margin 0.35x",True,24.745674369317758,1608.2947425198302,0.11539274181586955,7.438429819523926,15.179339097521302,0.8178508139025313,53.03261142913274,1.6555555555555554,0.5185185185185185,157591347.70370376,0.15
Bridge,0.0,8.0,RL estimate,tau 0.0138 a 1.0 reserve 0.25,True,25.271750823291974,1615.8934302981781,0.004909923464564964,7.435185710310582,15.179339097521302,0.8355935069262178,53.29269727954115,1.6546296296296297,0.6435185185185184,158358716.3555556,0.15
Bridge,0.0,8.0,uniform (rate-matched),all 64 tiles at level 3,True,,,0.0,,,,50.7352970768787,,,67088724.888888866,0.15
Bridge,0.0,10.0,trivial,predicted viewport only,True,23.510042072818262,1593.431275742281,0.0,6.652533800162611,15.179339097521302,0.777156679759864,52.534691809085125,0.0,0.0,141379581.33333337,0.15
Bridge,0.0,10.0,literature,"threshold, margin 0.35x",True,24.745674369317758,1608.2947425198302,0.11539274181586955,7.438429819523926,15.179339097521302,0.8178508139025313,53.03261142913274,1.6555555555555554,0.5185185185185185,157591347.70370376,0.15
Bridge,0.0,10.0,RL estimate,tau 0.0138 a 1.0 reserve 0.25,True,25.271750823291974,1615.8934302981781,0.004909923464564964,7.435185710310582,15.179339097521302,0.8355935069262178,53.29269727954115,1.6546296296296297,0.6435185185185184,158358716.3555556,0.15
Bridge,0.0,10.0,uniform (rate-matched),all 64 tiles at level 3,True,,,0.0,,,,50.7352970768787,,,67088724.888888866,0.15
Bridge,10.0,8.0,trivial,predicted viewport only,False,23.510042072818262,1593.431275742281,0.1599330742889283,6.652533800162611,15.179339097521302,0.777156679759864,52.534691809085125,0.0,0.0,141379581.33333337,0.15
Bridge,10.0,8.0,RL estimate,tau 0.0138 a 0.7 reserve 1.0,False,24.23522443182882,1603.8349161114595,0.1599330742889283,6.933629977306069,15.179339097521302,0.8028741519058779,52.906259680126595,0.6444444444444444,0.2981481481481482,147840957.2296296,0.15
Bridge,10.0,8.0,uniform (rate-matched),all 64 tiles at level 3,True,,,0.0,,,,50.7352970768787,,,67088724.888888866,0.15
Bridge,10.0,10.0,trivial,predicted viewport only,False,23.510042072818262,1593.431275742281,0.1599330742889283,6.652533800162611,15.179339097521302,0.777156679759864,52.534691809085125,0.0,0.0,141379581.33333337,0.15
Bridge,10.0,10.0,RL estimate,tau 0.0138 a 0.7 reserve 1.0,False,24.23522443182882,1603.8349161114595,0.1599330742889283,6.933629977306069,15.179339097521302,0.8028741519058779,52.906259680126595,0.6444444444444444,0.2981481481481482,147840957.2296296,0.15
Bridge,10.0,10.0,uniform (rate-matched),all 64 tiles at level 3,True,,,0.0,,,,50.7352970768787,,,67088724.888888866,0.15
Bridge,12.5,8.0,trivial,predicted viewport only,False,23.510042072818262,1593.431275742281,0.30546695727136175,6.652533800162611,15.179339097521302,0.777156679759864,52.534691809085125,0.0,0.0,141379581.33333337,0.15
Bridge,12.5,10.0,trivial,predicted viewport only,False,23.510042072818262,1593.431275742281,0.30546695727136175,6.652533800162611,15.179339097521302,0.777156679759864,52.534691809085125,0.0,0.0,141379581.33333337,0.15
Bridge,0.0,8.0,trivial,predicted viewport only,True,23.510042072818262,1593.431275742281,0.0,6.652533800162611,15.179339097521302,0.777156679759864,52.534691809085125,0.0,0.0,141379581.33333337,0.3
Bridge,0.0,8.0,literature,"threshold, margin 0.5x",True,24.807246967770517,1609.9005029063217,0.16903295745200758,7.492007349440505,15.179339097521302,0.8196398661886939,53.08646070663887,1.75925925925926,0.5694444444444444,158553369.5851851,0.3
Bridge,0.0,8.0,RL estimate,tau 0.0138 a 1.0 reserve 0.0,True,25.32277167918522,1616.4675284919567,0.12005902153948594,7.5149051694809454,15.179339097521302,0.8372318686896062,53.31161836180738,1.8074074074074071,0.6740740740740742,159943313.98518518,0.3
Bridge,0.0,8.0,uniform (rate-matched),all 64 tiles at level 3,True,,,0.0,,,,50.7352970768787,,,67088724.888888866,0.3
Bridge,0.0,10.0,trivial,predicted viewport only,True,23.510042072818262,1593.431275742281,0.0,6.652533800162611,15.179339097521302,0.777156679759864,52.534691809085125,0.0,0.0,141379581.33333337,0.3
Bridge,0.0,10.0,literature,"threshold, margin 0.5x",True,24.807246967770517,1609.9005029063217,0.16903295745200758,7.492007349440505,15.179339097521302,0.8196398661886939,53.08646070663887,1.75925925925926,0.5694444444444444,158553369.5851851,0.3
Bridge,0.0,10.0,RL estimate,tau 0.0138 a 1.0 reserve 0.0,True,25.32277167918522,1616.4675284919567,0.12005902153948594,7.5149051694809454,15.179339097521302,0.8372318686896062,53.31161836180738,1.8074074074074071,0.6740740740740742,159943313.98518518,0.3
Bridge,0.0,10.0,uniform (rate-matched),all 64 tiles at level 3,True,,,0.0,,,,50.7352970768787,,,67088724.888888866,0.3
Bridge,10.0,8.0,trivial,predicted viewport only,True,23.510042072818262,1593.431275742281,0.1599330742889283,6.652533800162611,15.179339097521302,0.777156679759864,52.534691809085125,0.0,0.0,141379581.33333337,0.3
Bridge,10.0,8.0,literature,"threshold, margin 0.15x",True,24.249870285322185,1602.1587471433368,0.2563093583183148,6.982096382776239,15.179339097521302,0.801694170686393,52.829467133070594,0.6990740740740741,0.28518518518518515,148242835.56296295,0.3
Bridge,10.0,8.0,RL estimate,tau 0.0194 a 1.0 reserve 0.5,True,24.81150180423709,1611.326310000126,0.2686577421212604,7.050462200256193,15.179339097521302,0.8205765329938344,53.140569398246086,0.8416666666666668,0.4694444444444446,150272249.40000004,0.3
Bridge,10.0,8.0,uniform (rate-matched),all 64 tiles at level 3,True,,,0.0,,,,50.7352970768787,,,67088724.888888866,0.3
Bridge,10.0,10.0,trivial,predicted viewport only,True,23.510042072818262,1593.431275742281,0.1599330742889283,6.652533800162611,15.179339097521302,0.777156679759864,52.534691809085125,0.0,0.0,141379581.33333337,0.3
Bridge,10.0,10.0,literature,"threshold, margin 0.15x",True,24.249870285322185,1602.1587471433368,0.2563093583183148,6.982096382776239,15.179339097521302,0.801694170686393,52.829467133070594,0.6990740740740741,0.28518518518518515,148242835.56296295,0.3
Bridge,10.0,10.0,RL estimate,tau 0.0194 a 1.0 reserve 0.5,True,24.81150180423709,1611.326310000126,0.2686577421212604,7.050462200256193,15.179339097521302,0.8205765329938344,53.140569398246086,0.8416666666666668,0.4694444444444446,150272249.40000004,0.3
Bridge,10.0,10.0,uniform (rate-matched),all 64 tiles at level 3,True,,,0.0,,,,50.7352970768787,,,67088724.888888866,0.3
Bridge,12.5,8.0,trivial,predicted viewport only,False,23.510042072818262,1593.431275742281,0.30546695727136175,6.652533800162611,15.179339097521302,0.777156679759864,52.534691809085125,0.0,0.0,141379581.33333337,0.3
Bridge,12.5,8.0,RL estimate,tau 0.0194 a 1.0 reserve 1.0,False,24.494085792196323,1607.2089167692684,0.3513995811469675,6.937397447307068,15.179339097521302,0.8105505422878352,53.00791738619816,0.6148148148148149,0.36203703703703716,147835776.96296299,0.3
Bridge,12.5,8.0,uniform (rate-matched),all 64 tiles at level 3,True,,,0.0,,,,50.7352970768787,,,67088724.888888866,0.3
Bridge,12.5,10.0,trivial,predicted viewport only,False,23.510042072818262,1593.431275742281,0.30546695727136175,6.652533800162611,15.179339097521302,0.777156679759864,52.534691809085125,0.0,0.0,141379581.33333337,0.3
Bridge,12.5,10.0,RL estimate,tau 0.0194 a 1.0 reserve 1.0,False,24.494085792196323,1607.2089167692684,0.3513995811469675,6.937397447307068,15.179339097521302,0.8105505422878352,53.00791738619816,0.6148148148148149,0.36203703703703716,147835776.96296299,0.3
Bridge,12.5,10.0,uniform (rate-matched),all 64 tiles at level 3,True,,,0.0,,,,50.7352970768787,,,67088724.888888866,0.3
