option,videos,mean_room_dB,min_dB,max_dB,videos_with_room_over_0_2dB
"current (coverage, 50 mW, tiles 8)",7,-0.07097107486291065,-0.9949296255411966,0.36773386972902955,3
"current (coverage, 50 mW, tiles 8) + motion-aware agent",7,0.24144031339770425,-0.6457178307429245,0.8407087237954016,5
tighter tile budget 7.5,5,0.09829429331350212,-0.07719876309305818,0.2802205710618395,2
tighter tile budget 7.5 + motion-aware agent,7,0.12152290255306042,-0.7248039758707208,0.7003780814095535,3
fixed 25 mW (weaker link),7,-0.14795623538309347,-0.9949296255411966,0.2384571462669598,1
fixed 25 mW (weaker link) + motion-aware agent,7,0.1638269354696352,-0.6631211756668023,0.5694503126959418,3
power budget (3rd constraint) (coarse literature grid),7,0.12388789574875046,-0.15880551811399357,0.5111375835320473,3
PSNR objective (coarse literature grid),7,-0.01904704760405756,-0.9471422162167897,0.4121138347162798,2
PSNR + fixed 25 mW (coarse literature grid),7,0.015270296251295739,-0.9471422162167897,0.5323226526966067,3
PSNR + power budget (coarse literature grid),7,0.1576263447149923,-0.062043264659209285,0.5402665691209592,2
"link-limited, cov objective, tiles 8: value-per-bit agent",7,-0.4431314550068614,-1.5934482531851586,0.06150977635845578,0
"link-limited, cov objective, tiles 12: value-per-bit agent",7,-0.31715650894190717,-1.5523371190640134,0.17440989502835436,0
"link-limited, psnr objective, tiles 8: value-per-bit agent",7,-0.043356434099139154,-0.9085351513361104,0.6244856095494953,1
"link-limited, psnr objective, tiles 12: value-per-bit agent",7,0.05580888849346621,-0.7244874444792799,0.5204647676638388,2
"channel shadowing 4 dB, memory 0",4,0.1529188411325677,-0.15880551811399357,0.36773386972902955,2
"channel shadowing 4 dB, memory 0.95",4,0.1801702403139096,-0.15880551811399357,0.3331847674477686,3
"channel shadowing 6 dB, memory 0",4,0.16874727094631048,-0.15880551811399357,0.3671070725324057,3
"channel shadowing 6 dB, memory 0.95",3,0.14676648443930418,-0.15880551811399357,0.36019296833420356,2
