video,B_bar,family,choice,held_feasible,J_Q,J_D,J_B,cov,extra,useful
Runner,7.0,literature,predicted viewport only,True,25.19120563935637,0.0,6.652864098934973,0.829431766443902,0.0,0.0
Runner,7.0,rl_estimate,adaptive tau=0.04 alpha=0.5,True,25.19120563935637,0.0,6.652864098934973,0.829431766443902,0.0,0.0
Runner,7.0,ceiling,perfect prediction (100% of extra budget),True,28.047630183464506,0.0,6.997502809986156,0.9241384442278527,0.7314814814814815,0.7314814814814815
Runner,7.5,literature,predicted viewport only,True,25.19120563935637,0.0,6.652864098934973,0.829431766443902,0.0,0.0
Runner,7.5,random,random +1,True,25.293317165475216,0.0,7.127218445732514,0.8328212728836366,1.0,0.07098765432098766
Runner,7.5,rl_estimate,adaptive tau=0.02 alpha=0.5,True,26.313221294142707,0.0,7.282631049986904,0.8669850218355482,1.351851851851852,0.462962962962963
Runner,7.5,ceiling,perfect prediction (100% of extra budget),True,29.750597135882646,0.15267032329168673,7.495004810102306,0.979916027555615,1.7685185185185186,1.7685185185185186
Runner,8.0,literature,average-based 0.25x,True,26.151592665983173,0.002924160489762542,7.337443128587495,0.8617651844986697,1.4629629629629628,0.5555555555555556
Runner,8.0,random,random +2,True,25.414699299808646,0.0,7.601572792530056,0.8366717918921388,2.0,0.1234567901234568
Runner,8.0,rl_estimate,adaptive tau=0.02 alpha=0.7,True,26.340582391642705,0.0,7.306540414570236,0.8677527293972765,1.395061728395062,0.478395061728395
Runner,8.0,ceiling,perfect prediction (87% of extra budget),True,30.190490080934595,0.2867503591763205,7.8206896654529725,0.9944086256786674,2.4537037037037037,2.4537037037037037
Runner,9.0,literature,"threshold, EL = margin 1.0x",True,26.474009874148138,0.03649340216875434,8.34105183417151,0.8725823410780661,3.5833333333333335,0.8919753086419752
Runner,9.0,random,random +4,True,25.606048774985283,0.19144242220539728,8.550281486125137,0.8434135370685651,4.0,0.2654320987654321
Runner,9.0,rl_estimate,adaptive tau=0.01 alpha=1.0,True,27.492565740627334,0.027552928731661066,8.224735844288507,0.9055329437392974,3.3179012345679006,1.0802469135802468
Runner,9.0,ceiling,perfect prediction (50% of extra budget),True,30.190490080934595,0.2867503591763205,7.8206896654529725,0.9944086256786674,2.4537037037037037,2.4537037037037037
Runner,10.0,literature,"threshold, EL = margin 1.0x",True,26.474009874148138,0.03649340216875434,8.34105183417151,0.8725823410780661,3.5833333333333335,0.8919753086419752
Runner,10.0,random,random +4,True,25.606048774985283,0.19144242220539728,8.550281486125137,0.8434135370685651,4.0,0.2654320987654321
Runner,10.0,rl_estimate,adaptive tau=0.01 alpha=1.0,True,27.492565740627334,0.027552928731661066,8.224735844288507,0.9055329437392974,3.3179012345679006,1.0802469135802468
Runner,10.0,ceiling,perfect prediction (35% of extra budget),True,30.190490080934595,0.2867503591763205,7.8206896654529725,0.9944086256786674,2.4537037037037037,2.4537037037037037
Runner,11.0,literature,"threshold, EL = margin 1.0x",True,26.474009874148138,0.03649340216875434,8.34105183417151,0.8725823410780661,3.5833333333333335,0.8919753086419752
Runner,11.0,random,random +4,True,25.606048774985283,0.19144242220539728,8.550281486125137,0.8434135370685651,4.0,0.2654320987654321
Runner,11.0,rl_estimate,adaptive tau=0.01 alpha=1.0,True,27.492565740627334,0.027552928731661066,8.224735844288507,0.9055329437392974,3.3179012345679006,1.0802469135802468
Runner,11.0,ceiling,perfect prediction (27% of extra budget),True,30.190490080934595,0.2867503591763205,7.8206896654529725,0.9944086256786674,2.4537037037037037,2.4537037037037037
GateNight,7.0,literature,predicted viewport only,True,21.490058631686367,0.002610828836738336,6.598160044564594,0.7043657907322988,0.0,0.0
GateNight,7.0,rl_estimate,adaptive tau=0.04 alpha=0.5,True,21.490058631686367,0.002610828836738336,6.598160044564594,0.7043657907322988,0.0,0.0
GateNight,7.0,ceiling,perfect prediction (100% of extra budget),True,25.07523983105158,0.002610828836738336,6.997207684637529,0.8242807253243126,0.8541666666666666,0.8541666666666666
GateNight,7.5,literature,predicted viewport only,True,21.490058631686367,0.002610828836738336,6.598160044564594,0.7043657907322988,0.0,0.0
GateNight,7.5,random,random +1,True,21.674614821603175,0.011998203791958753,7.072514391362137,0.7104557545153561,1.0,0.09953703703703703
GateNight,7.5,rl_estimate,adaptive tau=0.02 alpha=0.5,True,22.539525609184356,0.002610828836738336,7.184351164378921,0.740143308302911,1.2824074074074074,0.5162037037037036
GateNight,7.5,ceiling,perfect prediction (89% of extra budget),True,27.563000561504996,0.2969535789806992,7.397095125820035,0.9075287432894769,1.7083333333333333,1.7083333333333333
GateNight,8.0,literature,average-based 0.25x,True,22.586919560002826,0.05225816404826638,7.469561436356616,0.7418488189044825,1.8680555555555556,0.7569444444444443
GateNight,8.0,random,random +2,True,21.89801555841233,0.04794061407104519,7.546868738159678,0.7176217444422349,2.0,0.19675925925925927
GateNight,8.0,rl_estimate,adaptive tau=0.005 alpha=0.5,True,22.980990783559303,0.002610828836738336,7.72889618531942,0.7554762846714508,2.4907407407407405,0.7268518518518517
GateNight,8.0,ceiling,perfect prediction (57% of extra budget),True,27.563000561504996,0.2969535789806992,7.397095125820035,0.9075287432894769,1.7083333333333333,1.7083333333333333
GateNight,9.0,literature,"threshold, EL = margin 0.5x",True,22.871991025931134,0.04891030327170439,7.766137772210243,0.7507898317786371,2.493055555555556,0.8680555555555554
GateNight,9.0,random,random +2,True,21.89801555841233,0.04794061407104519,7.546868738159678,0.7176217444422349,2.0,0.19675925925925927
GateNight,9.0,rl_estimate,adaptive tau=0.01 alpha=1.0,True,23.311866190779458,0.07939554201112793,7.906737606015835,0.7649161508993182,2.7893518518518516,0.8680555555555555
GateNight,9.0,ceiling,perfect prediction (33% of extra budget),True,27.563000561504996,0.2969535789806992,7.397095125820035,0.9075287432894769,1.7083333333333333,1.7083333333333333
GateNight,10.0,literature,"threshold, EL = margin 0.5x",True,22.871991025931134,0.04891030327170439,7.766137772210243,0.7507898317786371,2.493055555555556,0.8680555555555554
GateNight,10.0,random,random +2,True,21.89801555841233,0.04794061407104519,7.546868738159678,0.7176217444422349,2.0,0.19675925925925927
GateNight,10.0,rl_estimate,adaptive tau=0.01 alpha=1.0,True,23.311866190779458,0.07939554201112793,7.906737606015835,0.7649161508993182,2.7893518518518516,0.8680555555555555
GateNight,10.0,ceiling,perfect prediction (24% of extra budget),True,27.563000561504996,0.2969535789806992,7.397095125820035,0.9075287432894769,1.7083333333333333,1.7083333333333333
GateNight,11.0,literature,"threshold, EL = margin 0.5x",True,22.871991025931134,0.04891030327170439,7.766137772210243,0.7507898317786371,2.493055555555556,0.8680555555555554
GateNight,11.0,random,random +2,True,21.89801555841233,0.04794061407104519,7.546868738159678,0.7176217444422349,2.0,0.19675925925925927
GateNight,11.0,rl_estimate,adaptive tau=0.01 alpha=1.0,True,23.311866190779458,0.07939554201112793,7.906737606015835,0.7649161508993182,2.7893518518518516,0.8680555555555555
GateNight,11.0,ceiling,perfect prediction (18% of extra budget),True,27.563000561504996,0.2969535789806992,7.397095125820035,0.9075287432894769,1.7083333333333333,1.7083333333333333
SiyuanGate,7.0,ceiling,perfect prediction (100% of extra budget),True,27.49659871997956,0.0,6.997540467976339,0.9052255797265674,1.1018518518518519,1.1018518518518519
SiyuanGate,7.5,literature,predicted viewport only,True,23.3504153026736,0.0,6.47301564287435,0.7688500554745327,0.0,0.0
SiyuanGate,7.5,rl_estimate,adaptive tau=0.04 alpha=0.5,True,23.3504153026736,0.0,6.47301564287435,0.7688500554745327,0.0,0.0
SiyuanGate,7.5,ceiling,perfect prediction (100% of extra budget),True,29.434731359367504,0.0,7.498486928404737,0.9686457836149158,2.148148148148148,2.148148148148148
SiyuanGate,8.0,literature,average-based 0.25x,True,24.393914255671042,0.0,7.385706118510942,0.8038082981919401,1.898148148148148,0.6203703703703703
SiyuanGate,8.0,random,random +1,True,23.548501751984315,0.0,6.947369989671892,0.775410196682667,1.0,0.10802469135802467
SiyuanGate,8.0,rl_estimate,adaptive tau=0.02 alpha=0.5,True,24.82800270631413,0.0,7.210552788282176,0.8174314425812458,1.5370370370370372,0.601851851851852
SiyuanGate,8.0,ceiling,perfect prediction (100% of extra budget),True,30.17100213202836,0.0,7.995280912875907,0.9936688218495701,3.231481481481482,3.231481481481482
SiyuanGate,9.0,literature,average-based 0.5x,True,25.534095375446217,0.0,8.28915506003282,0.840953055297503,3.731481481481482,1.212962962962963
SiyuanGate,9.0,random,random +3,True,23.816001315587982,0.0,7.896078683266975,0.784393663102221,3.0,0.2839506172839506
SiyuanGate,9.0,rl_estimate,adaptive tau=0.02 alpha=0.5,True,24.82800270631413,0.0,7.210552788282176,0.8174314425812458,1.5370370370370372,0.601851851851852
SiyuanGate,9.0,ceiling,perfect prediction (100% of extra budget),True,30.35564028408659,0.0,8.49487628534318,0.9998915092592592,4.305555555555555,4.305555555555555
SiyuanGate,10.0,literature,average-based 0.75x,True,26.34927908446761,0.0,9.233101304564713,0.8677980075197894,5.740740740740741,1.7407407407407407
SiyuanGate,10.0,random,random +5,True,24.06187957568928,0.0,8.844787376862056,0.7924388506462576,5.0,0.4259259259259259
SiyuanGate,10.0,rl_estimate,adaptive tau=0.01 alpha=0.5,True,27.10686583648437,0.0,9.085718680913754,0.8926517920665427,5.472222222222223,1.7685185185185184
SiyuanGate,10.0,ceiling,perfect prediction (100% of extra budget),True,30.35564028408659,0.0,8.49487628534318,0.9998915092592592,4.305555555555555,4.305555555555555
SiyuanGate,11.0,literature,"threshold, EL = margin 1.0x",True,27.452606180259423,0.0,10.714129839013758,0.9044206381068342,8.824074074074074,2.3981481481481484
SiyuanGate,11.0,random,random +7,True,24.22449939127181,0.0,9.793496070457136,0.7974555468283329,7.0,0.54320987654321
SiyuanGate,11.0,rl_estimate,adaptive tau=0.01 alpha=0.5,True,27.10686583648437,0.0,9.085718680913754,0.8926517920665427,5.472222222222223,1.7685185185185184
SiyuanGate,11.0,ceiling,perfect prediction (100% of extra budget),True,30.35564028408659,0.0,8.49487628534318,0.9998915092592592,4.305555555555555,4.305555555555555
Academic,7.0,literature,predicted viewport only,True,23.06692816635118,0.0,6.594445053699154,0.7580492298690705,0.0,0.0
Academic,7.0,rl_estimate,adaptive tau=0.04 alpha=0.5,True,23.06692816635118,0.0,6.594445053699154,0.7580492298690705,0.0,0.0
Academic,7.0,ceiling,perfect prediction (100% of extra budget),True,26.553570944566502,0.0,6.996642938233778,0.8747595063866115,0.8611111111111112,0.8611111111111112
Academic,7.5,literature,predicted viewport only,True,23.06692816635118,0.0,6.594445053699154,0.7580492298690705,0.0,0.0
Academic,7.5,random,random +1,True,23.232219825883355,0.0,7.0687994004966965,0.7635590498982291,1.0,0.09876543209876543
Academic,7.5,rl_estimate,adaptive tau=0.04 alpha=0.5,True,23.06692816635118,0.0,6.594445053699154,0.7580492298690705,0.0,0.0
Academic,7.5,ceiling,perfect prediction (100% of extra budget),True,28.74386095482995,0.0,7.497429411477886,0.9470463094613089,1.9166666666666667,1.9166666666666667
Academic,8.0,literature,average-based 0.25x,True,24.523653025692106,0.0,7.425363030009469,0.8065201345143123,1.7407407407407407,0.7407407407407408
Academic,8.0,random,random +2,True,23.34602542465661,0.0,7.5431537472942365,0.767225958431674,2.0,0.1481481481481481
Academic,8.0,rl_estimate,adaptive tau=0.02 alpha=0.5,True,24.438024307229032,0.0,7.307289266526074,0.8030515088347071,1.4938271604938274,0.537037037037037
Academic,8.0,ceiling,perfect prediction (100% of extra budget),True,29.733942065334475,0.0,7.994698911412767,0.9796571535309021,2.9629629629629632,2.9629629629629632
Academic,9.0,literature,average-based 0.5x,True,25.0329824367201,0.0,8.142982281315936,0.8228084632696394,3.240740740740741,1.111111111111111
Academic,9.0,random,random +4,True,23.67476349178659,0.0,8.491862440889319,0.7780595834867575,4.0,0.3580246913580247
Academic,9.0,rl_estimate,adaptive tau=0.02 alpha=0.5,True,24.438024307229032,0.0,7.307289266526074,0.8030515088347071,1.4938271604938274,0.537037037037037
Academic,9.0,ceiling,perfect prediction (100% of extra budget),True,30.014645348630026,0.0,8.52545940160424,0.9890947685185184,4.101851851851851,4.101851851851851
Academic,10.0,literature,average-based 0.75x,True,25.614721308164217,0.0,8.906910452316058,0.8420734580040232,4.842592592592593,1.5
Academic,10.0,random,random +6,True,23.8425003834857,0.0,9.4405711344844,0.784255228305737,6.0,0.478395061728395
Academic,10.0,rl_estimate,adaptive tau=0.01 alpha=0.5,True,26.37823816695912,0.0,9.323149518568181,0.8680908319157153,5.771604938271604,1.5277777777777777
Academic,10.0,ceiling,perfect prediction (100% of extra budget),True,30.014645348630026,0.0,8.52545940160424,0.9890947685185184,4.101851851851851,4.101851851851851
Academic,11.0,literature,average-based 0.75x,True,25.614721308164217,0.0,8.906910452316058,0.8420734580040232,4.842592592592593,1.5
Academic,11.0,random,random +8,True,24.289059692410923,0.0,10.389279828079484,0.7983491693068925,8.0,0.6944444444444444
Academic,11.0,rl_estimate,adaptive tau=0.01 alpha=0.7,True,26.424644416959122,0.0,9.399486324123737,0.8693929152490487,5.907407407407408,1.5370370370370372
Academic,11.0,ceiling,perfect prediction (100% of extra budget),True,30.014645348630026,0.0,8.52545940160424,0.9890947685185184,4.101851851851851,4.101851851851851
