budget,seed,rollouts_compared,VE_v1_violation_now_avg_last50,VE_v1_first_rollout_viol_lt5,VE_v1_first_rollout_viol_lt1,VE_v1_first_rollout_viol_lt0.2,VE_v1_first_rollout_viol_eq0,VE_v1_stays_feasible_last100,PDS_exp1_violation_now_avg_last50,PDS_exp1_first_rollout_viol_lt5,PDS_exp1_first_rollout_viol_lt1,PDS_exp1_first_rollout_viol_lt0.2,PDS_exp1_first_rollout_viol_eq0,PDS_exp1_stays_feasible_last100,PDS_new_violation_now_avg_last50,PDS_new_first_rollout_viol_lt5,PDS_new_first_rollout_viol_lt1,PDS_new_first_rollout_viol_lt0.2,PDS_new_first_rollout_viol_eq0,PDS_new_stays_feasible_last100,VE_v1_vs_PDS_exp1,VE_v1_vs_PDS_new
A,1,1503,0.0049,259,391,547,1465,0.26,0.0,157,452,963,1374,0.94,0.0172,170,261,621,897,0.84,worse,worse
A,2,1602,0.2867,171,288,481,,0.0,0.0095,219,444,1114,1520,0.42,0.2412,163,398,645,,0.0,worse,mixed
A,3,1574,0.2047,200,293,957,,0.0,0.1722,173,373,877,,0.0,,,,,,,worse,
A,5,1608,0.092,191,293,759,1427,0.01,0.0465,125,257,465,882,0.29,,,,,,,worse,
A,6,1570,0.1878,190,770,1112,1275,0.02,0.0496,157,387,716,,0.0,,,,,,,mixed,
A,7,1534,0.1692,214,323,1458,,0.0,0.0116,145,531,1025,1196,0.62,,,,,,,worse,
B,1,1350,0.0,180,403,931,1117,1.0,0.0,169,535,1035,1249,0.94,0.3202,159,261,913,,0.0,better,better
B,2,1382,0.3184,159,435,809,,0.0,0.1966,220,451,889,,0.0,,,,,,,mixed,
B,3,1377,0.3432,165,436,,,0.0,0.0664,131,314,913,1320,0.05,,,,,,,worse,
B,5,1437,0.0004,205,424,1010,1277,0.9,0.0007,130,150,919,1085,0.95,,,,,,,worse,
