rollout,feasible,violation,J_D,J_P,J_B,mu_D,mu_P,mu_B,coverage,enhanced_tiles,reward,mean_psnr_db
1,0,32.4763,14.6978,10.5843,18.7142,1.0419,1.0089,1.0278,0.9114,39.06,-17.631,53.158
2,0,11.6945,7.2685,4.3138,11.6322,1.0814,1.0172,1.0552,0.8698,38.61,-17.5,52.326
3,0,4.0205,2.9718,3.9689,8.5686,1.1169,1.026,1.0816,0.8576,37.9,-17.214,52.149
4,0,2.4013,1.9329,3.7948,7.9883,1.1515,1.0326,1.1074,0.8449,37.3,-16.474,52.133
5,0,0.5547,0.6747,3.7948,7.132,1.1849,1.0383,1.1324,0.8369,36.66,-15.997,51.915
6,0,0.229,0.349,3.7948,6.9614,1.2174,1.0432,1.1565,0.8348,35.99,-15.654,51.867
7,0,0.0114,0.1314,3.7948,6.8731,1.2492,1.0466,1.18,0.8341,35.4,-15.144,51.769
8,0,0.5125,0.6325,3.7948,7.1126,1.2803,1.0495,1.2026,0.8392,34.63,-14.945,51.898
9,0,0.3565,0.4765,3.7948,6.9789,1.3108,1.0518,1.2243,0.8377,33.9,-14.823,51.876
10,0,0.219,0.339,3.7948,6.9182,1.3406,1.0534,1.2454,0.8364,33.34,-14.758,51.872
11,0,0.3212,0.4412,3.7948,6.9836,1.3696,1.055,1.2656,0.8379,32.66,-14.469,51.876
12,0,0.2249,0.3449,3.7948,6.9509,1.3981,1.0562,1.2853,0.8375,32.2,-14.232,51.875
13,0,0.0929,0.2129,3.7948,6.8228,1.4253,1.0573,1.304,0.8337,31.3,-14.021,51.829
14,0,0.0207,0.1407,3.7948,6.7379,1.4519,1.058,1.3219,0.8315,30.72,-13.649,51.755
15,1,0.0,0.0591,3.7948,6.7088,1.4787,1.0588,1.3397,0.8311,30.57,-13.87,51.754
16,1,0.0,0.0,3.7948,6.6685,1.504,1.0595,1.3564,0.8294,29.66,-13.477,51.743
17,1,0.0,0.044,3.7948,6.7033,1.5285,1.0601,1.3723,0.8311,29.06,-12.728,51.754
18,0,0.0346,0.1546,3.7948,6.8941,1.5515,1.0607,1.3873,0.8343,28.2,-12.205,51.791
19,1,0.0,0.046,3.7948,6.7405,1.5731,1.0613,1.4011,0.8314,27.21,-11.056,51.757
20,1,0.0,0.0438,3.7948,6.7018,1.5934,1.0616,1.4142,0.8307,26.6,-9.929,51.753
21,1,0.0,0.0212,3.7948,6.6966,1.6131,1.0618,1.4267,0.8307,26.15,-9.085,51.753
22,1,0.0,0.0647,3.7948,6.7133,1.6325,1.062,1.4388,0.8307,25.77,-8.697,51.753
23,1,0.0,0.0647,3.7948,6.7133,1.6502,1.0622,1.4499,0.8307,24.98,-7.814,51.753
24,1,0.0,0.0647,3.7948,6.7133,1.6669,1.0623,1.4606,0.8307,24.58,-6.632,51.753
25,0,0.033,0.153,3.7948,6.8243,1.6817,1.0622,1.4703,0.8334,23.79,-5.342,51.829
26,1,0.0,0.0647,3.7948,6.733,1.6959,1.0623,1.4796,0.8307,23.42,-4.404,51.753
27,1,0.0,0.0489,3.7948,6.719,1.7103,1.0623,1.4887,0.8307,23.24,-4.157,51.753
28,0,0.0157,0.1357,3.7948,6.7795,1.7227,1.0622,1.4969,0.8331,22.49,-3.214,51.809
29,1,0.0,0.0054,3.7948,6.6808,1.7343,1.0623,1.5047,0.8307,22.16,-1.848,51.753
30,1,0.0,0.0054,3.7948,6.6726,1.7446,1.0622,1.5118,0.8307,21.57,-0.531,51.753
31,1,0.0,0.0,3.7948,6.6632,1.7557,1.0623,1.519,0.8307,21.69,-0.064,51.753
32,1,0.0,0.0,3.7948,6.6632,1.7639,1.0623,1.5251,0.8307,20.72,0.694,51.753
33,1,0.0,0.0,3.7948,6.6632,1.7726,1.0624,1.5314,0.8307,20.87,1.734,51.753
34,1,0.0,0.0,3.7948,6.6632,1.7814,1.0624,1.5373,0.8307,20.61,1.427,51.753
35,1,0.0,0.0041,3.7948,6.6679,1.7889,1.0625,1.5426,0.8307,20.04,2.083,51.753
36,1,0.0,0.0087,3.7948,6.6762,1.795,1.0625,1.5473,0.8307,19.51,3.622,51.753
37,1,0.0,0.0671,3.7948,6.6979,1.7993,1.0623,1.5514,0.8307,19.04,5.141,51.753
38,1,0.0,0.0671,3.7948,6.7017,1.8049,1.0623,1.5555,0.8307,19.05,5.255,51.753
39,1,0.0,0.0671,3.7948,6.7225,1.8089,1.0624,1.5591,0.8312,18.61,5.649,51.758
40,1,0.0,0.0421,3.7948,6.7274,1.813,1.0623,1.5625,0.8337,18.47,6.549,51.778
41,1,0.0,0.0,3.7948,6.6715,1.8164,1.0623,1.5656,0.8307,18.2,7.088,51.753
42,1,0.0,0.0,3.7948,6.6715,1.8202,1.0622,1.5687,0.8307,18.23,7.283,51.753
43,1,0.0,0.0211,3.7948,6.6926,1.8232,1.0621,1.5714,0.8307,17.89,7.41,51.753
44,1,0.0,0.0362,3.7948,6.7134,1.8264,1.062,1.574,0.8307,17.75,7.959,51.753
45,1,0.0,0.0362,3.7948,6.7209,1.8289,1.0618,1.5762,0.8311,17.47,8.405,51.757
46,1,0.0,0.0,3.7948,6.6909,1.8313,1.0615,1.5783,0.8307,17.34,8.962,51.753
47,1,0.0,0.0211,3.7948,6.7173,1.8331,1.0612,1.58,0.8311,17.05,9.204,51.757
48,1,0.0,0.003,3.7948,6.7043,1.8356,1.0611,1.5819,0.8311,17.19,9.123,51.757
49,1,0.0,0.0181,3.7948,6.7217,1.8375,1.0608,1.5834,0.8311,16.9,9.145,51.757
50,1,0.0,0.0181,3.7948,6.7171,1.8393,1.0605,1.5848,0.8311,16.77,9.564,51.757
51,1,0.0,0.0,3.7948,6.6906,1.8412,1.0602,1.5861,0.8311,16.7,9.447,51.757
52,1,0.0,0.003,3.7948,6.68,1.8423,1.06,1.587,0.8307,16.39,9.746,51.753
53,1,0.0,0.0,3.7948,6.658,1.8435,1.0598,1.5879,0.8307,16.4,10.287,51.753
54,1,0.0,0.0,3.7948,6.6729,1.8443,1.0595,1.5885,0.8308,16.12,10.803,51.755
55,1,0.0,0.0,3.7948,6.6775,1.8451,1.0592,1.5891,0.8308,16.1,11.27,51.755
56,1,0.0,0.0,3.7948,6.6616,1.846,1.0589,1.5895,0.8295,15.95,11.045,51.746
57,1,0.0,0.0,3.7948,6.6611,1.8467,1.0587,1.5899,0.8308,15.95,10.99,51.755
58,1,0.0,0.0,3.7948,6.6529,1.8475,1.0585,1.5902,0.8294,15.89,11.203,51.743
59,1,0.0,0.0,3.7948,6.6529,1.8483,1.0582,1.5904,0.8294,15.76,11.459,51.743
60,1,0.0,0.0,3.7948,6.6529,1.849,1.0578,1.5903,0.8294,15.57,11.434,51.743
61,1,0.0,0.0,3.7948,6.6568,1.8496,1.0576,1.5904,0.8307,15.66,11.211,51.752
62,1,0.0,0.0,3.7948,6.6648,1.8498,1.0572,1.5903,0.8307,15.6,11.715,51.752
63,1,0.0,0.0,3.7948,6.6648,1.8501,1.0568,1.5904,0.8307,15.68,12.072,51.752
64,1,0.0,0.0,3.7948,6.6648,1.8504,1.0564,1.5902,0.8307,15.54,11.977,51.752
65,1,0.0,0.0,3.7948,6.6529,1.8507,1.056,1.5901,0.8294,15.48,11.883,51.743
66,1,0.0,0.0,3.7948,6.6529,1.8511,1.0556,1.5899,0.8294,15.47,11.784,51.743
67,1,0.0,0.0,3.7948,6.6608,1.8516,1.0552,1.5897,0.8307,15.54,12.175,51.752
68,1,0.0,0.0,3.7948,6.6529,1.8519,1.0547,1.5895,0.8294,15.47,11.962,51.743
69,1,0.0,0.0,3.7948,6.6608,1.8521,1.0542,1.5893,0.8307,15.4,11.964,51.767
70,1,0.0,0.0,3.7948,6.6569,1.8527,1.0538,1.5891,0.8294,15.49,11.894,51.743
71,1,0.0,0.0,3.7948,6.6691,1.853,1.0532,1.5889,0.8308,15.48,11.731,51.755
72,1,0.0,0.0,3.7948,6.6691,1.8535,1.0528,1.5888,0.8308,15.54,12.068,51.755
73,1,0.0,0.0,3.7948,6.6818,1.8536,1.0523,1.5885,0.8311,15.47,12.061,51.778
74,1,0.0,0.0,3.7948,6.6897,1.8539,1.0518,1.5884,0.833,15.58,12.154,51.834
75,1,0.0,0.0,3.7948,6.694,1.8542,1.0513,1.5883,0.8332,15.55,11.985,51.856
76,1,0.0,0.0,3.7948,6.7101,1.8546,1.0508,1.5883,0.8333,15.67,12.088,51.856
77,1,0.0,0.0,3.7948,6.7275,1.855,1.0503,1.5882,0.8338,15.57,11.955,51.874
78,1,0.0,0.0,3.7948,6.7536,1.8556,1.0498,1.5882,0.8338,15.64,11.857,51.874
79,1,0.0,0.0,3.7948,6.7459,1.8558,1.0493,1.5881,0.8338,15.52,11.867,51.874
80,1,0.0,0.0,3.7948,6.7395,1.8563,1.0488,1.5881,0.8338,15.65,11.817,51.874
81,1,0.0,0.0,3.7948,6.7478,1.8567,1.0483,1.5881,0.8346,15.65,11.848,51.899
82,1,0.0,0.0,3.7948,6.7483,1.8571,1.0478,1.5881,0.8338,15.67,11.894,51.874
83,1,0.0,0.0,3.7948,6.7358,1.8576,1.0473,1.5881,0.8339,15.69,11.637,51.891
84,1,0.0,0.0,3.7948,6.7324,1.8581,1.0468,1.5882,0.8338,15.73,11.883,51.874
85,1,0.0,0.0,3.7948,6.7444,1.8586,1.0463,1.5883,0.8338,15.69,12.068,51.874
86,1,0.0,0.0,3.7948,6.7527,1.8592,1.0458,1.5885,0.8338,15.82,11.876,51.874
87,1,0.0,0.0,3.7948,6.7444,1.8597,1.0453,1.5887,0.8338,15.81,11.824,51.874
88,1,0.0,0.0,3.7948,6.7574,1.8602,1.0449,1.5889,0.8337,15.8,11.62,51.869
89,1,0.0,0.0,3.7948,6.7576,1.8607,1.0444,1.5891,0.8337,15.8,11.712,51.869
90,1,0.0,0.0,3.7948,6.7743,1.8613,1.0439,1.5893,0.8339,15.81,11.424,51.891
91,1,0.0,0.0,3.7948,6.7869,1.8621,1.0434,1.5897,0.8339,15.97,11.018,51.891
92,1,0.0,0.0,3.7948,6.8048,1.8628,1.0429,1.59,0.8357,15.91,11.114,51.917
93,1,0.0,0.0,3.7948,6.8155,1.8637,1.0424,1.5904,0.8355,15.95,11.401,51.895
94,1,0.0,0.0,3.7948,6.8325,1.8642,1.0419,1.5907,0.8355,15.93,11.4,51.896
95,1,0.0,0.0,3.7948,6.8652,1.8653,1.0414,1.5912,0.8359,16.06,11.119,51.918
96,1,0.0,0.0,3.7948,6.8504,1.8665,1.0409,1.5918,0.8356,16.13,10.959,51.896
97,1,0.0,0.0248,3.7948,6.8846,1.8676,1.0404,1.5924,0.8367,16.1,11.171,51.961
98,1,0.0,0.0407,3.7948,6.9198,1.8686,1.0399,1.5929,0.8379,16.05,11.205,51.985
99,1,0.0,0.0407,3.7948,6.9225,1.8697,1.0394,1.5935,0.8386,16.11,11.155,51.986
100,1,0.0,0.0407,3.7948,6.9465,1.8704,1.0388,1.5941,0.8365,16.19,11.283,51.948
101,1,0.0,0.0778,3.7948,6.9471,1.8722,1.0384,1.595,0.8364,16.4,11.119,51.944
102,1,0.0,0.0498,3.7948,6.9481,1.8738,1.038,1.596,0.837,16.43,10.276,51.942
103,1,0.0,0.0498,3.7948,6.965,1.8749,1.0375,1.5969,0.8384,16.34,10.522,51.962
104,1,0.0,0.0657,3.7948,6.9704,1.8768,1.0371,1.5979,0.8378,16.5,10.55,51.971
105,1,0.0,0.0867,3.7948,6.9788,1.8785,1.0366,1.5988,0.8378,16.37,10.498,51.971
106,1,0.0,0.0867,3.7948,6.9924,1.8801,1.0361,1.5998,0.8374,16.51,10.377,51.967
107,1,0.0,0.0867,3.7948,6.9723,1.8817,1.0357,1.6009,0.8379,16.51,10.339,51.964
108,1,0.0,0.0867,3.7948,6.9807,1.8837,1.0352,1.602,0.8383,16.57,9.823,51.967
109,1,0.0,0.0867,3.7948,6.9851,1.8854,1.0347,1.6031,0.8383,16.5,9.773,51.967
110,1,0.0,0.0867,3.7948,7.006,1.8866,1.0342,1.604,0.8389,16.39,10.636,51.979
111,1,0.0,0.0867,3.7948,7.0145,1.8884,1.0337,1.6051,0.8385,16.51,10.581,51.977
112,1,0.0,0.0993,3.7948,7.0264,1.89,1.0332,1.606,0.8391,16.41,10.134,52.001
113,1,0.0,0.0899,3.7948,7.021,1.8917,1.0327,1.607,0.839,16.45,10.209,52.0
114,1,0.0,0.0742,3.7948,7.0045,1.8933,1.0322,1.608,0.8386,16.42,10.187,51.982
115,1,0.0,0.0899,3.7948,7.0054,1.8953,1.0317,1.609,0.8393,16.52,9.838,52.01
116,0,0.0035,0.1235,3.7948,7.045,1.897,1.0312,1.6101,0.839,16.53,9.989,51.984
117,0,0.016,0.136,3.7948,7.062,1.8989,1.0307,1.6112,0.8397,16.53,10.409,52.011
118,0,0.0419,0.1619,3.7948,7.0842,1.9007,1.0302,1.6123,0.8384,16.52,10.131,51.934
119,0,0.0425,0.1625,3.7948,7.074,1.9024,1.0297,1.6134,0.8387,16.5,9.964,51.949
120,0,0.0495,0.1695,3.7948,7.0871,1.9042,1.0292,1.6144,0.8402,16.51,10.154,51.974
121,0,0.0412,0.1612,3.7948,7.0958,1.9062,1.0286,1.6155,0.8414,16.48,10.047,51.975
122,0,0.071,0.191,3.7948,7.1215,1.9084,1.0281,1.6167,0.842,16.64,9.618,51.956
123,0,0.0637,0.1837,3.7948,7.1454,1.9108,1.0276,1.618,0.8421,16.64,9.336,51.962
124,0,0.0403,0.1603,3.7948,7.1212,1.9129,1.0271,1.6191,0.8419,16.56,9.403,51.974
125,0,0.0417,0.1617,3.7948,7.1236,1.9153,1.0266,1.6203,0.8422,16.64,9.045,51.976
126,0,0.0414,0.1614,3.7948,7.1242,1.9173,1.0261,1.6215,0.8418,16.61,9.255,51.977
127,0,0.0279,0.1479,3.7948,7.1559,1.9195,1.0256,1.6227,0.8397,16.57,9.577,51.97
128,0,0.0516,0.1716,3.7948,7.1662,1.9213,1.0251,1.6238,0.8399,16.53,9.844,51.971
129,0,0.0524,0.1724,3.7948,7.1921,1.9231,1.0246,1.6248,0.8405,16.52,9.896,51.981
130,0,0.0505,0.1705,3.7948,7.1969,1.9251,1.024,1.626,0.8397,16.59,9.489,51.97
131,0,0.0723,0.1923,3.7948,7.2109,1.9269,1.0235,1.6271,0.8395,16.49,9.884,51.965
132,0,0.0323,0.1523,3.7948,7.1884,1.9288,1.023,1.6281,0.8387,16.49,10.086,51.961
133,0,0.0396,0.1596,3.7948,7.1868,1.9305,1.0225,1.6292,0.8404,16.54,9.889,51.968
134,0,0.0724,0.1924,3.7948,7.1873,1.9323,1.022,1.6304,0.8409,16.59,9.969,51.968
135,0,0.1308,0.2508,3.7948,7.2346,1.9343,1.0215,1.6315,0.8408,16.55,10.017,51.969
136,0,0.1181,0.2381,3.7948,7.2226,1.9362,1.021,1.6326,0.8421,16.5,9.807,51.973
137,0,0.1056,0.2256,3.7948,7.2186,1.9383,1.0205,1.6338,0.8417,16.64,9.691,51.969
138,0,0.1086,0.2286,3.7948,7.2093,1.9406,1.02,1.635,0.8409,16.62,9.432,51.969
139,0,0.1122,0.2322,3.7948,7.2029,1.9429,1.0194,1.6362,0.8408,16.61,9.194,51.969
140,0,0.1649,0.2849,3.7948,7.2073,1.9447,1.0189,1.6373,0.8396,16.49,9.469,51.965
141,0,0.1457,0.2657,3.7948,7.205,1.9472,1.0184,1.6385,0.8422,16.64,9.667,51.974
142,0,0.1414,0.2614,3.7948,7.1986,1.9494,1.0179,1.6397,0.8442,16.55,9.263,51.994
143,0,0.1723,0.2923,3.7948,7.2087,1.9521,1.0174,1.6409,0.8435,16.66,8.841,51.952
144,0,0.1601,0.2801,3.7948,7.1979,1.9543,1.0169,1.642,0.8429,16.53,8.809,51.939
145,0,0.1124,0.2324,3.7948,7.1879,1.9574,1.0164,1.6433,0.8421,16.71,8.606,51.919
146,0,0.1611,0.2811,3.7948,7.2052,1.9598,1.0159,1.6446,0.8411,16.65,8.549,51.936
147,0,0.1315,0.2515,3.7948,7.1835,1.9625,1.0153,1.6459,0.8411,16.67,8.865,51.946
148,0,0.1771,0.2971,3.7948,7.2059,1.9646,1.0148,1.647,0.8416,16.51,9.216,51.962
149,0,0.1682,0.2882,3.7948,7.1724,1.9671,1.0143,1.6482,0.841,16.69,9.037,51.933
150,0,0.1759,0.2959,3.7948,7.1715,1.9693,1.0138,1.6495,0.8407,16.67,9.276,51.944
151,0,0.1524,0.2724,3.7948,7.1793,1.9715,1.0133,1.6507,0.8405,16.58,9.434,51.923
152,0,0.1774,0.2974,3.7948,7.1974,1.9737,1.0128,1.6518,0.842,16.55,9.188,51.918
153,0,0.1577,0.2777,3.7948,7.181,1.9761,1.0123,1.653,0.8426,16.62,9.199,51.931
154,0,0.1202,0.2402,3.7948,7.168,1.9784,1.0118,1.6542,0.8416,16.62,9.136,51.945
155,0,0.1381,0.2581,3.7948,7.1653,1.9808,1.0113,1.6554,0.8409,16.61,8.943,51.933
156,0,0.1226,0.2426,3.7948,7.164,1.9835,1.0107,1.6566,0.8403,16.61,8.929,51.936
157,0,0.1367,0.2567,3.7948,7.164,1.986,1.0102,1.6578,0.8407,16.63,9.011,51.972
158,0,0.1367,0.2567,3.7948,7.1641,1.9885,1.0097,1.659,0.841,16.61,8.962,51.964
159,0,0.1374,0.2574,3.7948,7.1637,1.9906,1.0092,1.6601,0.8415,16.49,8.999,51.982
160,0,0.1355,0.2555,3.7948,7.167,1.9934,1.0087,1.6614,0.8411,16.7,8.462,51.975
161,0,0.1667,0.2867,3.7948,7.188,1.9956,1.0082,1.6625,0.8414,16.58,8.886,51.975
162,0,0.1712,0.2912,3.7948,7.1792,1.9974,1.0077,1.6635,0.841,16.45,9.622,51.981
163,0,0.1758,0.2958,3.7948,7.1837,2.0004,1.0072,1.6647,0.8419,16.63,8.889,51.992
164,0,0.1983,0.3183,3.7948,7.1972,2.0021,1.0066,1.6657,0.8426,16.41,8.887,51.992
165,0,0.1705,0.2905,3.7948,7.1796,2.0043,1.0061,1.6667,0.8422,16.46,9.51,51.997
166,0,0.1461,0.2661,3.7948,7.1662,2.0063,1.0056,1.6676,0.8422,16.37,9.473,51.997
167,0,0.2056,0.3256,3.7948,7.193,2.0089,1.0051,1.6689,0.8434,16.64,9.138,52.025
168,0,0.1658,0.2858,3.7948,7.1871,2.0109,1.0046,1.6699,0.8427,16.44,8.915,52.017
169,0,0.1582,0.2782,3.7948,7.1777,2.0137,1.0041,1.6711,0.8424,16.59,8.652,52.016
170,0,0.1515,0.2715,3.7948,7.1797,2.0162,1.0036,1.6722,0.8439,16.53,8.498,52.059
171,0,0.2137,0.3337,3.7948,7.1982,2.0182,1.0031,1.6731,0.8432,16.4,8.788,51.997
172,0,0.2024,0.3224,3.7948,7.1958,2.02,1.0025,1.674,0.8433,16.34,9.328,52.018
173,0,0.1954,0.3154,3.7948,7.1994,2.022,1.002,1.6749,0.8444,16.36,9.52,52.023
174,0,0.2096,0.3296,3.7948,7.224,2.0245,1.0015,1.6759,0.8436,16.46,8.9,52.031
175,0,0.2152,0.3352,3.7948,7.1994,2.0269,1.001,1.6771,0.8427,16.57,8.589,52.005
176,0,0.2529,0.3729,3.7948,7.2294,2.0292,1.0005,1.6781,0.8424,16.45,8.772,51.988
177,0,0.2381,0.3581,3.7948,7.2085,2.0316,1.0,1.6791,0.8431,16.45,8.651,52.042
178,0,0.2439,0.3639,3.7948,7.2149,2.0334,0.9995,1.68,0.8417,16.35,8.917,52.028
179,0,0.2779,0.3979,3.7948,7.223,2.0355,0.999,1.681,0.8417,16.42,9.242,52.008
180,0,0.2329,0.3529,3.7948,7.2033,2.0377,0.9984,1.6819,0.8388,16.41,9.045,51.922
181,0,0.2196,0.3396,3.7948,7.1985,2.0398,0.9979,1.6829,0.8387,16.41,9.163,51.917
182,0,0.2344,0.3544,3.7948,7.2146,2.0421,0.9974,1.6839,0.8371,16.44,9.123,51.888
183,0,0.2467,0.3667,3.7948,7.2181,2.0448,0.9969,1.6849,0.8386,16.5,8.887,51.933
184,0,0.2959,0.4159,3.7948,7.2279,2.0469,0.9964,1.6859,0.8385,16.37,9.206,51.921
185,0,0.2543,0.3743,3.7948,7.236,2.0494,0.9959,1.6869,0.8391,16.45,9.045,51.94
186,0,0.2392,0.3592,3.7948,7.2354,2.052,0.9954,1.688,0.8387,16.52,8.604,51.938
187,0,0.2785,0.3985,3.7948,7.2505,2.0543,0.9948,1.689,0.8433,16.49,8.814,52.002
188,0,0.2131,0.3331,3.7948,7.2283,2.0565,0.9943,1.6899,0.8415,16.39,9.156,51.99
189,0,0.2875,0.4075,3.7948,7.2443,2.0586,0.9938,1.6909,0.8402,16.43,9.213,51.951
190,0,0.2721,0.3921,3.7948,7.2614,2.061,0.9933,1.6919,0.8415,16.44,9.101,51.96
191,0,0.246,0.366,3.7948,7.2558,2.0631,0.9928,1.6929,0.8425,16.4,8.873,51.97
192,0,0.2447,0.3647,3.7948,7.2546,2.0657,0.9923,1.6939,0.8412,16.5,8.655,51.959
193,0,0.2476,0.3676,3.7948,7.2616,2.0678,0.9918,1.6948,0.8409,16.3,8.556,51.983
194,0,0.2453,0.3653,3.7948,7.2641,2.0698,0.9913,1.6957,0.8396,16.38,8.9,51.964
195,0,0.2312,0.3512,3.7948,7.2591,2.0717,0.9907,1.6965,0.8402,16.24,9.005,51.984
196,0,0.239,0.359,3.7948,7.257,2.0739,0.9902,1.6973,0.8389,16.33,9.002,51.945
197,0,0.2411,0.3611,3.7948,7.2365,2.0761,0.9897,1.6982,0.84,16.31,8.932,51.939
198,0,0.1971,0.3171,3.7948,7.2118,2.0781,0.9892,1.6989,0.8375,16.26,9.129,51.897
199,0,0.2228,0.3428,3.7948,7.2117,2.0803,0.9887,1.6999,0.8396,16.4,9.242,51.934
200,0,0.2155,0.3355,3.7948,7.2167,2.0825,0.9882,1.7007,0.8404,16.3,9.074,51.976
201,0,0.2437,0.3637,3.7948,7.221,2.085,0.9877,1.7017,0.8401,16.47,8.96,51.955
202,0,0.2437,0.3637,3.7948,7.2242,2.0874,0.9872,1.7027,0.8416,16.39,8.843,52.009
203,0,0.2419,0.3619,3.7948,7.211,2.0894,0.9866,1.7034,0.8408,16.27,9.083,51.966
204,0,0.24,0.36,3.7948,7.2063,2.0912,0.9861,1.7042,0.8414,16.2,9.198,51.976
205,0,0.2185,0.3385,3.7948,7.1992,2.093,0.9856,1.7049,0.8414,16.2,9.354,51.976
206,0,0.1951,0.3151,3.7948,7.2181,2.095,0.9851,1.7056,0.8421,16.22,9.156,52.035
207,0,0.2155,0.3355,3.7948,7.2318,2.0971,0.9846,1.7064,0.8417,16.26,9.12,52.009
208,0,0.207,0.327,3.7948,7.2139,2.0987,0.9841,1.707,0.8419,16.16,9.52,52.011
209,0,0.1742,0.2942,3.7948,7.2108,2.1007,0.9836,1.7077,0.8408,16.2,9.705,52.015
210,0,0.1643,0.2843,3.7948,7.1995,2.1028,0.9831,1.7085,0.8403,16.22,9.1,51.984
211,0,0.1751,0.2951,3.7948,7.2109,2.1046,0.9825,1.7091,0.8436,16.15,9.125,52.055
212,0,0.1518,0.2718,3.7948,7.1986,2.1068,0.982,1.7098,0.8417,16.21,9.247,52.014
213,0,0.1753,0.2953,3.7948,7.1984,2.1084,0.9815,1.7105,0.8427,16.16,9.431,52.054
214,0,0.1849,0.3049,3.7948,7.1995,2.11,0.981,1.7111,0.8419,16.11,9.506,52.009
215,0,0.1957,0.3157,3.7948,7.1958,2.1114,0.9805,1.7118,0.8414,16.17,9.551,52.01
216,0,0.216,0.336,3.7948,7.2003,2.1133,0.98,1.7125,0.841,16.22,9.764,52.006
217,0,0.1844,0.3044,3.7948,7.1846,2.1151,0.9795,1.7132,0.8409,16.17,9.316,52.0
218,0,0.1844,0.3044,3.7948,7.1936,2.1169,0.9789,1.7139,0.8403,16.2,9.137,51.993
219,0,0.2312,0.3512,3.7948,7.2045,2.119,0.9784,1.7147,0.8414,16.3,9.174,52.012
220,0,0.2477,0.3677,3.7948,7.206,2.1206,0.9779,1.7154,0.8399,16.17,9.242,51.973
221,0,0.2418,0.3618,3.7948,7.2009,2.1226,0.9774,1.7161,0.8401,16.26,9.361,51.994
222,0,0.2541,0.3741,3.7948,7.2022,2.1242,0.9769,1.7167,0.8385,16.11,9.761,51.954
223,0,0.2647,0.3847,3.7948,7.2066,2.1261,0.9764,1.7174,0.8385,16.19,9.413,51.954
224,0,0.2682,0.3882,3.7948,7.2027,2.1279,0.9759,1.718,0.8401,16.11,9.24,51.977
225,0,0.2564,0.3764,3.7948,7.2104,2.1295,0.9754,1.7187,0.8396,16.17,9.585,51.96
226,0,0.2854,0.4054,3.7948,7.2251,2.131,0.9748,1.7192,0.8396,16.04,9.719,51.958
227,0,0.2627,0.3827,3.7948,7.2163,2.1331,0.9743,1.7199,0.8404,16.21,9.298,51.968
228,0,0.2276,0.3476,3.7948,7.202,2.1351,0.9738,1.7206,0.8406,16.19,9.083,51.97
229,0,0.2659,0.3859,3.7948,7.2364,2.1366,0.9733,1.7211,0.8429,16.09,9.468,52.019
230,0,0.2218,0.3418,3.7948,7.2167,2.1385,0.9728,1.7218,0.8411,16.17,9.755,51.99
231,0,0.2161,0.3361,3.7948,7.2159,2.1404,0.9723,1.7224,0.8423,16.1,9.2,52.04
232,0,0.2288,0.3488,3.7948,7.22,2.1421,0.9718,1.7229,0.8412,16.06,9.147,51.993
233,0,0.1999,0.3199,3.7948,7.1947,2.144,0.9713,1.7235,0.8426,16.12,9.188,52.048
234,0,0.1913,0.3113,3.7948,7.1995,2.1459,0.9707,1.7242,0.8422,16.19,9.217,52.018
235,0,0.2038,0.3238,3.7948,7.1963,2.1476,0.9702,1.7248,0.8422,16.08,9.311,52.018
236,0,0.1988,0.3188,3.7948,7.2034,2.1495,0.9697,1.7254,0.8426,16.11,9.09,52.058
237,0,0.1569,0.2769,3.7948,7.1874,2.1507,0.9692,1.7259,0.8437,16.05,9.624,52.068
238,0,0.1774,0.2974,3.7948,7.1997,2.1525,0.9687,1.7265,0.8427,16.07,9.629,52.061
239,0,0.1977,0.3177,3.7948,7.2004,2.154,0.9682,1.727,0.8422,16.04,9.444,52.056
240,0,0.1954,0.3154,3.7948,7.2044,2.1554,0.9677,1.7274,0.8437,15.99,9.782,52.068
241,0,0.1884,0.3084,3.7948,7.2041,2.1574,0.9672,1.728,0.8434,16.15,9.585,52.07
242,0,0.1722,0.2922,3.7948,7.1914,2.1589,0.9666,1.7285,0.8434,16.02,9.685,52.07
243,0,0.1854,0.3054,3.7948,7.1983,2.1607,0.9661,1.7291,0.8434,16.06,9.775,52.064
244,0,0.1825,0.3025,3.7948,7.2047,2.1627,0.9656,1.7296,0.8451,16.08,9.116,52.075
245,0,0.2281,0.3481,3.7948,7.2175,2.1642,0.9651,1.7301,0.8467,16.01,9.12,52.131
246,0,0.2088,0.3288,3.7948,7.2166,2.1657,0.9646,1.7306,0.8462,16.06,9.485,52.086
247,0,0.251,0.371,3.7948,7.2289,2.1675,0.9641,1.7312,0.8448,16.08,9.381,52.064
248,0,0.2746,0.3946,3.7948,7.2413,2.1693,0.9636,1.7317,0.8448,16.04,9.197,52.064
249,0,0.2322,0.3522,3.7948,7.2477,2.1708,0.9631,1.7322,0.8435,16.04,9.293,52.06
250,0,0.3032,0.4232,3.7948,7.2535,2.1726,0.9625,1.7328,0.8448,16.05,9.421,52.064
251,0,0.2544,0.3744,3.7948,7.2402,2.1741,0.962,1.7331,0.8452,15.94,9.575,52.074
252,0,0.2622,0.3822,3.7948,7.2454,2.1757,0.9615,1.7336,0.8437,16.03,9.693,52.058
253,0,0.2874,0.4074,3.7948,7.258,2.1775,0.961,1.7341,0.8453,16.03,9.352,52.071
254,0,0.2208,0.3408,3.7948,7.2359,2.1793,0.9605,1.7347,0.8453,16.09,9.203,52.059
255,0,0.2621,0.3821,3.7948,7.2428,2.1808,0.96,1.7352,0.8453,16.01,9.616,52.057
256,0,0.2712,0.3912,3.7948,7.2431,2.1828,0.9595,1.7357,0.8447,16.03,9.317,52.073
257,0,0.253,0.373,3.7948,7.2475,2.1845,0.9589,1.7362,0.845,16.01,9.108,52.053
258,0,0.3044,0.4244,3.7948,7.2644,2.186,0.9584,1.7366,0.8449,15.96,9.569,52.029
259,0,0.3083,0.4283,3.7948,7.2644,2.1874,0.9579,1.737,0.8455,15.95,9.631,52.055
260,0,0.2964,0.4164,3.7948,7.2679,2.1891,0.9574,1.7374,0.8455,15.95,9.607,52.068
261,0,0.3035,0.4235,3.7948,7.2605,2.191,0.9569,1.7379,0.845,16.03,9.33,52.026
262,0,0.2479,0.3679,3.7948,7.2439,2.1923,0.9564,1.7383,0.8442,15.94,9.654,51.99
263,0,0.2719,0.3919,3.7948,7.2529,2.1936,0.9559,1.7386,0.8444,15.88,10.205,52.047
264,0,0.2756,0.3956,3.7948,7.2528,2.1954,0.9554,1.7392,0.8443,16.05,9.299,52.057
265,0,0.2488,0.3688,3.7948,7.2445,2.1967,0.9548,1.7396,0.8434,16.0,9.425,52.044
266,0,0.2439,0.3639,3.7948,7.2446,2.1981,0.9543,1.7401,0.8432,16.01,10.081,52.039
267,0,0.2939,0.4139,3.7948,7.2713,2.1996,0.9538,1.7406,0.8443,16.05,9.909,52.048
268,0,0.3069,0.4269,3.7948,7.2801,2.2014,0.9533,1.7412,0.8444,16.11,9.428,52.033
269,0,0.3145,0.4345,3.7948,7.2841,2.2032,0.9528,1.7418,0.8459,16.07,9.338,52.05
270,0,0.3122,0.4322,3.7948,7.2811,2.2046,0.9523,1.7423,0.8444,16.05,9.636,52.033
271,0,0.3048,0.4248,3.7948,7.2768,2.2063,0.9518,1.7427,0.8456,15.94,9.645,52.04
272,0,0.299,0.419,3.7948,7.2841,2.2076,0.9513,1.7431,0.8448,15.96,9.676,52.04
273,0,0.3463,0.4663,3.7948,7.282,2.2096,0.9508,1.7437,0.8445,16.09,9.601,52.024
274,0,0.3706,0.4906,3.7948,7.2949,2.2115,0.9502,1.7442,0.8462,16.05,9.289,52.065
275,0,0.3765,0.4965,3.7948,7.2869,2.2131,0.9497,1.7447,0.8418,16.03,9.515,51.962
276,0,0.3147,0.4347,3.7948,7.2877,2.2151,0.9492,1.7452,0.8434,16.06,9.045,52.035
277,0,0.308,0.428,3.7948,7.2883,2.2165,0.9487,1.7456,0.8443,15.91,9.299,52.063
278,0,0.3083,0.4283,3.7948,7.296,2.2181,0.9482,1.7461,0.8435,16.02,9.874,52.065
279,0,0.3374,0.4574,3.7948,7.3011,2.2193,0.9477,1.7463,0.843,15.81,9.89,52.072
280,0,0.3085,0.4285,3.7948,7.3011,2.2207,0.9472,1.7467,0.8422,15.86,10.16,52.056
281,0,0.3049,0.4249,3.7948,7.2904,2.2224,0.9466,1.7471,0.8423,16.0,9.89,52.03
282,0,0.3391,0.4591,3.7948,7.31,2.2241,0.9461,1.7477,0.8413,16.07,9.421,52.046
283,0,0.333,0.453,3.7948,7.3142,2.2258,0.9456,1.7481,0.8436,15.97,9.145,52.06
284,0,0.3631,0.4831,3.7948,7.3182,2.2276,0.9451,1.7486,0.8437,15.96,9.103,52.06
285,0,0.3866,0.5066,3.7948,7.3356,2.2294,0.9446,1.749,0.845,15.95,9.213,52.09
286,0,0.3633,0.4833,3.7948,7.3231,2.2309,0.9441,1.7493,0.8444,15.91,9.52,52.085
287,0,0.3219,0.4419,3.7948,7.3176,2.2322,0.9436,1.7497,0.842,15.91,10.074,52.025
288,0,0.3687,0.4887,3.7948,7.3311,2.2338,0.9431,1.7502,0.8432,16.02,10.115,52.042
289,0,0.3653,0.4853,3.7948,7.3322,2.2353,0.9425,1.7505,0.8447,15.91,9.927,52.086
290,0,0.3228,0.4428,3.7948,7.3244,2.2368,0.942,1.7509,0.8454,15.96,9.964,52.101
291,0,0.3221,0.4421,3.7948,7.3228,2.2382,0.9415,1.7513,0.845,15.89,9.814,52.081
292,0,0.3161,0.4361,3.7948,7.3244,2.2396,0.941,1.7515,0.8425,15.81,9.696,52.038
293,0,0.3511,0.4711,3.7948,7.3248,2.2409,0.9405,1.7518,0.8436,15.84,9.743,52.06
294,0,0.3303,0.4503,3.7948,7.3075,2.2424,0.94,1.7522,0.8437,15.9,9.651,52.072
295,0,0.2994,0.4194,3.7948,7.2946,2.2438,0.9395,1.7524,0.8449,15.83,9.666,52.079
296,0,0.2909,0.4109,3.7948,7.2986,2.2451,0.939,1.7527,0.8451,15.83,9.831,52.083
297,0,0.281,0.401,3.7948,7.3052,2.2464,0.9384,1.753,0.845,15.83,10.044,52.109
298,0,0.2434,0.3634,3.7948,7.3145,2.2478,0.9379,1.7533,0.8439,15.9,9.711,52.051
299,0,0.2268,0.3468,3.7948,7.3065,2.2489,0.9374,1.7536,0.8447,15.8,10.046,52.094
300,0,0.2692,0.3892,3.7948,7.317,2.2498,0.9369,1.7537,0.846,15.75,10.465,52.06
301,0,0.2478,0.3678,3.7948,7.2992,2.2513,0.9364,1.7541,0.8413,15.94,10.263,51.976
302,0,0.2614,0.3814,3.7948,7.2979,2.2525,0.9359,1.7544,0.8466,15.88,10.124,52.082
303,0,0.2544,0.3744,3.7948,7.3099,2.2537,0.9354,1.7547,0.8435,15.84,10.454,52.023
304,0,0.2584,0.3784,3.7948,7.3156,2.255,0.9349,1.755,0.8446,15.83,10.05,52.048
305,0,0.265,0.385,3.7948,7.3145,2.2565,0.9343,1.7553,0.8454,15.88,9.733,52.051
306,0,0.2654,0.3854,3.7948,7.3102,2.2578,0.9338,1.7556,0.8438,15.87,9.813,52.017
307,0,0.3051,0.4251,3.7948,7.3316,2.2591,0.9333,1.756,0.8453,15.9,10.259,52.028
308,0,0.366,0.486,3.7948,7.3414,2.2602,0.9328,1.7562,0.8457,15.83,10.404,52.031
309,0,0.3145,0.4345,3.7948,7.327,2.2618,0.9323,1.7566,0.847,15.92,9.872,52.079
310,0,0.3101,0.4301,3.7948,7.3282,2.2632,0.9318,1.757,0.8461,15.91,9.789,52.03
311,0,0.2995,0.4195,3.7948,7.3355,2.2648,0.9313,1.7574,0.8476,15.98,9.891,52.071
312,0,0.3481,0.4681,3.7948,7.3316,2.2662,0.9307,1.7578,0.8461,15.96,9.829,52.035
313,0,0.4017,0.5217,3.7948,7.3535,2.2679,0.9302,1.7583,0.8448,16.0,9.639,52.026
314,0,0.3339,0.4539,3.7948,7.3293,2.2694,0.9297,1.7587,0.8454,15.97,9.512,52.024
315,0,0.3906,0.5106,3.7948,7.354,2.2708,0.9292,1.759,0.8448,15.88,9.805,52.018
316,0,0.376,0.496,3.7948,7.3578,2.272,0.9287,1.7594,0.8486,15.9,9.967,52.044
317,0,0.4134,0.5334,3.7948,7.3717,2.2737,0.9282,1.7598,0.8498,15.96,9.752,52.071
318,0,0.3915,0.5115,3.7948,7.3547,2.2752,0.9277,1.7602,0.8486,15.93,9.648,52.063
319,0,0.3799,0.4999,3.7948,7.3466,2.277,0.9272,1.7606,0.8467,15.98,9.564,52.041
320,0,0.3281,0.4481,3.7948,7.3519,2.2788,0.9266,1.7611,0.8484,16.0,9.411,52.05
321,0,0.3736,0.4936,3.7948,7.3601,2.2801,0.9261,1.7614,0.8474,15.89,9.516,52.074
322,0,0.3709,0.4909,3.7948,7.3642,2.2814,0.9256,1.7618,0.8461,15.87,9.54,52.057
323,0,0.3095,0.4295,3.7948,7.3431,2.2829,0.9251,1.7622,0.8455,15.96,9.681,52.061
324,0,0.3676,0.4876,3.7948,7.3505,2.2845,0.9246,1.7625,0.8449,15.9,9.536,52.009
325,0,0.4455,0.5655,3.7948,7.3756,2.2859,0.9241,1.7629,0.8455,15.9,9.641,52.039
326,0,0.3365,0.4565,3.7948,7.348,2.2873,0.9236,1.7632,0.8444,15.91,9.875,52.051
327,0,0.3001,0.4201,3.7948,7.3409,2.289,0.9231,1.7637,0.8446,15.96,9.642,52.025
328,0,0.3064,0.4264,3.7948,7.341,2.2903,0.9225,1.764,0.8449,15.88,9.458,52.028
329,0,0.3159,0.4359,3.7948,7.3369,2.2918,0.922,1.7644,0.8438,15.96,9.495,52.029
330,0,0.3155,0.4355,3.7948,7.3485,2.2932,0.9215,1.7648,0.8447,15.96,9.77,52.03
331,0,0.3306,0.4506,3.7948,7.3573,2.2945,0.921,1.7653,0.8442,15.97,9.908,52.051
332,0,0.3216,0.4416,3.7948,7.3551,2.2958,0.9205,1.7656,0.8458,15.88,9.87,52.036
333,0,0.3061,0.4261,3.7948,7.3437,2.2972,0.92,1.7659,0.8459,15.93,10.021,52.04
334,0,0.3406,0.4606,3.7948,7.3668,2.2985,0.9195,1.7662,0.8472,15.86,10.082,52.056
335,0,0.3757,0.4957,3.7948,7.3519,2.2999,0.919,1.7667,0.8454,15.97,9.962,52.031
336,0,0.3627,0.4827,3.7948,7.3548,2.3015,0.9184,1.767,0.8479,15.92,9.802,52.061
337,0,0.3853,0.5053,3.7948,7.3689,2.3029,0.9179,1.7674,0.8468,15.93,9.691,52.047
338,0,0.3635,0.4835,3.7948,7.3342,2.3042,0.9174,1.7677,0.8442,15.83,9.8,51.989
339,0,0.3319,0.4519,3.7948,7.3483,2.3055,0.9169,1.768,0.8448,15.85,10.127,52.059
340,0,0.393,0.513,3.7948,7.3659,2.3069,0.9164,1.7683,0.8459,15.89,10.02,52.055
341,0,0.3558,0.4758,3.7948,7.3414,2.3083,0.9159,1.7686,0.8445,15.87,9.929,52.025
342,0,0.3849,0.5049,3.7948,7.3463,2.3097,0.9154,1.7689,0.8463,15.86,9.73,52.069
343,0,0.3779,0.4979,3.7948,7.3442,2.3115,0.9149,1.7693,0.8464,15.89,9.167,52.078
344,0,0.3737,0.4937,3.7948,7.353,2.3131,0.9144,1.7696,0.8449,15.9,9.091,52.055
345,0,0.3215,0.4415,3.7948,7.3329,2.3145,0.9138,1.7699,0.8441,15.86,9.616,52.032
346,0,0.3665,0.4865,3.7948,7.3452,2.3157,0.9133,1.7702,0.8453,15.86,9.977,52.059
347,0,0.3009,0.4209,3.7948,7.336,2.317,0.9128,1.7706,0.8471,15.88,10.203,52.089
348,0,0.351,0.471,3.7948,7.3504,2.3185,0.9123,1.771,0.8463,15.95,9.935,52.088
349,0,0.2788,0.3988,3.7948,7.3307,2.3198,0.9119,1.7713,0.8443,15.89,9.88,52.044
350,0,0.2567,0.3767,3.7948,7.3105,2.3211,0.9115,1.7717,0.8435,15.93,9.98,52.039
351,0,0.2732,0.3932,3.7948,7.3188,2.3224,0.911,1.7719,0.8431,15.84,9.95,52.021
352,0,0.2814,0.4014,3.7948,7.3227,2.3236,0.9105,1.7722,0.8436,15.82,9.866,52.036
353,0,0.2305,0.3505,3.7948,7.3131,2.3253,0.9101,1.7727,0.8443,16.01,9.502,52.028
354,0,0.2561,0.3761,3.7948,7.3176,2.3269,0.9096,1.7731,0.8469,15.93,9.235,52.045
355,0,0.2627,0.3827,3.7948,7.3185,2.3283,0.9091,1.7734,0.8465,15.93,9.454,52.077
356,0,0.2585,0.3785,3.7948,7.3186,2.3299,0.9086,1.7739,0.8467,15.96,9.382,52.057
357,0,0.2537,0.3737,3.7948,7.307,2.3316,0.9081,1.7743,0.8456,15.97,9.436,52.073
358,0,0.3111,0.4311,3.7948,7.3201,2.3334,0.9076,1.7747,0.8463,15.95,9.261,52.075
359,0,0.3091,0.4291,3.7948,7.3349,2.3346,0.9071,1.775,0.8495,15.86,9.584,52.102
360,0,0.2495,0.3695,3.7948,7.3182,2.3358,0.9066,1.7753,0.8451,15.91,9.797,52.048
361,0,0.2381,0.3581,3.7948,7.323,2.337,0.9061,1.7756,0.8453,15.81,10.141,52.066
362,0,0.25,0.37,3.7948,7.3189,2.3381,0.9056,1.7759,0.8465,15.87,10.389,52.08
363,0,0.2573,0.3773,3.7948,7.3269,2.3394,0.9051,1.7763,0.8478,15.96,9.973,52.092
364,0,0.2468,0.3668,3.7948,7.3229,2.3409,0.9046,1.7767,0.8458,15.96,9.329,52.074
365,0,0.2903,0.4103,3.7948,7.3337,2.3422,0.9041,1.7771,0.8457,15.94,9.643,52.064
366,0,0.3403,0.4603,3.7948,7.3455,2.3436,0.9036,1.7774,0.848,15.9,9.97,52.066
367,0,0.3136,0.4336,3.7948,7.3365,2.3452,0.9031,1.7779,0.8483,15.97,9.664,52.085
368,0,0.2355,0.3555,3.7948,7.3225,2.3467,0.9026,1.7783,0.8461,15.97,9.391,52.048
369,0,0.3089,0.4289,3.7948,7.3406,2.3482,0.9021,1.7787,0.8459,15.93,9.354,52.058
370,0,0.3138,0.4338,3.7948,7.3486,2.3499,0.9017,1.7792,0.845,16.02,9.28,52.056
371,0,0.3286,0.4486,3.7948,7.3497,2.3513,0.9012,1.7796,0.8434,16.01,9.213,52.042
372,0,0.3001,0.4201,3.7948,7.3388,2.3527,0.9007,1.78,0.8436,15.94,9.692,51.991
373,0,0.3091,0.4291,3.7948,7.3453,2.3542,0.9002,1.7804,0.8452,15.94,9.444,52.049
374,0,0.3054,0.4254,3.7948,7.3511,2.3555,0.8997,1.7807,0.8462,15.89,9.759,52.05
375,0,0.3186,0.4386,3.7948,7.3613,2.3569,0.8992,1.7812,0.8457,15.99,9.97,52.048
376,0,0.32,0.44,3.7948,7.3607,2.3584,0.8987,1.7816,0.8447,15.94,9.691,52.038
377,0,0.3321,0.4521,3.7948,7.3679,2.3595,0.8983,1.782,0.8454,15.96,10.072,52.054
378,0,0.3173,0.4373,3.7948,7.3421,2.3612,0.8978,1.7824,0.8448,15.97,9.864,52.031
379,0,0.3539,0.4739,3.7948,7.3459,2.3628,0.8973,1.7828,0.8454,15.94,9.258,52.04
380,0,0.3195,0.4395,3.7948,7.3393,2.3639,0.8968,1.7831,0.8435,15.86,9.859,52.022
381,0,0.3291,0.4491,3.7948,7.3618,2.3652,0.8963,1.7835,0.8458,15.97,10.037,52.052
382,0,0.3313,0.4513,3.7948,7.3485,2.3664,0.8958,1.7838,0.8443,15.88,9.907,52.063
383,0,0.322,0.442,3.7948,7.3442,2.3678,0.8953,1.7842,0.8446,15.92,9.731,52.051
384,0,0.2922,0.4122,3.7948,7.349,2.3692,0.8948,1.7845,0.8436,15.9,9.508,52.024
385,0,0.2609,0.3809,3.7948,7.3283,2.3705,0.8943,1.785,0.8431,15.99,9.606,52.025
386,0,0.2463,0.3663,3.7948,7.3193,2.3717,0.8938,1.7853,0.842,15.89,10.025,52.008
387,0,0.2858,0.4058,3.7948,7.3272,2.3731,0.8933,1.7856,0.8455,15.88,9.844,52.059
388,0,0.2444,0.3644,3.7948,7.3254,2.3742,0.8928,1.786,0.8461,15.89,9.756,52.063
389,0,0.2986,0.4186,3.7948,7.3466,2.3753,0.8924,1.7862,0.8465,15.82,9.956,52.068
390,0,0.3412,0.4612,3.7948,7.3615,2.3765,0.8918,1.7865,0.8467,15.87,10.24,52.065
391,0,0.293,0.413,3.7948,7.3506,2.3777,0.8913,1.7869,0.8472,15.94,10.203,52.065
392,0,0.2969,0.4169,3.7948,7.3486,2.379,0.8908,1.7873,0.8441,15.93,9.696,52.019
393,0,0.3277,0.4477,3.7948,7.3534,2.3804,0.8903,1.7877,0.842,15.96,9.568,51.989
394,0,0.3607,0.4807,3.7948,7.3643,2.3817,0.8898,1.788,0.844,15.87,9.483,52.043
395,0,0.3254,0.4454,3.7948,7.3543,2.3829,0.8894,1.7883,0.8441,15.86,9.802,52.026
396,0,0.3847,0.5047,3.7948,7.3719,2.3843,0.8889,1.7887,0.8443,15.94,9.707,52.048
397,0,0.3567,0.4767,3.7948,7.3906,2.3858,0.8884,1.789,0.845,15.9,9.558,52.051
398,0,0.2753,0.3953,3.7948,7.365,2.3869,0.8878,1.7894,0.8445,15.91,9.767,52.05
399,0,0.3063,0.4263,3.7948,7.3726,2.3881,0.8873,1.7897,0.8458,15.9,10.175,52.068
400,0,0.3083,0.4283,3.7948,7.3641,2.3895,0.8868,1.7901,0.8421,15.92,9.983,52.008
401,0,0.3235,0.4435,3.7948,7.3633,2.3908,0.8863,1.7904,0.8475,15.94,9.747,52.098
402,0,0.3195,0.4395,3.7948,7.3769,2.3919,0.8858,1.7907,0.8447,15.82,9.945,52.04
403,0,0.3386,0.4586,3.7948,7.3799,2.3933,0.8853,1.7911,0.8429,15.97,9.739,52.015
404,0,0.3495,0.4695,3.7948,7.3843,2.3947,0.8848,1.7915,0.8455,15.92,9.438,52.078
405,0,0.355,0.475,3.7948,7.3749,2.396,0.8843,1.7918,0.8452,15.89,9.812,52.056
406,0,0.3613,0.4813,3.7948,7.3867,2.3974,0.8838,1.7923,0.8444,15.99,10.031,52.025
407,0,0.2905,0.4105,3.7948,7.3763,2.3985,0.8833,1.7926,0.8439,15.85,9.912,52.036
408,0,0.3431,0.4631,3.7948,7.3866,2.3999,0.8828,1.793,0.8429,15.94,9.975,52.006
409,0,0.3805,0.4991,3.7948,7.4014,2.4013,0.8823,1.7933,0.8463,15.86,9.851,52.078
410,0,0.4054,0.5173,3.7948,7.4081,2.4026,0.8818,1.7937,0.8442,15.99,9.681,52.016
411,0,0.3559,0.4759,3.7948,7.3873,2.4039,0.8813,1.7941,0.8468,15.95,9.852,52.111
412,0,0.3603,0.4803,3.7948,7.3906,2.4055,0.8808,1.7946,0.8454,16.06,9.562,52.074
413,0,0.3315,0.4515,3.7948,7.377,2.4069,0.8803,1.7951,0.8463,16.04,9.699,52.082
414,0,0.3635,0.4835,3.7948,7.3791,2.4081,0.8798,1.7955,0.8472,15.94,10.066,52.121
415,0,0.3498,0.4698,3.7948,7.3913,2.4095,0.8793,1.796,0.844,16.05,9.852,52.034
416,0,0.3356,0.4556,3.7948,7.3852,2.4107,0.8788,1.7965,0.8444,16.05,9.866,52.037
417,0,0.3503,0.4703,3.7948,7.386,2.4121,0.8783,1.797,0.8456,16.04,9.819,52.029
418,0,0.3285,0.4485,3.7948,7.3607,2.4133,0.8778,1.7974,0.8453,15.96,9.797,52.013
419,0,0.3356,0.4556,3.7948,7.3857,2.4147,0.8773,1.7979,0.8474,15.97,9.616,52.079
420,0,0.3368,0.4568,3.7948,7.3896,2.4157,0.8768,1.7982,0.8459,15.92,9.674,52.018
421,0,0.3494,0.4694,3.7948,7.3907,2.417,0.8763,1.7985,0.8453,15.88,10.285,52.017
422,0,0.3309,0.4509,3.7948,7.3782,2.4182,0.8758,1.799,0.8456,15.96,10.194,52.02
423,0,0.327,0.447,3.7948,7.3833,2.4194,0.8753,1.7995,0.8464,16.07,9.908,52.044
424,0,0.3398,0.4598,3.7948,7.3789,2.4209,0.8748,1.8001,0.8439,16.1,9.781,52.029
425,0,0.3319,0.4519,3.7948,7.3767,2.4221,0.8743,1.8005,0.844,15.96,9.88,52.021
426,0,0.3218,0.4418,3.7948,7.3822,2.4231,0.8738,1.8008,0.8461,15.91,10.331,52.046
427,0,0.3504,0.4704,3.7948,7.3842,2.4241,0.8733,1.8012,0.8441,15.98,10.464,51.995
428,0,0.3156,0.4356,3.7948,7.38,2.4256,0.8729,1.8017,0.844,16.02,9.864,52.009
429,0,0.3006,0.4206,3.7948,7.3671,2.4271,0.8724,1.8022,0.8445,16.05,9.228,52.029
430,0,0.3228,0.4428,3.7948,7.3668,2.4284,0.8719,1.8026,0.8437,15.91,9.327,51.989
431,0,0.3402,0.4602,3.7948,7.3672,2.4296,0.8714,1.8031,0.8444,16.03,9.602,51.99
432,0,0.3327,0.4527,3.7948,7.3786,2.431,0.8709,1.8035,0.8452,15.97,9.503,52.035
433,0,0.2533,0.3733,3.7948,7.3531,2.4323,0.8704,1.8039,0.8434,15.94,9.479,52.011
434,0,0.2881,0.4081,3.7948,7.3617,2.4336,0.8699,1.8042,0.847,15.86,9.88,52.061
435,0,0.337,0.457,3.7948,7.3786,2.4348,0.8694,1.8045,0.8438,15.84,10.035,52.031
436,0,0.3049,0.4249,3.7948,7.3705,2.436,0.8689,1.8048,0.8457,15.84,9.991,52.038
437,0,0.2944,0.4144,3.7948,7.3718,2.4373,0.8684,1.8052,0.843,15.97,9.891,52.012
438,0,0.2983,0.4183,3.7948,7.367,2.4382,0.8679,1.8055,0.8473,15.9,10.116,52.062
439,0,0.2757,0.3957,3.7948,7.3702,2.4394,0.8674,1.8059,0.8467,15.91,10.303,52.059
440,0,0.3046,0.4246,3.7948,7.3762,2.4404,0.8668,1.8062,0.843,15.92,10.047,51.996
441,0,0.3181,0.4381,3.7948,7.3722,2.4417,0.8663,1.8066,0.8423,15.95,9.911,51.993
442,0,0.2875,0.4075,3.7948,7.3622,2.4429,0.8658,1.807,0.8424,15.96,9.881,52.026
443,0,0.3199,0.4399,3.7948,7.3908,2.4442,0.8653,1.8074,0.8459,15.95,9.763,52.061
444,0,0.3046,0.4246,3.7948,7.3793,2.4454,0.8648,1.808,0.8455,16.07,9.595,52.071
445,0,0.3055,0.4255,3.7948,7.3747,2.4469,0.8643,1.8084,0.8473,16.0,9.41,52.083
446,0,0.2945,0.4145,3.7948,7.3754,2.448,0.8638,1.8088,0.8491,15.88,9.829,52.11
447,0,0.2776,0.3976,3.7948,7.3785,2.4489,0.8633,1.8091,0.8497,15.94,10.293,52.107
448,0,0.2537,0.3737,3.7948,7.3646,2.4501,0.8628,1.8095,0.8475,15.96,10.093,52.082
449,0,0.2886,0.4086,3.7948,7.3791,2.4513,0.8623,1.81,0.8454,15.98,9.919,52.037
450,0,0.26,0.38,3.7948,7.3698,2.4524,0.8618,1.8102,0.8435,15.82,9.978,52.044
451,0,0.2689,0.3889,3.7948,7.3651,2.4536,0.8613,1.8106,0.8438,15.91,9.976,52.052
452,0,0.2744,0.3944,3.7948,7.3725,2.4549,0.8608,1.811,0.8474,15.99,9.663,52.08
453,0,0.2494,0.3694,3.7948,7.3646,2.4562,0.8603,1.8113,0.8433,15.83,9.668,52.018
454,0,0.2879,0.4079,3.7948,7.3802,2.4572,0.8599,1.8116,0.8442,15.87,9.725,52.023
455,0,0.2758,0.3958,3.7948,7.3666,2.4583,0.8595,1.8119,0.8455,15.85,9.817,52.059
456,0,0.2273,0.3473,3.7948,7.3514,2.4592,0.859,1.8121,0.8473,15.83,10.245,52.094
457,0,0.2361,0.3561,3.7948,7.3553,2.4603,0.8586,1.8125,0.8436,15.9,10.206,52.033
458,0,0.2361,0.3561,3.7948,7.3724,2.4613,0.8582,1.8128,0.8466,15.94,10.192,52.062
459,0,0.2456,0.3656,3.7948,7.3821,2.4626,0.8577,1.8132,0.8472,15.95,9.943,52.09
460,0,0.2752,0.3952,3.7948,7.372,2.4636,0.8572,1.8138,0.8477,16.05,9.854,52.089
461,0,0.324,0.444,3.7948,7.3724,2.4647,0.8568,1.8141,0.8487,15.89,9.988,52.106
462,0,0.2896,0.4096,3.7948,7.3711,2.466,0.8563,1.8146,0.8501,16.02,9.933,52.112
463,0,0.2978,0.4178,3.7948,7.3788,2.467,0.8558,1.815,0.851,15.98,10.033,52.119
464,0,0.3165,0.4365,3.7948,7.3735,2.4682,0.8554,1.8154,0.8495,15.95,10.055,52.11
465,0,0.3076,0.4276,3.7948,7.3761,2.4694,0.855,1.8158,0.8487,15.94,9.99,52.106
466,0,0.2879,0.4079,3.7948,7.3776,2.4702,0.8545,1.8161,0.8448,15.88,10.336,52.095
467,0,0.3204,0.4404,3.7948,7.3876,2.4714,0.854,1.8165,0.8475,16.0,10.253,52.088
468,0,0.3222,0.4422,3.7948,7.3788,2.4728,0.8535,1.8169,0.8445,15.93,9.405,52.037
469,0,0.3025,0.4225,3.7948,7.3786,2.474,0.8531,1.8173,0.8467,15.96,9.471,52.032
470,0,0.2915,0.4115,3.7948,7.3727,2.4751,0.8526,1.8177,0.8482,15.91,10.126,52.063
471,0,0.2761,0.3961,3.7948,7.3538,2.4764,0.8522,1.8181,0.8459,15.98,9.773,52.068
472,0,0.3068,0.4268,3.7948,7.3677,2.4774,0.8517,1.8184,0.8481,15.86,9.659,52.073
473,0,0.2709,0.3909,3.7948,7.3542,2.4788,0.8512,1.8189,0.8468,16.02,9.693,52.052
474,0,0.2851,0.4051,3.7948,7.3629,2.4799,0.8507,1.8192,0.8461,15.92,9.726,52.047
475,0,0.3037,0.4237,3.7948,7.3718,2.4809,0.8503,1.8196,0.8477,15.89,10.007,52.046
476,0,0.3085,0.4285,3.7948,7.3718,2.4822,0.8498,1.8199,0.849,15.93,9.972,52.055
477,0,0.3158,0.4358,3.7948,7.3731,2.4832,0.8493,1.8203,0.8483,15.9,10.135,52.075
478,0,0.3322,0.4522,3.7948,7.3698,2.4844,0.8489,1.8206,0.8468,15.92,10.011,52.084
479,0,0.335,0.455,3.7948,7.3714,2.4857,0.8484,1.821,0.8497,15.98,9.713,52.13
480,0,0.243,0.363,3.7948,7.3474,2.4868,0.8479,1.8214,0.8493,15.94,9.702,52.126
481,0,0.3001,0.4201,3.7948,7.3557,2.488,0.8474,1.8218,0.8494,15.93,9.609,52.113
482,0,0.2834,0.4034,3.7948,7.3588,2.4891,0.8469,1.8222,0.8494,15.93,9.647,52.113
483,0,0.3022,0.4222,3.7948,7.3637,2.4903,0.8464,1.8226,0.8497,15.98,9.63,52.116
484,0,0.2834,0.4034,3.7948,7.3559,2.4914,0.8459,1.823,0.8498,15.95,9.802,52.104
485,0,0.2734,0.3934,3.7948,7.3553,2.4922,0.8454,1.8233,0.8497,15.92,10.354,52.133
486,0,0.2861,0.4061,3.7948,7.3556,2.4932,0.8449,1.8237,0.8523,15.92,10.572,52.174
487,0,0.2643,0.3843,3.7948,7.3457,2.4945,0.8444,1.8241,0.8506,15.95,9.88,52.132
488,0,0.2228,0.3428,3.7948,7.3242,2.4953,0.8439,1.8244,0.8476,15.88,9.839,52.095
489,0,0.2316,0.3516,3.7948,7.3379,2.4966,0.8434,1.8247,0.8484,15.9,9.942,52.12
490,0,0.2733,0.3933,3.7948,7.3594,2.4977,0.8429,1.8251,0.8479,15.92,9.692,52.099
491,0,0.2726,0.3926,3.7948,7.3594,2.4988,0.8425,1.8255,0.8491,15.95,9.78,52.122
492,0,0.2639,0.3839,3.7948,7.363,2.5,0.842,1.8258,0.8483,15.9,9.593,52.119
493,0,0.2483,0.3683,3.7948,7.3545,2.5007,0.8415,1.8261,0.8484,15.91,10.05,52.124
494,0,0.261,0.381,3.7948,7.3542,2.5016,0.841,1.8265,0.8481,15.92,10.433,52.118
495,0,0.2959,0.4159,3.7948,7.3708,2.5029,0.8405,1.8269,0.8484,15.98,10.095,52.12
496,0,0.2903,0.4103,3.7948,7.3628,2.504,0.8399,1.8272,0.8467,15.9,9.761,52.093
497,0,0.2751,0.3951,3.7948,7.3548,2.5051,0.8394,1.8275,0.8455,15.88,9.802,52.064
498,0,0.2845,0.4045,3.7948,7.3659,2.5061,0.8389,1.8278,0.8468,15.85,9.851,52.078
499,0,0.2825,0.4025,3.7948,7.3638,2.5071,0.8384,1.8282,0.8469,15.94,10.123,52.083
500,0,0.2821,0.4021,3.7948,7.3626,2.5082,0.8379,1.8285,0.8446,15.93,10.135,52.075
501,0,0.3044,0.4244,3.7948,7.3698,2.5092,0.8374,1.8289,0.8454,15.89,9.999,52.074
502,0,0.3139,0.4339,3.7948,7.365,2.5105,0.8369,1.8293,0.8459,15.97,9.841,52.073
503,0,0.3257,0.4457,3.7948,7.3698,2.5114,0.8364,1.8297,0.8458,15.96,10.087,52.084
504,0,0.2963,0.4163,3.7948,7.3546,2.5123,0.8359,1.8299,0.8458,15.84,10.339,52.086
505,0,0.3025,0.4225,3.7948,7.367,2.5131,0.8354,1.8303,0.846,15.95,10.423,52.079
506,0,0.2778,0.3978,3.7948,7.3574,2.5143,0.8349,1.8306,0.8447,15.89,9.991,52.073
507,0,0.3041,0.4241,3.7948,7.3614,2.5157,0.8344,1.831,0.8446,15.92,9.658,52.085
508,0,0.2814,0.4014,3.7948,7.3542,2.5168,0.8339,1.8313,0.8451,15.91,9.598,52.068
509,0,0.2944,0.4144,3.7948,7.3503,2.5179,0.8333,1.8316,0.8445,15.89,9.853,52.065
510,0,0.2704,0.3904,3.7948,7.3568,2.5189,0.8328,1.832,0.8452,15.94,9.963,52.082
511,0,0.2754,0.3954,3.7948,7.3572,2.5198,0.8323,1.8324,0.846,16.0,10.099,52.09
512,0,0.2773,0.3973,3.7948,7.3583,2.5208,0.8318,1.8328,0.8471,15.92,10.12,52.111
513,0,0.2897,0.4097,3.7948,7.3536,2.5219,0.8313,1.8331,0.8465,15.89,10.132,52.104
514,0,0.2984,0.4184,3.7948,7.3495,2.523,0.8308,1.8334,0.8468,15.88,9.994,52.106
515,0,0.3047,0.4247,3.7948,7.3572,2.5242,0.8303,1.8337,0.8473,15.92,9.851,52.106
516,0,0.2912,0.4112,3.7948,7.35,2.5255,0.8298,1.8341,0.8451,15.87,9.712,52.084
517,0,0.2828,0.4028,3.7948,7.35,2.5268,0.8293,1.8344,0.847,15.94,9.561,52.089
518,0,0.2893,0.4093,3.7948,7.3495,2.5281,0.8288,1.8348,0.8488,15.94,9.321,52.115
519,0,0.283,0.403,3.7948,7.3304,2.5293,0.8282,1.8351,0.8488,15.88,9.573,52.115
520,0,0.2814,0.4014,3.7948,7.3456,2.5302,0.8277,1.8354,0.8491,15.87,10.079,52.137
521,0,0.257,0.377,3.7948,7.3113,2.5313,0.8272,1.8356,0.8444,15.81,10.172,52.077
522,0,0.2555,0.3755,3.7948,7.3148,2.5321,0.8267,1.8359,0.8436,15.86,10.319,52.059
523,0,0.2517,0.3717,3.7948,7.324,2.5331,0.8262,1.8362,0.8447,15.88,10.328,52.087
524,0,0.274,0.394,3.7948,7.3376,2.5342,0.8257,1.8365,0.8443,15.84,10.14,52.081
525,0,0.2852,0.4052,3.7948,7.3336,2.5352,0.8252,1.8368,0.8417,15.89,10.189,52.062
526,0,0.2682,0.3882,3.7948,7.3142,2.536,0.8247,1.8371,0.8416,15.86,10.465,52.074
527,0,0.2571,0.3771,3.7948,7.3055,2.5369,0.8242,1.8373,0.8423,15.8,10.429,52.065
528,0,0.2525,0.3725,3.7948,7.3172,2.5379,0.8236,1.8375,0.8412,15.8,10.419,52.051
529,0,0.243,0.363,3.7948,7.3162,2.5389,0.8231,1.8377,0.8415,15.83,10.267,52.05
530,0,0.237,0.357,3.7948,7.2993,2.5399,0.8226,1.838,0.8409,15.88,10.226,52.032
531,0,0.2386,0.3586,3.7948,7.3048,2.5407,0.8221,1.8383,0.8412,15.89,10.36,52.031
532,0,0.2156,0.3356,3.7948,7.2868,2.5416,0.8216,1.8386,0.8406,15.9,10.33,52.043
533,0,0.2163,0.3363,3.7948,7.2866,2.5426,0.8211,1.8389,0.841,15.86,10.143,52.046
534,0,0.2318,0.3518,3.7948,7.2954,2.5435,0.8206,1.8392,0.8406,15.83,10.117,52.043
535,0,0.2384,0.3584,3.7948,7.3085,2.5445,0.8201,1.8394,0.8416,15.82,10.126,52.049
536,0,0.2394,0.3594,3.7948,7.3078,2.5458,0.8195,1.8397,0.8412,15.88,9.805,52.046
537,0,0.3094,0.4294,3.7948,7.3429,2.5467,0.819,1.8399,0.8424,15.78,10.169,52.058
538,0,0.2763,0.3963,3.7948,7.3217,2.5478,0.8185,1.8402,0.8411,15.91,10.131,52.037
539,0,0.2734,0.3934,3.7948,7.3299,2.5486,0.818,1.8406,0.8419,15.89,10.035,52.055
540,0,0.2679,0.3879,3.7948,7.3211,2.5495,0.8175,1.8408,0.8417,15.81,10.533,52.043
541,0,0.2622,0.3822,3.7948,7.3224,2.5504,0.817,1.8411,0.8427,15.86,10.253,52.043
542,0,0.2968,0.4168,3.7948,7.3303,2.5515,0.8165,1.8414,0.8423,15.91,10.135,52.04
543,0,0.3382,0.4582,3.7948,7.3504,2.5526,0.816,1.8416,0.8432,15.82,9.942,52.046
544,0,0.3124,0.4324,3.7948,7.3337,2.5537,0.8155,1.8418,0.8439,15.8,9.834,52.081
545,0,0.3054,0.4254,3.7948,7.3406,2.5549,0.8149,1.8421,0.8428,15.86,9.7,52.069
546,0,0.2735,0.3935,3.7948,7.3197,2.5559,0.8144,1.8423,0.844,15.82,9.774,52.092
547,0,0.2755,0.3955,3.7948,7.3316,2.557,0.8139,1.8426,0.845,15.86,9.937,52.084
548,0,0.3055,0.4255,3.7948,7.3536,2.5583,0.8134,1.8429,0.8426,15.88,9.612,52.048
549,0,0.2958,0.4158,3.7948,7.3434,2.5593,0.8129,1.8432,0.843,15.81,9.789,52.051
550,0,0.3006,0.4206,3.7948,7.3538,2.5602,0.8124,1.8434,0.8453,15.84,10.325,52.083
551,0,0.3192,0.4392,3.7948,7.3592,2.561,0.8119,1.8438,0.8437,15.92,10.339,52.06
552,0,0.2981,0.4181,3.7948,7.3592,2.562,0.8114,1.8441,0.8442,15.88,10.233,52.056
553,0,0.2786,0.3986,3.7948,7.3576,2.5632,0.8109,1.8444,0.8455,15.94,9.676,52.091
554,0,0.2531,0.3731,3.7948,7.3423,2.5642,0.8103,1.8447,0.8434,15.86,9.737,52.06
555,0,0.2774,0.3974,3.7948,7.3552,2.5654,0.8098,1.8451,0.8458,15.95,9.57,52.084
556,0,0.2623,0.3823,3.7948,7.3501,2.5665,0.8093,1.8455,0.844,15.93,9.589,52.074
557,0,0.2835,0.4035,3.7948,7.3667,2.5674,0.8088,1.8458,0.8462,15.93,9.933,52.098
558,0,0.2792,0.3992,3.7948,7.3622,2.5684,0.8083,1.8461,0.8452,15.87,9.991,52.09
559,0,0.2819,0.4019,3.7948,7.3572,2.5696,0.8078,1.8465,0.8449,15.92,9.649,52.086
560,0,0.2835,0.4035,3.7948,7.3541,2.5707,0.8073,1.8468,0.8425,15.86,9.85,52.047
561,0,0.3069,0.4269,3.7948,7.3603,2.5718,0.8068,1.847,0.8444,15.81,9.768,52.058
562,0,0.3128,0.4328,3.7948,7.3748,2.5729,0.8062,1.8473,0.8434,15.87,9.713,52.058
563,0,0.3059,0.4259,3.7948,7.3657,2.5739,0.8057,1.8477,0.8451,15.95,9.737,52.07
564,0,0.3143,0.4343,3.7948,7.3658,2.5749,0.8052,1.8479,0.8434,15.81,9.784,52.058
565,0,0.3143,0.4343,3.7948,7.3693,2.5758,0.8047,1.8482,0.8455,15.89,10.038,52.07
566,0,0.2962,0.4162,3.7948,7.3644,2.5768,0.8042,1.8486,0.8434,15.96,10.103,52.058
567,0,0.2922,0.4122,3.7948,7.3723,2.5777,0.8037,1.849,0.8452,15.93,10.071,52.085
568,0,0.2808,0.4008,3.7948,7.3592,2.5789,0.8032,1.8494,0.8452,15.94,9.828,52.085
569,0,0.2788,0.3988,3.7948,7.3555,2.5798,0.8027,1.8496,0.8449,15.87,9.989,52.079
570,0,0.3213,0.4413,3.7948,7.3695,2.5807,0.8022,1.8501,0.844,16.0,10.217,52.074
571,0,0.3107,0.4307,3.7948,7.3568,2.5817,0.8016,1.8503,0.8447,15.83,10.064,52.084
572,0,0.2822,0.4022,3.7948,7.3505,2.5827,0.8011,1.8507,0.8441,15.93,10.121,52.069
573,0,0.2639,0.3839,3.7948,7.3503,2.5839,0.8006,1.8511,0.8445,15.95,10.064,52.069
574,0,0.259,0.379,3.7948,7.3443,2.5848,0.8001,1.8514,0.8443,15.92,10.017,52.062
575,0,0.2643,0.3843,3.7948,7.3361,2.586,0.7996,1.8517,0.8451,15.85,9.917,52.104
576,0,0.2762,0.3962,3.7948,7.3493,2.5871,0.7991,1.852,0.8453,15.94,9.793,52.113
577,0,0.2716,0.3916,3.7948,7.3463,2.5878,0.7986,1.8524,0.8453,15.91,10.296,52.11
578,0,0.2657,0.3857,3.7948,7.3562,2.589,0.7981,1.8527,0.8463,15.9,10.085,52.109
579,0,0.2514,0.3714,3.7948,7.3502,2.59,0.7976,1.8531,0.8458,15.97,9.583,52.078
580,0,0.2639,0.3839,3.7948,7.3545,2.5909,0.797,1.8534,0.8445,15.91,9.712,52.086
581,0,0.3076,0.4276,3.7948,7.3799,2.5921,0.7965,1.8537,0.8452,15.85,9.668,52.084
582,0,0.2528,0.3728,3.7948,7.3463,2.5932,0.796,1.8541,0.8436,15.92,9.663,52.074
583,0,0.2668,0.3868,3.7948,7.3453,2.5943,0.7955,1.8544,0.8437,15.91,9.85,52.079
584,0,0.2758,0.3958,3.7948,7.3557,2.5953,0.795,1.8548,0.8435,15.98,9.902,52.064
585,0,0.2264,0.3464,3.7948,7.3215,2.5962,0.7945,1.8551,0.8436,15.88,9.944,52.074
586,0,0.2544,0.3744,3.7948,7.3213,2.5975,0.794,1.8555,0.8418,15.9,9.776,52.065
587,0,0.2659,0.3859,3.7948,7.3363,2.5987,0.7935,1.8558,0.842,15.95,9.523,52.051
588,0,0.2711,0.3911,3.7948,7.3423,2.5996,0.7929,1.8561,0.8428,15.86,9.796,52.045
589,0,0.285,0.405,3.7948,7.3505,2.6005,0.7924,1.8564,0.8433,15.89,9.922,52.067
590,0,0.2645,0.3845,3.7948,7.3369,2.6013,0.7919,1.8567,0.8416,15.85,10.159,52.057
591,0,0.2781,0.3981,3.7948,7.3587,2.602,0.7914,1.8571,0.8447,15.95,10.338,52.081
592,0,0.2812,0.4012,3.7948,7.3564,2.6032,0.7909,1.8574,0.8456,15.87,9.8,52.079
593,0,0.2562,0.3762,3.7948,7.3593,2.604,0.7904,1.8576,0.8462,15.83,9.645,52.088
594,0,0.2549,0.3749,3.7948,7.3603,2.6048,0.7899,1.8578,0.8463,15.81,10.269,52.088
595,0,0.2562,0.3762,3.7948,7.3564,2.6056,0.7894,1.8581,0.8463,15.88,10.282,52.088
596,0,0.2483,0.3683,3.7948,7.352,2.6065,0.7889,1.8585,0.8463,15.93,10.034,52.088
597,0,0.3179,0.4379,3.7948,7.3619,2.6074,0.7883,1.8588,0.8453,15.87,10.109,52.08
598,0,0.3201,0.4401,3.7948,7.3622,2.6081,0.7878,1.8591,0.8453,15.9,10.362,52.08
599,0,0.3201,0.4401,3.7948,7.3661,2.6092,0.7873,1.8594,0.8456,15.91,9.855,52.082
600,0,0.3017,0.4217,3.7948,7.365,2.6103,0.7868,1.8598,0.8436,15.99,9.636,52.087
601,0,0.2919,0.4119,3.7948,7.3684,2.6112,0.7863,1.8602,0.8449,15.93,9.839,52.096
602,0,0.2738,0.3938,3.7948,7.3606,2.6122,0.7858,1.8605,0.8454,15.87,9.871,52.089
603,0,0.2693,0.3893,3.7948,7.3573,2.6131,0.7853,1.8608,0.8451,15.9,9.98,52.087
604,0,0.2747,0.3947,3.7948,7.3526,2.6138,0.7848,1.8611,0.8463,15.86,10.082,52.129
605,0,0.3033,0.4233,3.7948,7.3698,2.6147,0.7843,1.8614,0.8463,15.87,10.13,52.097
606,0,0.3214,0.4414,3.7948,7.3746,2.6156,0.7838,1.8617,0.8466,15.94,10.187,52.102
607,0,0.3132,0.4332,3.7948,7.3655,2.6164,0.7833,1.8621,0.846,15.94,10.377,52.093
608,0,0.2802,0.4002,3.7948,7.3592,2.6172,0.7827,1.8623,0.8462,15.78,10.035,52.096
609,0,0.29,0.41,3.7948,7.36,2.618,0.7822,1.8625,0.8462,15.82,10.211,52.096
610,0,0.2743,0.3943,3.7948,7.3479,2.6189,0.7817,1.8629,0.8487,15.91,10.49,52.141
611,0,0.2475,0.3675,3.7948,7.3369,2.6198,0.7812,1.8632,0.8457,15.95,10.29,52.109
612,0,0.244,0.364,3.7948,7.3331,2.6208,0.7807,1.8635,0.8465,15.87,10.05,52.108
613,0,0.2316,0.3516,3.7948,7.3319,2.6215,0.7802,1.8638,0.844,15.89,10.271,52.09
614,0,0.2325,0.3525,3.7948,7.3321,2.6225,0.7797,1.8641,0.844,15.89,10.023,52.09
615,0,0.2345,0.3545,3.7948,7.3341,2.6236,0.7792,1.8645,0.8456,15.97,9.599,52.116
616,0,0.2745,0.3945,3.7948,7.3608,2.6245,0.7787,1.8649,0.8474,15.95,9.883,52.12
617,0,0.2802,0.4002,3.7948,7.3608,2.6253,0.7782,1.8652,0.8478,15.87,10.214,52.128
618,0,0.2455,0.3655,3.7948,7.3344,2.6258,0.7776,1.8654,0.8452,15.8,10.521,52.094
619,0,0.2575,0.3775,3.7948,7.3439,2.627,0.7771,1.8658,0.844,15.94,9.978,52.101
620,0,0.27,0.39,3.7948,7.349,2.6279,0.7766,1.8661,0.8453,15.89,9.607,52.089
621,0,0.2614,0.3814,3.7948,7.332,2.6288,0.7761,1.8664,0.8466,15.88,9.93,52.098
622,0,0.2406,0.3606,3.7948,7.3309,2.6297,0.7756,1.8667,0.8437,15.89,10.058,52.063
623,0,0.2397,0.3597,3.7948,7.3358,2.6305,0.7751,1.867,0.8453,15.9,10.273,52.089
624,0,0.257,0.377,3.7948,7.3402,2.6312,0.7746,1.8673,0.8484,15.9,10.55,52.09
625,0,0.2386,0.3586,3.7948,7.3345,2.6321,0.7741,1.8676,0.8462,15.87,10.464,52.089
626,0,0.2268,0.3468,3.7948,7.3402,2.6331,0.7736,1.8678,0.8458,15.87,10.134,52.076
627,0,0.2244,0.3444,3.7948,7.3316,2.6337,0.773,1.8682,0.8449,15.92,10.481,52.084
628,0,0.2113,0.3313,3.7948,7.3398,2.6349,0.7725,1.8685,0.8442,15.92,10.183,52.099
629,0,0.2241,0.3441,3.7948,7.3316,2.6362,0.7721,1.8689,0.845,15.9,9.401,52.123
630,0,0.2023,0.3223,3.7948,7.3386,2.6373,0.7716,1.8691,0.8433,15.85,9.401,52.053
631,0,0.2122,0.3322,3.7948,7.3504,2.6382,0.7711,1.8694,0.8454,15.9,9.792,52.099
632,0,0.2478,0.3678,3.7948,7.3546,2.6388,0.7705,1.8697,0.8443,15.83,10.146,52.09
633,0,0.2478,0.3678,3.7948,7.3471,2.6397,0.77,1.87,0.8443,15.9,10.105,52.09
634,0,0.1848,0.3048,3.7948,7.3342,2.6407,0.7695,1.8703,0.8445,15.85,9.975,52.111
635,0,0.1868,0.3068,3.7948,7.3337,2.6413,0.769,1.8705,0.8449,15.81,10.347,52.113
636,0,0.1973,0.3173,3.7948,7.334,2.6424,0.7685,1.8709,0.8443,15.94,10.079,52.09
637,0,0.1841,0.3041,3.7948,7.3333,2.6431,0.768,1.8711,0.8443,15.82,10.029,52.091
638,0,0.2082,0.3282,3.7948,7.3342,2.6437,0.7675,1.8713,0.8431,15.8,10.603,52.062
639,0,0.2169,0.3369,3.7948,7.3462,2.6445,0.767,1.8716,0.8431,15.91,10.368,52.062
640,0,0.1911,0.3111,3.7948,7.3283,2.6453,0.7665,1.8719,0.8447,15.84,10.047,52.111
641,0,0.1864,0.3064,3.7948,7.3326,2.6464,0.766,1.8722,0.8432,15.9,9.94,52.079
642,0,0.2453,0.3653,3.7948,7.3421,2.6472,0.7655,1.8724,0.8465,15.83,10.122,52.14
643,0,0.2249,0.3449,3.7948,7.3323,2.6479,0.765,1.8727,0.8445,15.86,10.382,52.089
644,0,0.1964,0.3164,3.7948,7.3169,2.6486,0.7645,1.8729,0.8417,15.83,10.515,52.035
645,0,0.2272,0.3472,3.7948,7.3284,2.6496,0.764,1.8732,0.8423,15.88,10.271,52.049
646,0,0.224,0.344,3.7948,7.3321,2.6505,0.7635,1.8735,0.8423,15.88,9.871,52.049
647,0,0.1994,0.3194,3.7948,7.3357,2.6514,0.763,1.8738,0.8452,15.85,9.95,52.09
648,0,0.2213,0.3413,3.7948,7.3361,2.6523,0.7625,1.8739,0.843,15.75,9.872,52.053
649,0,0.2481,0.3681,3.7948,7.345,2.6531,0.762,1.8742,0.8446,15.84,9.881,52.082
650,0,0.2409,0.3609,3.7948,7.3419,2.6544,0.7614,1.8745,0.8442,15.87,9.736,52.054
651,0,0.1809,0.3009,3.7948,7.3319,2.6553,0.7609,1.8748,0.8459,15.89,9.443,52.066
652,0,0.1915,0.3115,3.7948,7.3301,2.6559,0.7604,1.8751,0.8488,15.9,10.044,52.136
653,0,0.2229,0.3429,3.7948,7.3377,2.6569,0.7599,1.8754,0.848,15.92,10.14,52.123
654,0,0.2176,0.3376,3.7948,7.3381,2.658,0.7594,1.8758,0.8469,15.91,9.717,52.115
655,0,0.2278,0.3478,3.7948,7.3298,2.6588,0.7589,1.8761,0.8444,15.86,9.777,52.062
656,0,0.2346,0.3546,3.7948,7.3424,2.6596,0.7584,1.8764,0.848,15.96,10.054,52.122
657,0,0.232,0.352,3.7948,7.3465,2.6605,0.7579,1.8767,0.8493,15.89,10.065,52.149
658,0,0.231,0.351,3.7948,7.3468,2.6614,0.7575,1.877,0.8486,15.85,10.072,52.135
659,0,0.231,0.351,3.7948,7.3466,2.6625,0.757,1.8773,0.8469,15.88,9.746,52.121
660,0,0.231,0.351,3.7948,7.3543,2.6633,0.7565,1.8777,0.8486,15.93,9.636,52.14
661,0,0.2234,0.3434,3.7948,7.3505,2.6642,0.7561,1.878,0.8471,15.9,9.925,52.106
662,0,0.215,0.335,3.7948,7.3498,2.665,0.7556,1.8783,0.844,15.86,10.085,52.084
663,0,0.2512,0.3712,3.7948,7.3563,2.6662,0.7552,1.8786,0.8466,15.9,9.905,52.106
664,0,0.2755,0.3955,3.7948,7.3573,2.667,0.7547,1.8789,0.8441,15.92,10.044,52.062
665,0,0.229,0.349,3.7948,7.3475,2.668,0.7543,1.8792,0.8455,15.9,9.94,52.093
666,0,0.2384,0.3584,3.7948,7.3474,2.669,0.7538,1.8796,0.8473,15.89,9.797,52.132
667,0,0.2267,0.3467,3.7948,7.3394,2.6699,0.7534,1.8798,0.8448,15.87,10.045,52.08
668,0,0.2234,0.3434,3.7948,7.3463,2.6708,0.7529,1.8801,0.8464,15.88,10.099,52.098
669,0,0.2151,0.3351,3.7948,7.3412,2.6718,0.7525,1.8804,0.8464,15.88,10.097,52.098
670,0,0.2189,0.3389,3.7948,7.3374,2.6727,0.7521,1.8807,0.8466,15.86,9.939,52.1
671,0,0.2328,0.3528,3.7948,7.349,2.6738,0.7516,1.8811,0.846,15.93,9.633,52.091
672,0,0.2329,0.3529,3.7948,7.3528,2.6746,0.7512,1.8814,0.8473,15.93,10.001,52.137
673,0,0.2482,0.3682,3.7948,7.3383,2.6754,0.7508,1.8817,0.8441,15.87,10.511,52.052
674,0,0.2508,0.3708,3.7948,7.347,2.6766,0.7504,1.8821,0.8434,15.95,9.927,52.046
675,0,0.2409,0.3609,3.7948,7.3437,2.6776,0.7501,1.8824,0.8451,15.92,9.506,52.078
676,0,0.2342,0.3542,3.7948,7.3576,2.6785,0.7497,1.8828,0.847,15.92,10.08,52.129
677,0,0.2302,0.3502,3.7948,7.3414,2.6793,0.7493,1.8832,0.8455,15.94,10.181,52.078
678,0,0.235,0.355,3.7948,7.3414,2.6802,0.7489,1.8835,0.8461,15.89,10.292,52.119
679,0,0.2151,0.3351,3.7948,7.3328,2.6813,0.7484,1.8838,0.8443,15.89,9.997,52.089
680,0,0.1919,0.3119,3.7948,7.3323,2.6824,0.748,1.8841,0.8437,15.89,9.414,52.07
681,0,0.1952,0.3152,3.7948,7.3439,2.6833,0.7475,1.8843,0.8448,15.79,9.736,52.081
682,0,0.2147,0.3347,3.7948,7.3497,2.6843,0.747,1.8847,0.8466,15.96,9.852,52.096
683,0,0.1926,0.3126,3.7948,7.332,2.6852,0.7466,1.885,0.8422,15.91,9.885,52.046
684,0,0.2078,0.3278,3.7948,7.3405,2.686,0.7462,1.8853,0.8434,15.87,9.984,52.045
685,0,0.1826,0.3026,3.7948,7.3447,2.687,0.7458,1.8855,0.8444,15.84,9.796,52.055
686,0,0.2315,0.3515,3.7948,7.3422,2.6878,0.7453,1.8859,0.8449,15.91,9.892,52.068
687,0,0.2218,0.3418,3.7948,7.3384,2.6885,0.7449,1.8861,0.8462,15.87,10.035,52.123
688,0,0.2017,0.3217,3.7948,7.3246,2.6895,0.7445,1.8865,0.8433,15.9,9.954,52.037
689,0,0.2136,0.3336,3.7948,7.3211,2.6907,0.7441,1.8868,0.8442,15.92,9.471,52.11
690,0,0.19,0.31,3.7948,7.3237,2.6917,0.7437,1.8871,0.8428,15.89,9.436,52.043
691,0,0.2099,0.3299,3.7948,7.3318,2.6925,0.7432,1.8873,0.8432,15.74,9.814,52.044
692,0,0.1899,0.3099,3.7948,7.3274,2.6931,0.7428,1.8876,0.8442,15.89,10.296,52.05
693,0,0.2237,0.3437,3.7948,7.3433,2.6941,0.7423,1.8878,0.8433,15.83,10.017,52.062
694,0,0.1958,0.3158,3.7948,7.3387,2.6949,0.7418,1.888,0.8457,15.82,9.636,52.097
695,0,0.1966,0.3166,3.7948,7.3483,2.6958,0.7414,1.8883,0.846,15.85,10.001,52.128
696,0,0.1966,0.3166,3.7948,7.3409,2.6966,0.7409,1.8886,0.846,15.9,10.166,52.128
697,0,0.1537,0.2737,3.7948,7.3237,2.6978,0.7406,1.889,0.8446,15.95,9.772,52.088
698,0,0.197,0.317,3.7948,7.3584,2.6986,0.7401,1.8893,0.8448,15.88,9.905,52.102
699,0,0.197,0.317,3.7948,7.3547,2.6994,0.7397,1.8896,0.8447,15.88,10.269,52.101
700,0,0.1941,0.3141,3.7948,7.3389,2.7004,0.7393,1.8899,0.8435,15.88,9.948,52.092
701,0,0.2177,0.3377,3.7948,7.3412,2.7012,0.7389,1.8902,0.844,15.89,10.022,52.052
702,0,0.1764,0.2964,3.7948,7.336,2.7019,0.7385,1.8904,0.8413,15.82,10.143,51.998
703,0,0.1678,0.2878,3.7948,7.341,2.7027,0.7381,1.8907,0.8437,15.87,10.053,52.066
704,0,0.1548,0.2748,3.7948,7.332,2.7037,0.7377,1.891,0.8434,15.88,9.908,52.031
705,0,0.1923,0.3123,3.7948,7.3373,2.7045,0.7373,1.8913,0.8453,15.9,9.842,52.073
706,0,0.1923,0.3123,3.7948,7.3399,2.7054,0.737,1.8916,0.8453,15.9,9.826,52.073
707,0,0.1923,0.3123,3.7948,7.3363,2.7059,0.7366,1.8919,0.8455,15.82,10.172,52.076
708,0,0.1912,0.3112,3.7948,7.3377,2.7066,0.7363,1.8922,0.845,15.93,10.374,52.073
709,0,0.1616,0.2816,3.7948,7.3273,2.7072,0.736,1.8925,0.8439,15.84,10.358,52.048
710,0,0.1989,0.3189,3.7948,7.3361,2.7081,0.7357,1.8928,0.8454,15.88,10.201,52.075
711,0,0.1989,0.3189,3.7948,7.3356,2.7087,0.7353,1.893,0.8435,15.82,10.074,52.043
712,0,0.1858,0.3058,3.7948,7.3263,2.7097,0.7351,1.8933,0.847,15.89,9.849,52.124
713,0,0.1674,0.2874,3.7948,7.3218,2.7103,0.7347,1.8936,0.8461,15.9,10.033,52.081
714,0,0.1678,0.2878,3.7948,7.3178,2.7113,0.7343,1.8938,0.8459,15.82,10.154,52.086
715,0,0.1613,0.2813,3.7948,7.3138,2.7122,0.734,1.894,0.845,15.82,9.996,52.057
716,0,0.1747,0.2947,3.7948,7.3215,2.7131,0.7336,1.8943,0.8457,15.86,10.071,52.079
717,0,0.1776,0.2976,3.7948,7.3269,2.7139,0.7333,1.8945,0.8425,15.81,9.923,52.022
718,0,0.2182,0.3382,3.7948,7.3352,2.7144,0.7329,1.8947,0.8455,15.74,10.525,52.063
719,0,0.1784,0.2984,3.7948,7.3129,2.7153,0.7326,1.8949,0.8459,15.83,10.651,52.065
720,0,0.1748,0.2948,3.7948,7.322,2.716,0.7322,1.8952,0.8458,15.86,10.03,52.073
721,0,0.1531,0.2731,3.7948,7.3161,2.7167,0.7319,1.8955,0.8455,15.86,9.925,52.062
722,0,0.1557,0.2757,3.7948,7.3118,2.7175,0.7316,1.8957,0.8445,15.82,10.052,52.051
723,0,0.1674,0.2874,3.7948,7.3217,2.7182,0.7312,1.8959,0.8441,15.8,10.138,52.049
724,0,0.1827,0.3027,3.7948,7.3379,2.7188,0.731,1.8961,0.8434,15.8,10.321,52.034
725,0,0.1643,0.2843,3.7948,7.3096,2.7194,0.7307,1.8962,0.8429,15.72,10.572,52.048
726,0,0.2341,0.3541,3.7948,7.3509,2.7202,0.7304,1.8965,0.8445,15.89,10.24,52.05
727,0,0.2293,0.3493,3.7948,7.3472,2.7209,0.7301,1.8968,0.8444,15.83,10.427,52.061
728,0,0.2446,0.3646,3.7948,7.3471,2.7218,0.7298,1.8971,0.8433,15.92,10.019,52.048
729,0,0.234,0.354,3.7948,7.3514,2.7228,0.7295,1.8974,0.8444,15.85,9.705,52.061
730,0,0.1914,0.3114,3.7948,7.3348,2.7234,0.7292,1.8976,0.8443,15.79,9.936,52.057
731,0,0.1873,0.3073,3.7948,7.3337,2.7241,0.7288,1.8978,0.8434,15.81,10.328,52.046
732,0,0.1542,0.2742,3.7948,7.3209,2.7249,0.7284,1.8981,0.8432,15.93,10.271,52.04
733,0,0.1542,0.2742,3.7948,7.3209,2.7256,0.7279,1.8984,0.8432,15.87,9.88,52.04
734,0,0.1851,0.3051,3.7948,7.3304,2.7265,0.7275,1.8986,0.8443,15.75,9.896,52.057
735,0,0.183,0.303,3.7948,7.3267,2.7271,0.7271,1.8987,0.8442,15.78,10.304,52.049
736,0,0.183,0.303,3.7948,7.3266,2.7277,0.7267,1.8989,0.8445,15.8,10.42,52.058
737,0,0.1928,0.3128,3.7948,7.3349,2.7285,0.7263,1.8991,0.8445,15.75,10.119,52.05
738,0,0.2033,0.3233,3.7948,7.3356,2.7292,0.7258,1.8992,0.8445,15.67,10.227,52.056
739,0,0.175,0.295,3.7948,7.3343,2.7299,0.7254,1.8993,0.8444,15.77,10.267,52.052
740,0,0.1842,0.3042,3.7948,7.3392,2.7307,0.725,1.8996,0.8442,15.87,10.045,52.045
741,0,0.1838,0.3038,3.7948,7.342,2.7314,0.7246,1.8998,0.8439,15.78,10.056,52.047
742,0,0.197,0.317,3.7948,7.3392,2.7322,0.7243,1.9,0.8434,15.77,10.167,52.046
743,0,0.1829,0.3029,3.7948,7.3305,2.7328,0.7238,1.9002,0.8443,15.86,10.162,52.05
744,0,0.2087,0.3287,3.7948,7.3391,2.7334,0.7234,1.9005,0.8447,15.84,10.236,52.064
745,0,0.182,0.302,3.7948,7.335,2.7343,0.723,1.9007,0.8446,15.78,10.107,52.06
746,0,0.2,0.32,3.7948,7.3356,2.7349,0.7226,1.9008,0.8447,15.8,10.439,52.064
747,0,0.2138,0.3338,3.7948,7.3308,2.7356,0.7222,1.901,0.8439,15.76,10.412,52.036
748,0,0.2131,0.3331,3.7948,7.3254,2.7362,0.7218,1.9013,0.8443,15.86,10.444,52.039
749,0,0.2131,0.3331,3.7948,7.3289,2.7369,0.7214,1.9014,0.8456,15.78,10.57,52.05
750,0,0.1819,0.3019,3.7948,7.3176,2.7377,0.7211,1.9016,0.8443,15.76,10.403,52.038
751,0,0.1819,0.3019,3.7948,7.3176,2.7384,0.7206,1.9017,0.8443,15.75,10.467,52.038
752,0,0.2147,0.3347,3.7948,7.3295,2.739,0.7202,1.9018,0.8443,15.73,10.651,52.025
753,0,0.2461,0.3661,3.7948,7.3366,2.7396,0.7198,1.9019,0.8459,15.73,10.401,52.104
754,0,0.1933,0.3133,3.7948,7.3228,2.7401,0.7195,1.902,0.8445,15.7,10.542,52.048
755,0,0.2167,0.3367,3.7948,7.3278,2.7407,0.719,1.9021,0.8449,15.71,10.856,52.051
756,0,0.2317,0.3517,3.7948,7.3344,2.7414,0.7187,1.9023,0.8435,15.79,10.574,52.023
757,0,0.22,0.34,3.7948,7.3455,2.7419,0.7184,1.9024,0.8449,15.7,10.57,52.118
758,0,0.2226,0.3426,3.7948,7.3386,2.7429,0.7181,1.9025,0.8435,15.74,10.008,52.023
759,0,0.1607,0.2807,3.7948,7.3292,2.7436,0.7179,1.9027,0.843,15.75,9.911,52.027
760,0,0.1607,0.2807,3.7948,7.3255,2.7441,0.7176,1.9028,0.842,15.79,10.499,52.02
761,0,0.1866,0.3066,3.7948,7.3257,2.745,0.7172,1.9031,0.8424,15.81,10.4,52.053
762,0,0.1561,0.2761,3.7948,7.325,2.7457,0.7168,1.9032,0.8436,15.77,10.391,52.116
763,0,0.1627,0.2827,3.7948,7.3289,2.7463,0.7164,1.9033,0.8438,15.71,10.666,52.122
764,0,0.1708,0.2908,3.7948,7.3312,2.7468,0.716,1.9034,0.8425,15.72,10.7,52.056
765,0,0.1639,0.2839,3.7948,7.3213,2.7474,0.7156,1.9035,0.8424,15.69,10.765,52.051
766,0,0.1948,0.3148,3.7948,7.337,2.7482,0.7152,1.9036,0.842,15.7,10.281,52.029
767,0,0.1751,0.2951,3.7948,7.3239,2.749,0.7149,1.9037,0.8433,15.76,10.144,52.073
768,0,0.188,0.308,3.7948,7.3343,2.7496,0.7145,1.9037,0.8432,15.64,10.488,52.051
769,0,0.2066,0.3266,3.7948,7.3354,2.7501,0.7141,1.9038,0.8439,15.72,10.955,52.054
770,0,0.1934,0.3134,3.7948,7.3318,2.7511,0.7137,1.904,0.8443,15.8,10.643,52.065
771,0,0.1797,0.2997,3.7948,7.3311,2.7517,0.7134,1.9043,0.8438,15.84,10.428,52.063
772,0,0.1917,0.3117,3.7948,7.3354,2.7521,0.713,1.9044,0.8438,15.73,10.965,52.063
773,0,0.2027,0.3227,3.7948,7.3294,2.7528,0.7127,1.9045,0.8444,15.73,10.91,52.063
774,0,0.2164,0.3364,3.7948,7.3331,2.7537,0.7124,1.9047,0.844,15.8,10.284,52.067
775,0,0.2579,0.3779,3.7948,7.3381,2.7547,0.712,1.9049,0.8448,15.82,9.924,52.075
776,0,0.2348,0.3548,3.7948,7.3341,2.7555,0.7116,1.9051,0.8444,15.78,10.049,52.07
777,0,0.2256,0.3456,3.7948,7.3373,2.7562,0.7111,1.9052,0.8444,15.71,10.303,52.069
778,0,0.2516,0.3716,3.7948,7.329,2.7569,0.7106,1.9052,0.8451,15.66,10.511,52.098
779,0,0.2199,0.3399,3.7948,7.3316,2.7576,0.7102,1.9054,0.845,15.79,10.524,52.095
780,0,0.25,0.37,3.7948,7.3288,2.7583,0.7098,1.9055,0.8451,15.66,10.354,52.098
781,0,0.2322,0.3522,3.7948,7.3164,2.7589,0.7093,1.9056,0.8446,15.76,10.459,52.096
782,0,0.2366,0.3566,3.7948,7.3375,2.7599,0.7089,1.9058,0.844,15.77,10.062,52.108
783,0,0.218,0.338,3.7948,7.3283,2.7608,0.7084,1.906,0.8442,15.82,9.503,52.094
784,0,0.2274,0.3474,3.7948,7.3301,2.7616,0.708,1.9061,0.8445,15.74,10.015,52.105
785,0,0.2067,0.3267,3.7948,7.3204,2.7626,0.7077,1.9063,0.8442,15.74,10.044,52.116
786,0,0.2151,0.3351,3.7948,7.3137,2.7634,0.7072,1.9064,0.8434,15.73,10.083,52.058
787,0,0.2339,0.3539,3.7948,7.3171,2.7642,0.7068,1.9066,0.8433,15.74,10.252,52.057
788,0,0.2732,0.3932,3.7948,7.331,2.7649,0.7063,1.9066,0.8443,15.69,10.421,52.06
789,0,0.2774,0.3974,3.7948,7.3287,2.7657,0.7059,1.9068,0.8453,15.74,10.402,52.156
790,0,0.2636,0.3836,3.7948,7.329,2.7665,0.7054,1.9069,0.8452,15.71,10.091,52.12
791,0,0.2561,0.3761,3.7948,7.3279,2.7673,0.7049,1.9069,0.8442,15.66,9.927,52.055
792,0,0.2479,0.3679,3.7948,7.3167,2.7679,0.7045,1.907,0.8448,15.68,10.404,52.116
793,0,0.2572,0.3772,3.7948,7.3286,2.7688,0.704,1.907,0.8455,15.65,10.371,52.121
794,0,0.2572,0.3772,3.7948,7.321,2.7696,0.7036,1.9071,0.8438,15.71,10.108,52.089
795,0,0.2176,0.3376,3.7948,7.3239,2.7706,0.7032,1.9074,0.8447,15.88,9.644,52.112
796,0,0.2112,0.3312,3.7948,7.3227,2.7715,0.7029,1.9076,0.8444,15.78,9.774,52.093
797,0,0.2009,0.3209,3.7948,7.3158,2.7723,0.7025,1.9076,0.8455,15.67,10.288,52.12
798,0,0.2076,0.3276,3.7948,7.3237,2.7733,0.7021,1.9077,0.844,15.67,10.056,52.066
799,0,0.2348,0.3548,3.7948,7.3325,2.7742,0.7018,1.9079,0.8445,15.79,10.063,52.074
800,0,0.2115,0.3315,3.7948,7.3191,2.775,0.7015,1.9081,0.8458,15.8,10.227,52.053
801,0,0.2343,0.3543,3.7948,7.3312,2.7757,0.7011,1.9082,0.8452,15.69,10.362,52.059
802,0,0.2543,0.3743,3.7948,7.3207,2.7766,0.7006,1.9083,0.8449,15.74,10.024,52.053
803,0,0.2536,0.3736,3.7948,7.3248,2.7773,0.7002,1.9084,0.8457,15.69,10.036,52.092
804,0,0.2636,0.3836,3.7948,7.3332,2.7783,0.6998,1.9085,0.8454,15.72,10.314,52.086
805,0,0.2593,0.3793,3.7948,7.3244,2.7792,0.6993,1.9086,0.8453,15.69,10.064,52.09
806,0,0.2738,0.3938,3.7948,7.3344,2.78,0.6989,1.9088,0.8483,15.78,9.95,52.15
807,0,0.2924,0.4124,3.7948,7.3193,2.7807,0.6984,1.9089,0.8483,15.71,10.142,52.15
808,0,0.2702,0.3902,3.7948,7.3147,2.7815,0.698,1.909,0.8483,15.73,10.226,52.15
809,0,0.2647,0.3847,3.7948,7.3131,2.7823,0.6975,1.9091,0.8453,15.76,10.26,52.12
810,0,0.2508,0.3708,3.7948,7.2967,2.7833,0.697,1.9093,0.8456,15.72,10.109,52.138
811,0,0.2683,0.3883,3.7948,7.3069,2.7842,0.6965,1.9093,0.8445,15.68,10.105,52.077
812,0,0.2298,0.3498,3.7948,7.2967,2.785,0.6961,1.9095,0.8456,15.77,10.206,52.068
813,0,0.2331,0.3531,3.7948,7.2969,2.7858,0.6957,1.9096,0.8464,15.72,10.213,52.152
814,0,0.2197,0.3397,3.7948,7.2923,2.7863,0.6952,1.9097,0.8446,15.68,10.436,52.062
815,0,0.2109,0.3309,3.7948,7.3001,2.7872,0.6948,1.9098,0.8469,15.76,10.217,52.135
816,0,0.2301,0.3501,3.7948,7.3103,2.788,0.6943,1.9099,0.8478,15.7,9.967,52.169
817,0,0.2476,0.3676,3.7948,7.3144,2.7888,0.6939,1.9101,0.8479,15.78,10.109,52.17
818,0,0.2219,0.3419,3.7948,7.301,2.7896,0.6935,1.9103,0.8465,15.82,9.679,52.153
819,0,0.2271,0.3471,3.7948,7.3097,2.7907,0.6931,1.9105,0.8465,15.79,9.649,52.153
820,0,0.2196,0.3396,3.7948,7.3017,2.7914,0.6926,1.9106,0.8465,15.7,9.892,52.153
821,0,0.2681,0.3881,3.7948,7.3193,2.7924,0.6922,1.9108,0.8483,15.79,9.997,52.159
822,0,0.2481,0.3681,3.7948,7.3153,2.7934,0.6917,1.9109,0.8481,15.75,9.802,52.147
823,0,0.2474,0.3674,3.7948,7.3143,2.7941,0.6913,1.9111,0.8481,15.76,10.19,52.147
824,0,0.2373,0.3573,3.7948,7.3137,2.7952,0.6908,1.9113,0.848,15.77,10.006,52.145
825,0,0.2311,0.3511,3.7948,7.3142,2.796,0.6904,1.9114,0.8468,15.71,9.949,52.13
826,0,0.2658,0.3858,3.7948,7.3271,2.7971,0.6899,1.9116,0.8471,15.77,9.876,52.13
827,0,0.245,0.365,3.7948,7.3236,2.7978,0.6894,1.9116,0.8454,15.69,10.01,52.116
828,0,0.2818,0.4018,3.7948,7.3231,2.7988,0.689,1.9118,0.8468,15.77,10.34,52.126
829,0,0.2571,0.3771,3.7948,7.3164,2.7997,0.6885,1.9119,0.8463,15.67,10.148,52.141
830,0,0.2383,0.3583,3.7948,7.3063,2.8005,0.6881,1.912,0.8457,15.72,10.212,52.115
831,0,0.2466,0.3666,3.7948,7.3087,2.8013,0.6876,1.9121,0.8438,15.72,10.395,52.07
832,0,0.2554,0.3754,3.7948,7.3142,2.8022,0.6871,1.9122,0.8473,15.7,10.078,52.154
833,0,0.2769,0.3969,3.7948,7.3029,2.8031,0.6867,1.9123,0.8447,15.72,9.546,52.058
834,0,0.2652,0.3852,3.7948,7.3029,2.8039,0.6864,1.9123,0.8462,15.67,10.114,52.087
835,0,0.2271,0.3471,3.7948,7.3068,2.8046,0.686,1.9125,0.848,15.76,10.294,52.167
836,0,0.2603,0.3803,3.7948,7.3087,2.8055,0.6856,1.9126,0.8478,15.74,10.097,52.108
837,0,0.2426,0.3626,3.7948,7.3049,2.8064,0.6851,1.9128,0.8474,15.8,10.03,52.125
838,0,0.2112,0.3312,3.7948,7.2937,2.807,0.6847,1.9129,0.8485,15.72,10.041,52.162
839,0,0.222,0.342,3.7948,7.3021,2.8079,0.6843,1.9131,0.8478,15.74,9.86,52.174
840,0,0.2533,0.3733,3.7948,7.3075,2.8087,0.6838,1.9131,0.8479,15.66,9.984,52.132
841,0,0.2536,0.3736,3.7948,7.3094,2.8095,0.6834,1.9132,0.8487,15.67,10.265,52.111
842,0,0.2791,0.3991,3.7948,7.315,2.8102,0.6829,1.9133,0.8461,15.7,10.47,52.139
843,0,0.2364,0.3564,3.7948,7.2869,2.8111,0.6825,1.9134,0.8456,15.7,10.205,52.117
844,0,0.2726,0.3926,3.7948,7.3136,2.812,0.6821,1.9135,0.8486,15.69,9.771,52.178
845,0,0.2734,0.3934,3.7948,7.317,2.813,0.6817,1.9136,0.8494,15.75,9.854,52.156
846,0,0.2728,0.3928,3.7948,7.3073,2.8138,0.6813,1.9136,0.849,15.64,10.276,52.154
847,0,0.2794,0.3994,3.7948,7.3103,2.8148,0.6808,1.9137,0.8492,15.73,10.188,52.163
848,0,0.2702,0.3902,3.7948,7.3063,2.8158,0.6804,1.914,0.8479,15.82,9.726,52.129
849,0,0.2525,0.3725,3.7948,7.2941,2.8167,0.6799,1.9141,0.8477,15.72,9.695,52.128
850,0,0.2618,0.3818,3.7948,7.3021,2.8175,0.6795,1.9142,0.848,15.71,10.169,52.134
851,0,0.234,0.354,3.7948,7.2925,2.8181,0.6791,1.9143,0.8478,15.71,10.691,52.15
852,0,0.284,0.404,3.7948,7.3098,2.8191,0.6786,1.9143,0.8481,15.69,10.511,52.107
853,0,0.2705,0.3905,3.7948,7.298,2.82,0.6782,1.9145,0.8468,15.77,10.129,52.103
854,0,0.2811,0.4011,3.7948,7.3016,2.8208,0.6777,1.9146,0.8487,15.7,10.237,52.112
855,0,0.2866,0.4066,3.7948,7.3016,2.8217,0.6774,1.9147,0.8487,15.71,10.193,52.133
856,0,0.2925,0.4125,3.7948,7.31,2.8223,0.677,1.9149,0.8505,15.77,10.372,52.16
857,0,0.2848,0.4048,3.7948,7.3185,2.8235,0.6766,1.9151,0.8518,15.78,10.044,52.164
858,0,0.2644,0.3844,3.7948,7.3116,2.8243,0.6762,1.9152,0.8502,15.72,9.732,52.124
859,0,0.2727,0.3927,3.7948,7.3077,2.8252,0.6758,1.9152,0.8502,15.7,10.048,52.124
860,0,0.2976,0.4176,3.7948,7.3168,2.8258,0.6753,1.9154,0.8502,15.75,10.51,52.124
861,0,0.3165,0.4365,3.7948,7.3168,2.8268,0.6749,1.9154,0.8495,15.7,10.239,52.108
862,0,0.2722,0.3922,3.7948,7.3055,2.8277,0.6745,1.9156,0.8492,15.75,10.025,52.083
863,0,0.28,0.4,3.7948,7.3117,2.8286,0.6741,1.9157,0.8486,15.76,9.977,52.067
864,0,0.2832,0.4032,3.7948,7.3109,2.8293,0.6736,1.9158,0.8481,15.68,9.969,52.068
865,0,0.2768,0.3968,3.7948,7.3101,2.83,0.6732,1.9158,0.8479,15.65,10.273,52.042
866,0,0.3215,0.4415,3.7948,7.3241,2.8309,0.6727,1.9159,0.8466,15.66,10.336,52.011
867,0,0.2855,0.4055,3.7948,7.317,2.8316,0.6722,1.9159,0.8466,15.69,10.377,52.01
868,0,0.3121,0.4321,3.7948,7.3122,2.8325,0.6717,1.916,0.8501,15.67,10.454,52.083
869,0,0.3119,0.4319,3.7948,7.309,2.8331,0.6712,1.9161,0.8474,15.72,10.42,52.061
870,0,0.3093,0.4293,3.7948,7.3113,2.834,0.6708,1.9161,0.8474,15.67,10.201,52.061
871,0,0.3228,0.4428,3.7948,7.3121,2.8348,0.6703,1.9162,0.8486,15.67,10.101,52.082
872,0,0.3399,0.4599,3.7948,7.3198,2.8358,0.6699,1.9163,0.8487,15.7,9.983,52.082
873,0,0.314,0.434,3.7948,7.3124,2.8369,0.6694,1.9164,0.8484,15.72,9.551,52.056
874,0,0.3065,0.4265,3.7948,7.3081,2.8378,0.669,1.9165,0.8487,15.69,9.761,52.082
875,0,0.3397,0.4597,3.7948,7.3071,2.8386,0.6686,1.9165,0.8477,15.67,10.216,52.12
876,0,0.2812,0.4012,3.7948,7.2999,2.8392,0.6681,1.9166,0.8471,15.67,10.548,52.088
877,0,0.3026,0.4226,3.7948,7.3056,2.8401,0.6678,1.9167,0.8449,15.73,10.537,52.028
878,0,0.3025,0.4225,3.7948,7.2953,2.8411,0.6674,1.917,0.8467,15.84,9.859,52.071
879,0,0.2712,0.3912,3.7948,7.2863,2.8419,0.667,1.9171,0.8472,15.76,9.93,52.076
880,0,0.2913,0.4113,3.7948,7.299,2.8425,0.6666,1.9172,0.8475,15.66,10.685,52.029
881,0,0.2863,0.4063,3.7948,7.2944,2.8436,0.6663,1.9173,0.8491,15.72,10.166,52.084
882,0,0.2785,0.3985,3.7948,7.2913,2.8446,0.6658,1.9174,0.8471,15.71,9.61,52.027
883,0,0.2773,0.3973,3.7948,7.2914,2.8456,0.6655,1.9175,0.8484,15.76,9.553,52.051
884,0,0.2631,0.3831,3.7948,7.3004,2.8465,0.6652,1.9178,0.8468,15.83,9.638,52.034
885,0,0.2795,0.3995,3.7948,7.2977,2.8475,0.6648,1.918,0.8465,15.83,9.845,52.032
886,0,0.2555,0.3755,3.7948,7.3019,2.8486,0.6645,1.9183,0.8468,15.85,9.701,52.036
887,0,0.24,0.36,3.7948,7.2973,2.8495,0.6641,1.9183,0.8484,15.69,9.683,52.104
888,0,0.24,0.36,3.7948,7.2944,2.8506,0.6637,1.9186,0.8495,15.81,9.743,52.078
889,0,0.2348,0.3548,3.7948,7.2856,2.8514,0.6634,1.9187,0.8448,15.74,9.683,52.025
890,0,0.24,0.36,3.7948,7.2795,2.8521,0.663,1.9188,0.8472,15.69,10.208,52.082
891,0,0.2334,0.3534,3.7948,7.2793,2.8532,0.6627,1.9189,0.8472,15.8,9.886,52.082
892,0,0.2325,0.3525,3.7948,7.2821,2.8539,0.6624,1.9191,0.843,15.76,9.849,51.994
893,0,0.2455,0.3655,3.7948,7.2899,2.8547,0.6622,1.9193,0.8433,15.84,10.068,51.998
894,0,0.274,0.394,3.7948,7.2946,2.8554,0.6618,1.9194,0.8445,15.74,10.221,52.02
895,0,0.2482,0.3682,3.7948,7.2936,2.8565,0.6616,1.9196,0.8447,15.78,9.941,52.023
896,0,0.259,0.379,3.7948,7.2871,2.8573,0.6614,1.9198,0.8431,15.74,9.597,51.993
897,0,0.2539,0.3739,3.7948,7.2801,2.858,0.6611,1.9197,0.8454,15.6,10.374,52.016
898,0,0.2475,0.3675,3.7948,7.2898,2.8589,0.6609,1.9199,0.8439,15.75,10.513,51.997
899,0,0.2475,0.3675,3.7948,7.286,2.8597,0.6606,1.92,0.8439,15.78,10.223,51.997
900,0,0.235,0.355,3.7948,7.2788,2.8608,0.6604,1.9203,0.8445,15.9,9.916,52.029
901,0,0.2276,0.3476,3.7948,7.2744,2.8618,0.6601,1.9204,0.8462,15.69,9.689,52.054
902,0,0.2404,0.3604,3.7948,7.2713,2.8628,0.6597,1.9205,0.8464,15.68,10.13,52.077
903,0,0.2521,0.3721,3.7948,7.2747,2.8637,0.6594,1.9206,0.8452,15.69,10.169,52.025
904,0,0.2486,0.3686,3.7948,7.2746,2.8644,0.6591,1.9207,0.8475,15.73,10.47,52.137
905,0,0.2596,0.3796,3.7948,7.2781,2.8654,0.6588,1.9208,0.8449,15.7,9.992,52.045
906,0,0.2806,0.4006,3.7948,7.2821,2.8664,0.6585,1.9209,0.8471,15.69,9.767,52.132
907,0,0.2612,0.3812,3.7948,7.2827,2.8671,0.6583,1.921,0.8475,15.77,9.908,52.137
908,0,0.3056,0.4256,3.7948,7.2872,2.868,0.658,1.9213,0.8477,15.88,10.14,52.142
909,0,0.3224,0.4424,3.7948,7.3078,2.8686,0.6577,1.9214,0.8447,15.68,10.195,52.031
910,0,0.2798,0.3998,3.8253,7.2966,2.8695,0.6575,1.9214,0.8443,15.67,10.161,52.015
911,0,0.2754,0.3954,3.7948,7.281,2.8704,0.6572,1.9216,0.8461,15.81,10.068,52.035
912,0,0.2891,0.4091,3.8253,7.2917,2.8712,0.6569,1.9218,0.8457,15.75,9.981,52.003
913,0,0.2641,0.3841,3.7948,7.2807,2.8724,0.6566,1.922,0.8445,15.82,9.433,51.978
914,0,0.2449,0.3649,3.7948,7.2828,2.8732,0.6563,1.9221,0.8485,15.69,9.339,52.062
915,0,0.246,0.366,3.7948,7.2736,2.8741,0.6561,1.9222,0.8454,15.67,9.878,52.027
916,0,0.2387,0.3587,3.7948,7.2857,2.8749,0.6559,1.9222,0.85,15.66,10.12,52.104
917,0,0.2593,0.3793,3.7948,7.295,2.876,0.6558,1.9224,0.8496,15.8,10.055,52.065
918,0,0.2628,0.3828,3.8253,7.2839,2.877,0.6558,1.9226,0.8463,15.74,9.698,52.017
919,0,0.2545,0.3745,3.867,7.2827,2.8779,0.6558,1.9227,0.8453,15.74,9.624,52.019
920,0,0.2328,0.3528,3.9087,7.2899,2.8786,0.6558,1.9228,0.8462,15.75,9.694,52.012
921,0,0.2209,0.3409,3.9442,7.2883,2.8795,0.656,1.923,0.8441,15.8,10.019,52.012
922,0,0.2969,0.4169,3.9087,7.3132,2.8801,0.6559,1.9232,0.8454,15.73,10.547,52.01
923,0,0.2617,0.3817,3.9442,7.3037,2.8808,0.656,1.9234,0.8463,15.8,10.221,52.015
924,0,0.248,0.368,3.983,7.3181,2.8816,0.6562,1.9235,0.848,15.76,9.766,52.131
925,0,0.2375,0.3575,3.9442,7.3039,2.8823,0.6563,1.9237,0.8453,15.77,10.037,52.015
926,0,0.2702,0.3902,3.9475,7.3067,2.883,0.6563,1.9239,0.845,15.78,10.18,52.015
927,0,0.2765,0.3965,3.867,7.2944,2.8836,0.6563,1.9241,0.8446,15.83,10.206,52.016
928,0,0.2664,0.3864,3.867,7.2895,2.8845,0.6563,1.9244,0.8428,15.87,9.952,51.975
929,0,0.244,0.364,3.867,7.2869,2.8853,0.6562,1.9246,0.8444,15.76,9.968,52.01
930,0,0.2218,0.3418,3.9087,7.2851,2.8861,0.6564,1.9248,0.8444,15.8,10.169,52.01
931,0,0.2036,0.3236,3.9442,7.285,2.8868,0.6564,1.925,0.8449,15.8,9.979,52.074
932,0,0.275,0.2714,4.1236,7.2986,2.8877,0.6566,1.9252,0.8453,15.83,9.747,52.001
933,0,0.2265,0.2566,4.0899,7.2891,2.8884,0.6568,1.9254,0.845,15.75,9.868,52.058
934,0,0.2697,0.2582,4.1315,7.2985,2.8893,0.657,1.9255,0.8443,15.77,9.681,52.041
935,0,0.228,0.2553,4.0927,7.2964,2.8899,0.6573,1.9256,0.8444,15.72,9.902,52.039
936,0,0.2105,0.2715,4.059,7.3002,2.8907,0.6575,1.9258,0.8449,15.77,10.188,52.059
937,0,0.1818,0.3018,3.9815,7.3116,2.8911,0.6576,1.9259,0.844,15.72,10.643,52.011
938,0,0.2123,0.3323,3.9797,7.3197,2.8918,0.6576,1.9261,0.8435,15.75,10.769,52.004
939,0,0.2256,0.3456,3.9381,7.3169,2.8926,0.6576,1.9263,0.8444,15.83,10.184,51.997
940,0,0.2423,0.3623,3.8964,7.3288,2.8931,0.6575,1.9264,0.8428,15.75,10.397,51.999
941,0,0.2148,0.3348,3.9381,7.2999,2.8939,0.6574,1.9265,0.8423,15.72,10.372,51.998
942,0,0.2264,0.3464,3.8964,7.2967,2.8946,0.6573,1.9267,0.8428,15.8,10.244,52.005
943,0,0.2109,0.3309,3.8964,7.2911,2.8952,0.6572,1.9268,0.8425,15.7,10.299,51.999
944,0,0.2271,0.3471,3.9381,7.3068,2.8959,0.6572,1.927,0.8426,15.77,10.05,52.007
945,0,0.2191,0.3391,3.8964,7.2928,2.8966,0.6572,1.9271,0.8416,15.73,9.879,51.974
946,0,0.2268,0.3468,3.8964,7.2998,2.8974,0.657,1.9273,0.8433,15.82,9.981,52.008
947,0,0.2117,0.3317,3.8964,7.2964,2.8982,0.6569,1.9274,0.8436,15.7,10.13,52.003
948,0,0.2283,0.3483,3.8964,7.2884,2.8989,0.6568,1.9275,0.8441,15.72,10.244,52.027
949,0,0.2419,0.3619,3.8964,7.2916,2.8998,0.6567,1.9276,0.844,15.75,9.931,52.026
950,0,0.2708,0.3908,3.8964,7.2999,2.9004,0.6566,1.9277,0.8448,15.71,10.124,52.04
951,0,0.2554,0.3754,3.8627,7.303,2.901,0.6564,1.9279,0.8441,15.79,10.445,52.012
952,0,0.2637,0.3837,3.8321,7.2862,2.9021,0.6563,1.9281,0.8426,15.78,10.005,52.015
953,0,0.2349,0.3549,3.7948,7.2747,2.9028,0.6561,1.9283,0.8414,15.83,9.717,51.958
954,0,0.2559,0.3759,3.8253,7.2967,2.9037,0.656,1.9285,0.8445,15.8,9.863,51.975
955,0,0.2751,0.3951,3.8321,7.2823,2.9044,0.6559,1.9288,0.843,15.82,10.103,52.027
956,0,0.2864,0.4064,3.8321,7.2838,2.9052,0.6557,1.9289,0.8437,15.72,9.976,52.052
957,0,0.2966,0.4166,3.8738,7.2969,2.906,0.6556,1.9291,0.8438,15.79,9.836,51.98
958,0,0.288,0.408,3.8286,7.2999,2.9068,0.6555,1.9292,0.8438,15.77,9.749,52.014
959,0,0.2978,0.4178,3.9381,7.3195,2.9076,0.6554,1.9294,0.8459,15.8,9.732,52.085
960,0,0.2886,0.4086,3.9381,7.3095,2.9086,0.6553,1.9296,0.8446,15.73,9.583,52.047
961,0,0.3162,0.4362,3.8591,7.3268,2.9093,0.6552,1.9298,0.8456,15.79,9.804,52.04
962,0,0.3243,0.4443,3.867,7.3181,2.9099,0.6551,1.9299,0.8453,15.73,10.259,52.037
963,0,0.3119,0.4319,3.867,7.3105,2.9108,0.655,1.93,0.8456,15.75,10.142,52.063
964,0,0.2985,0.4185,3.9008,7.3055,2.9115,0.6548,1.9303,0.8439,15.87,9.873,52.023
965,0,0.3002,0.4202,3.867,7.3086,2.9124,0.6547,1.9305,0.8478,15.77,9.802,52.047
966,0,0.2986,0.4186,3.867,7.3274,2.9132,0.6545,1.9307,0.8452,15.84,9.78,52.024
967,0,0.3074,0.4274,3.8253,7.3129,2.914,0.6544,1.9308,0.8487,15.75,10.018,52.091
968,0,0.26,0.38,3.8253,7.3035,2.9148,0.6542,1.9311,0.8471,15.81,10.079,52.074
969,0,0.26,0.38,3.8253,7.3114,2.9156,0.6541,1.9312,0.8484,15.73,10.063,52.112
970,0,0.2599,0.3799,3.867,7.3062,2.9163,0.654,1.9313,0.8469,15.76,10.078,52.07
971,0,0.3035,0.4235,3.9087,7.3318,2.9173,0.654,1.9315,0.8474,15.77,9.848,52.082
972,0,0.2681,0.3881,3.8627,7.3135,2.9179,0.6538,1.9318,0.8448,15.86,9.768,52.016
973,0,0.2519,0.3719,3.8627,7.3054,2.9186,0.6537,1.932,0.8428,15.83,9.883,52.01
974,0,0.2765,0.3965,3.946,7.3353,2.9194,0.6536,1.9321,0.8465,15.75,9.639,52.064
975,0,0.2748,0.3948,3.946,7.3384,2.9203,0.6536,1.9324,0.8451,15.83,9.601,52.06
976,0,0.2622,0.3822,3.8627,7.3131,2.921,0.6535,1.9325,0.8441,15.76,9.668,51.984
977,0,0.2786,0.3986,3.8253,7.2996,2.9217,0.6533,1.9326,0.8437,15.72,9.906,51.982
978,0,0.3022,0.4222,3.8253,7.3194,2.9226,0.6533,1.9328,0.8451,15.79,9.945,52.013
979,0,0.3041,0.4241,3.867,7.3171,2.9234,0.6533,1.9331,0.8459,15.84,10.013,52.018
980,0,0.3115,0.4315,3.8365,7.32,2.9243,0.6533,1.9333,0.8493,15.81,9.845,52.091
981,0,0.2986,0.4186,3.9503,7.3237,2.9252,0.6532,1.9336,0.8462,15.91,9.461,52.017
982,0,0.3179,0.4379,3.8365,7.314,2.9261,0.6533,1.9338,0.8472,15.79,9.478,52.078
983,0,0.2831,0.4031,3.8667,7.3014,2.9269,0.6532,1.9341,0.8465,15.84,9.798,52.033
984,0,0.2637,0.3837,3.8709,7.2948,2.9277,0.6532,1.9342,0.8451,15.78,10.018,52.005
985,0,0.2489,0.3689,3.8709,7.2988,2.9285,0.6532,1.9345,0.8467,15.82,10.19,52.018
986,0,0.2221,0.3421,3.8709,7.2877,2.9294,0.6532,1.9347,0.848,15.84,10.065,52.1
987,0,0.187,0.307,3.9786,7.2838,2.9303,0.6534,1.9349,0.8475,15.83,9.561,52.097
988,0,0.2292,0.3492,3.8782,7.283,2.9309,0.6533,1.9352,0.8474,15.83,9.663,52.1
989,0,0.2475,0.3675,3.8365,7.2864,2.9315,0.6532,1.9353,0.8457,15.73,10.35,52.094
990,0,0.264,0.384,3.8365,7.2879,2.9324,0.6532,1.9355,0.8459,15.83,9.935,52.092
991,0,0.26,0.38,3.8365,7.2777,2.9332,0.6532,1.9357,0.8457,15.82,9.785,52.058
992,0,0.3105,0.3748,4.0558,7.3377,2.9339,0.6532,1.9359,0.8493,15.77,10.093,52.099
993,0,0.2793,0.3435,4.0558,7.3157,2.9346,0.6532,1.9361,0.8493,15.76,10.207,52.099
994,0,0.2415,0.3615,3.9786,7.3152,2.9355,0.6533,1.9363,0.8494,15.81,9.728,52.107
995,0,0.2383,0.3583,3.9786,7.3032,2.9362,0.6534,1.9365,0.8492,15.81,9.704,52.114
996,0,0.2725,0.3925,3.9011,7.3029,2.9369,0.6534,1.9367,0.8492,15.8,10.086,52.114
997,0,0.2526,0.3726,3.9428,7.3051,2.9375,0.6534,1.9369,0.8496,15.76,10.263,52.089
998,0,0.2556,0.3756,3.9848,7.3009,2.9383,0.6535,1.9371,0.846,15.83,10.101,52.091
999,0,0.2509,0.3709,3.9011,7.2908,2.9392,0.6534,1.9373,0.846,15.85,9.762,52.09
1000,0,0.2991,0.3633,4.0558,7.3202,2.9401,0.6536,1.9375,0.8474,15.79,9.464,52.098
1001,0,0.2802,0.4002,3.9084,7.3133,2.9409,0.6537,1.9377,0.8466,15.82,9.694,52.062
1002,0,0.2872,0.4072,3.9503,7.3262,2.9419,0.6538,1.9381,0.8466,15.89,9.413,52.076
1003,0,0.284,0.404,3.9503,7.3266,2.9425,0.6539,1.9384,0.8463,15.89,9.687,52.071
1004,0,0.2504,0.3704,3.9858,7.3254,2.9433,0.6538,1.9386,0.8448,15.82,9.834,52.123
1005,0,0.2547,0.3531,4.0217,7.3229,2.944,0.6539,1.9387,0.8434,15.78,9.761,52.061
1006,0,0.2615,0.3815,3.9858,7.3239,2.9446,0.654,1.9389,0.8447,15.81,10.014,52.07
1007,0,0.2732,0.3932,3.9858,7.3189,2.9453,0.654,1.9391,0.8442,15.76,10.107,52.065
1008,0,0.3024,0.4224,3.9087,7.3101,2.9459,0.6539,1.9393,0.8443,15.82,10.144,52.067
1009,0,0.2819,0.4019,3.7948,7.2881,2.947,0.6539,1.9395,0.8448,15.82,9.403,52.057
1010,0,0.305,0.425,3.8253,7.2959,2.948,0.6539,1.9397,0.8464,15.75,9.364,52.054
1011,0,0.3208,0.4408,3.7948,7.3049,2.9486,0.6539,1.9398,0.845,15.78,10.018,52.088
1012,0,0.2849,0.4049,3.7948,7.2894,2.9493,0.6537,1.94,0.8444,15.77,10.301,52.046
1013,0,0.2861,0.4061,3.7948,7.2907,2.9501,0.6536,1.9401,0.8448,15.74,10.317,52.057
1014,0,0.2884,0.4084,3.9087,7.3004,2.951,0.6535,1.9403,0.8461,15.79,10.265,52.062
1015,0,0.3513,0.4713,3.7948,7.3114,2.9519,0.6535,1.9405,0.8458,15.76,10.084,52.028
1016,0,0.3446,0.4646,3.7948,7.3169,2.9528,0.6534,1.9408,0.8464,15.89,9.791,52.088
1017,0,0.3675,0.4875,3.7948,7.314,2.9536,0.6533,1.9409,0.8467,15.71,9.798,52.104
1018,0,0.3475,0.4675,3.8365,7.3047,2.9548,0.6531,1.9412,0.8453,15.86,9.676,52.1
1019,0,0.3782,0.4982,3.8782,7.3139,2.9554,0.653,1.9413,0.8468,15.73,9.948,52.073
1020,0,0.3626,0.4826,3.8782,7.324,2.9562,0.653,1.9415,0.8468,15.81,10.38,52.119
1021,0,0.3299,0.4499,3.9136,7.3154,2.9572,0.6531,1.9418,0.8449,15.89,9.714,52.032
1022,0,0.3385,0.4585,3.9136,7.3309,2.9579,0.6531,1.9421,0.8458,15.91,9.484,52.073
1023,0,0.3433,0.4633,3.8782,7.3216,2.9585,0.6531,1.9423,0.8462,15.78,9.737,52.082
1024,0,0.3275,0.4475,3.9136,7.321,2.9594,0.6531,1.9426,0.8463,15.89,9.82,52.09
1025,0,0.3328,0.4528,3.9136,7.3262,2.9603,0.6532,1.9428,0.8457,15.82,9.507,52.062
1026,0,0.3233,0.4433,3.9087,7.3329,2.9611,0.6532,1.9431,0.8454,15.86,9.58,52.067
1027,0,0.3381,0.4581,3.9087,7.3345,2.9619,0.6532,1.9433,0.845,15.82,9.756,52.053
1028,0,0.312,0.432,3.9087,7.3252,2.9627,0.6533,1.9436,0.8453,15.84,9.928,52.059
1029,0,0.3453,0.4653,3.9087,7.3249,2.9635,0.6533,1.9438,0.8457,15.83,9.921,52.07
1030,0,0.3467,0.4667,3.9442,7.3268,2.9644,0.6534,1.944,0.8469,15.82,9.592,52.07
1031,0,0.3381,0.4581,3.9442,7.3201,2.9655,0.6536,1.9444,0.8455,15.91,9.22,52.065
1032,0,0.3035,0.4235,3.9442,7.3116,2.9665,0.6536,1.9446,0.8451,15.84,9.097,52.053
1033,0,0.2986,0.4186,3.9442,7.3087,2.9675,0.6538,1.9449,0.8458,15.85,9.286,52.094
1034,0,0.319,0.439,3.9442,7.3087,2.9682,0.6539,1.9451,0.8465,15.83,9.359,52.097
1035,0,0.3125,0.4325,3.9442,7.3164,2.9693,0.654,1.9454,0.8452,15.87,9.141,52.072
1036,0,0.3517,0.4717,3.9442,7.3253,2.9701,0.6542,1.9457,0.846,15.91,9.231,52.081
1037,0,0.3476,0.4676,3.9087,7.3122,2.9709,0.6542,1.946,0.8436,15.84,9.667,52.045
1038,0,0.3136,0.4336,3.9442,7.3243,2.9721,0.6542,1.9463,0.8458,15.9,9.187,52.073
1039,0,0.3147,0.4347,3.9442,7.3175,2.9728,0.6543,1.9465,0.8457,15.81,9.454,52.072
1040,0,0.3555,0.4755,3.9136,7.331,2.9736,0.6544,1.9467,0.8461,15.78,9.808,52.073
1041,0,0.3237,0.4437,3.9136,7.3301,2.9747,0.6544,1.947,0.8477,15.85,9.429,52.081
1042,0,0.3309,0.4509,3.9136,7.3299,2.9756,0.6545,1.9472,0.8481,15.76,9.414,52.086
1043,0,0.3309,0.4509,3.9136,7.3426,2.9765,0.6546,1.9474,0.8485,15.82,9.686,52.09
1044,0,0.3071,0.4271,3.9858,7.3214,2.9773,0.6547,1.9476,0.8483,15.79,9.665,52.152
1045,0,0.2905,0.3902,4.0202,7.3314,2.9779,0.6548,1.9477,0.8478,15.78,9.959,52.139
1046,0,0.2859,0.4059,3.9858,7.3357,2.9787,0.655,1.9479,0.8463,15.81,10.161,52.124
1047,0,0.2977,0.4177,3.9442,7.3242,2.9794,0.6549,1.9481,0.8457,15.83,9.831,52.099
1048,0,0.2936,0.4136,3.8782,7.3208,2.9801,0.6549,1.9483,0.8452,15.73,9.871,52.095
1049,0,0.3156,0.4356,3.9087,7.3137,2.9807,0.6548,1.9484,0.844,15.73,10.252,52.055
1050,0,0.325,0.445,3.9442,7.3339,2.9815,0.6548,1.9486,0.8456,15.81,10.079,52.071
1051,0,0.317,0.437,3.9442,7.3178,2.9822,0.6548,1.9488,0.8469,15.81,9.737,52.092
1052,0,0.3598,0.4798,3.8782,7.3356,2.9833,0.6546,1.949,0.8504,15.8,9.218,52.134
1053,0,0.3142,0.4342,3.8782,7.3277,2.9843,0.6546,1.9491,0.8466,15.74,9.195,52.038
1054,0,0.3471,0.4671,3.8782,7.3446,2.9849,0.6545,1.9493,0.8467,15.77,9.918,52.039
1055,0,0.3474,0.4674,3.8782,7.3252,2.9858,0.6545,1.9495,0.8459,15.81,9.777,52.043
1056,0,0.3474,0.4674,3.8782,7.3325,2.9867,0.6544,1.9496,0.8459,15.75,9.585,52.043
1057,0,0.3035,0.4235,3.7948,7.315,2.9874,0.6542,1.9497,0.8456,15.7,9.94,52.099
1058,0,0.3211,0.4411,3.7948,7.3162,2.9884,0.6541,1.9499,0.8452,15.78,10.08,52.064
1059,0,0.332,0.452,3.7948,7.3069,2.9892,0.6538,1.9501,0.845,15.81,9.819,52.071
1060,0,0.332,0.452,3.7948,7.3118,2.9899,0.6537,1.9503,0.8453,15.78,9.974,52.096
1061,0,0.3178,0.4378,3.7948,7.3104,2.9908,0.6535,1.9505,0.8449,15.82,9.694,52.059
1062,0,0.3101,0.4301,3.7948,7.3027,2.9918,0.6533,1.9507,0.8454,15.81,9.185,52.091
1063,0,0.3101,0.4301,3.7948,7.3101,2.993,0.6532,1.951,0.8476,15.82,9.248,52.101
