video,top_power_mW,B_bar,method,held_feasible,J_Q,J_D,J_B,cov,psnr
Runner,50.0,8.0,pred,True,25.19120563935637,0.0,6.652864098934973,0.829431766443902,51.74329914524756
Runner,50.0,8.0,fixed (nodir k=4),False,25.845388165703078,0.40037497907834485,7.604978137471296,0.8513264046286757,52.23072321003528
Runner,50.0,8.0,"smart (tau=0.02, alpha=0.7)",True,26.340582391642705,0.0,7.306540414570236,0.8677527293972765,52.66582638024277
Runner,50.0,8.0,"ceiling (perfect prediction; tau=0.02, alpha=1.0)",True,29.81807395780266,0.0,7.597867763010651,0.9831058296555335,55.10393348409167
Runner,50.0,10.0,pred,True,25.19120563935637,0.0,6.652864098934973,0.829431766443902,51.74329914524756
Runner,50.0,10.0,fixed (dir tau=0.013),False,27.06354631819309,0.3496322401959182,8.065395521192952,0.8921278793455851,53.189400847429255
Runner,50.0,10.0,"smart (tau=0.01, alpha=1.0)",True,27.492565740627334,0.027552928731661066,8.224735844288507,0.9055329437392974,53.52116028451436
Runner,50.0,10.0,"ceiling (perfect prediction; tau=0.02, alpha=1.0)",True,29.81807395780266,0.0,7.597867763010651,0.9831058296555335,55.10393348409167
Runner,25.0,8.0,pred,True,25.19120563935637,0.0,6.652864098934973,0.829431766443902,51.74329914524756
Runner,25.0,8.0,fixed (nodir k=3),False,25.70879752997107,0.5406718283895782,7.350931652981539,0.8467709273717313,52.168706981549555
Runner,25.0,8.0,"smart (tau=0.02, alpha=1.0)",True,26.192823597120807,0.046253400512535375,7.296420739831632,0.8623849456781407,52.55711776879658
Runner,25.0,8.0,"ceiling (perfect prediction; tau=0.005, alpha=1.0)",True,29.108722537331783,0.16359412397856676,7.629997753986578,0.9593929282154616,54.78749654942746
Runner,25.0,10.0,pred,True,25.19120563935637,0.0,6.652864098934973,0.829431766443902,51.74329914524756
Runner,25.0,10.0,fixed (nodir k=3),False,25.70879752997107,0.5406718283895782,7.350931652981539,0.8467709273717313,52.168706981549555
Runner,25.0,10.0,"smart (tau=0.01, alpha=1.0)",True,27.017971199558858,0.18990227098204368,7.8619410267712055,0.8895792752886064,53.10619552345511
Runner,25.0,10.0,"ceiling (perfect prediction; tau=0.005, alpha=1.0)",True,29.108722537331783,0.16359412397856676,7.629997753986578,0.9593929282154616,54.78749654942746
Runner,12.5,8.0,pred,True,25.19120563935637,0.013560103153192437,6.652864098934973,0.829431766443902,51.74329914524756
Runner,12.5,8.0,fixed (nodir k=1),True,25.390989807898734,0.2605889364377177,6.874874633713378,0.8361350708420502,51.94622311211286
Runner,12.5,8.0,"smart (tau=0.01, alpha=0.85)",False,26.38335775504983,0.3006899860353001,7.368553408787047,0.8686022062279611,52.62977807812812
Runner,12.5,8.0,"ceiling (perfect prediction; tau=0.02, alpha=0.85)",True,27.990287929813448,0.2879117178511448,7.156686256107567,0.9233560816714197,53.59742367037043
Runner,12.5,10.0,pred,True,25.19120563935637,0.013560103153192437,6.652864098934973,0.829431766443902,51.74329914524756
Runner,12.5,10.0,fixed (nodir k=1),True,25.390989807898734,0.2605889364377177,6.874874633713378,0.8361350708420502,51.94622311211286
Runner,12.5,10.0,"smart (tau=0.01, alpha=0.85)",False,26.38335775504983,0.3006899860353001,7.368553408787047,0.8686022062279611,52.62977807812812
Runner,12.5,10.0,"ceiling (perfect prediction; tau=0.02, alpha=0.85)",True,27.990287929813448,0.2879117178511448,7.156686256107567,0.9233560816714197,53.59742367037043
GateNight,50.0,8.0,pred,True,21.490058631686367,0.002610828836738336,6.598160044564594,0.7043657907322988,51.40250714051982
GateNight,50.0,8.0,fixed (dir tau=0.021),True,22.552115304244825,0.009960104827440868,7.213140368089537,0.7397064244425784,52.01127845911909
GateNight,50.0,8.0,"smart (tau=0.005, alpha=0.5)",True,22.980990783559303,0.002610828836738336,7.72889618531942,0.7554762846714508,52.09496900381433
GateNight,50.0,8.0,"ceiling (perfect prediction; tau=0.02, alpha=1.0)",True,27.297909354096358,0.04252334582475933,7.711839835159193,0.8998369189686435,54.02162247911904
GateNight,50.0,10.0,pred,True,21.490058631686367,0.002610828836738336,6.598160044564594,0.7043657907322988,51.40250714051982
GateNight,50.0,10.0,fixed (dir tau=0.021),True,22.552115304244825,0.009960104827440868,7.213140368089537,0.7397064244425784,52.01127845911909
GateNight,50.0,10.0,"smart (tau=0.01, alpha=1.0)",True,23.311866190779458,0.07939554201112793,7.906737606015835,0.7649161508993182,52.22807202863485
GateNight,50.0,10.0,"ceiling (perfect prediction; tau=0.02, alpha=1.0)",True,27.297909354096358,0.04252334582475933,7.711839835159193,0.8998369189686435,54.02162247911904
GateNight,25.0,8.0,pred,True,21.490058631686367,0.035557995519147186,6.598160044564594,0.7043657907322988,51.40250714051982
GateNight,25.0,8.0,fixed (nodir k=1),True,21.9956121431569,0.05750207410008229,6.79127873672395,0.7210487468954931,51.52184438411456
GateNight,25.0,8.0,"smart (tau=0.01, alpha=0.85)",True,22.56600129797329,0.09188205391438616,7.412197815157742,0.7403208699969498,51.90136219643989
GateNight,25.0,8.0,"ceiling (perfect prediction; tau=0.05, alpha=1.0)",True,26.165705105264625,0.2747632823976803,7.2856900018803685,0.8627178769953058,53.228648158364784
GateNight,25.0,10.0,pred,True,21.490058631686367,0.035557995519147186,6.598160044564594,0.7043657907322988,51.40250714051982
GateNight,25.0,10.0,fixed (nodir k=1),True,21.9956121431569,0.05750207410008229,6.79127873672395,0.7210487468954931,51.52184438411456
GateNight,25.0,10.0,"smart (tau=0.01, alpha=0.85)",True,22.56600129797329,0.09188205391438616,7.412197815157742,0.7403208699969498,51.90136219643989
GateNight,25.0,10.0,"ceiling (perfect prediction; tau=0.05, alpha=1.0)",True,26.165705105264625,0.2747632823976803,7.2856900018803685,0.8627178769953058,53.228648158364784
GateNight,12.5,8.0,pred,True,21.490058631686367,0.19033406397355204,6.598160044564594,0.7043657907322988,51.40250714051982
GateNight,12.5,8.0,"ceiling (perfect prediction; tau=0.05, alpha=0.7)",True,23.650047382621228,0.27504677359112,6.905899101527701,0.7799135185352014,52.21553695056014
GateNight,12.5,10.0,pred,True,21.490058631686367,0.19033406397355204,6.598160044564594,0.7043657907322988,51.40250714051982
GateNight,12.5,10.0,"ceiling (perfect prediction; tau=0.05, alpha=0.7)",True,23.650047382621228,0.27504677359112,6.905899101527701,0.7799135185352014,52.21553695056014
