video,method,kind,choice,within_budgets,J_cov,J_psnr,J_D,J_B,J_P,cov,psnr,extra,useful,bits
Runner,predicted viewport only,heuristic,,True,25.191205639356376,1570.990633556612,0.0,6.652864098934975,15.179339097521302,0.8294317664439025,51.743299145247555,0.0,0.0,129073386.96296291
Runner,QER 120x60 (MMSP),heuristic,,True,25.899733365940147,1588.9354261216693,0.04671719438298834,7.658837931880665,15.179339097521302,0.8534792723976021,52.34239901588459,2.129629629629629,0.6018518518518516,148041667.85185188
Runner,QER 160x80 (MMSP),heuristic,,False,26.88211777657,1609.0887494297328,0.5624222593771383,8.443504118101908,15.179339097521302,0.886051928107478,53.0197047749133,3.8055555555555567,1.0092592592592593,162413731.55555555
Runner,QER 200x100 (MMSP),heuristic,,False,28.181612020990233,1641.8193650052344,11.090246193920432,16.12334358679153,15.179339097521302,0.9285386603240744,54.09206749551866,19.944444444444454,2.037037037037037,257926073.5555556
Runner,"average-based, MMSP bounds (MMSP)",heuristic,,False,27.768034266825662,1630.5551039984182,5.982218180849753,11.748460043870704,15.179339097521302,0.91534571279321,53.72342350719132,10.749999999999993,1.6481481481481481,202171508.07407415
Runner,"threshold 10 s (ASL360, literal)",heuristic,,True,25.191205639356376,1570.990633556612,0.0,6.652864098934975,15.179339097521302,0.8294317664439025,51.743299145247555,0.0,0.0,129073386.96296291
Runner,"literature, tuned on training viewers",heuristic,average-based 0.35x,True,26.233488765186475,1595.8499169923389,0.11854907725214817,7.621775829802817,15.179339097521302,0.864167436350522,52.56148062329814,2.0648148148148158,0.6666666666666666,147519193.9259259
Runner,"RL estimate, fixed observation",RL estimate,tau 0.0134 a 0.5,True,27.235805805946427,1621.1548269721432,0.0,7.671344410230304,15.179339097521302,0.8971755022219884,53.40767927470924,2.2055555555555557,0.9472222222222222,150354944.42222223
Runner,"uniform, rate-matched (all 64 tiles)",heuristic,level 3,,,,0.0,30.35867819504262,,1.0,49.946298816305465,64.0,,56965324.44444445
Runner,"RL estimate, excellent prediction",RL estimate (optimistic),tau 0.0302 a 1.0,True,28.508339844451452,1643.1590713546161,0.0,7.447625593907258,15.179339097521302,0.9398605063365627,54.15529256838066,1.6944444444444442,1.3981481481481481,145004889.85185188
Runner,oracle (perfect viewport knowledge),upper bound,87% of extra tile budget,True,30.186889308777772,1686.7628923194197,0.29394905435585367,7.816719130482412,15.179339097521302,0.9942774229440995,55.560547058184255,2.4444444444444433,2.4444444444444433,150601657.33333334
GateNight,predicted viewport only,heuristic,,True,21.490058631686367,1561.3155545255456,0.003911709038422867,6.598160044564594,15.179339097521307,0.704365790732299,51.40250714051982,0.0,0.0,135176340.33333334
GateNight,QER 120x60 (MMSP),heuristic,,False,22.297406156592427,1575.2203156874987,0.5938300982177184,7.686666426524271,15.179339097521307,0.7308972326555763,51.854224744169166,2.25,0.625,156622374.5
GateNight,QER 160x80 (MMSP),heuristic,,False,23.51492162502987,1595.2853141517037,2.4272113735093033,8.723064011914426,15.179339097521307,0.773507577863574,52.552703250522995,4.5,1.3263888888888888,176563200.3333333
GateNight,QER 200x100 (MMSP),heuristic,,False,26.017276963488445,1623.8509257907729,11.564875223473527,15.706139533285207,15.179339097521307,0.8562926872538247,53.49463086624021,19.104166666666668,2.8472222222222228,266062340.3333333
GateNight,"average-based, MMSP bounds (MMSP)",heuristic,,False,24.78015774160129,1611.092379842894,6.696338072316865,11.421211221068294,15.179339097521307,0.8143086010172489,53.05183029463226,10.15972222222222,2.152777777777778,209379382.94444448
GateNight,"threshold 10 s (ASL360, literal)",heuristic,,True,21.490058631686367,1561.3155545255456,0.003911709038422867,6.598160044564594,15.179339097521307,0.704365790732299,51.40250714051982,0.0,0.0,135176340.33333334
GateNight,"literature, tuned on training viewers",heuristic,"threshold, margin 0.35x",True,22.656034793037055,1580.816462921965,0.013080281495685547,7.652934417986789,15.179339097521307,0.7440439149105462,52.062326074298255,2.2770833333333336,0.8256944444444445,156553092.56111115
GateNight,"RL estimate, fixed observation",RL estimate,tau 0.0122 a 0.7,True,23.094438247146048,1584.8642939934177,0.003911709038422867,7.6844691960857885,15.179339097521307,0.7583556650683448,52.1895578311156,2.3486111111111105,0.7895833333333334,157814997.55
GateNight,"uniform, rate-matched (all 64 tiles)",heuristic,level 3,,,,0.0,30.35867819504262,,1.0,50.790869619710364,64.0,,58724610.66666665
GateNight,"RL estimate, excellent prediction",RL estimate (optimistic),tau 0.0235 a 1.0,True,25.14185671961463,1611.3316059803892,0.03579656516716857,7.585859886942295,15.179339097521307,0.8263562927136036,53.07818739853849,2.103472222222222,1.6034722222222222,155808585.7611111
GateNight,oracle (perfect viewport knowledge),upper bound,56% of extra tile budget,True,27.480944034958902,1625.4393845907712,0.29267438282146657,7.380009567848876,15.179339097521307,0.9049244240620906,53.55337366862629,1.6736111111111112,1.6736111111111112,151016444.0
Bridge,predicted viewport only,heuristic,,True,23.510042072818262,1593.431275742281,0.0,6.652533800162611,15.179339097521302,0.777156679759864,52.534691809085125,0.0,0.0,141379581.33333337
Bridge,QER 120x60 (MMSP),heuristic,,False,25.096211703614287,1613.2233835849192,1.734786463618245,8.09792312342714,15.179339097521302,0.8305125417165897,53.20377875552804,3.0555555555555567,0.8425925925925927,171576389.62962967
Bridge,QER 160x80 (MMSP),heuristic,,False,26.19760938061332,1626.9002418946804,3.8054481020654163,8.854059439339663,15.179339097521302,0.865046262554398,53.64997565885546,4.611111111111112,1.2870370370370372,186041464.74074084
Bridge,QER 200x100 (MMSP),heuristic,,False,27.82778052269889,1649.3357196724617,13.048228437357023,16.031877549920367,15.179339097521302,0.918728300308642,54.38833553534452,19.777777777777782,2.3333333333333344,287820246.29629636
Bridge,"average-based, MMSP bounds (MMSP)",heuristic,,False,27.10526471024735,1641.66489492288,7.104643246279442,11.09473810097529,15.179339097521302,0.8945578142368833,54.127150285861866,9.268518518518512,1.9074074074074072,212401768.7407407
Bridge,"threshold 10 s (ASL360, literal)",heuristic,,True,23.510042072818262,1593.431275742281,0.0,6.652533800162611,15.179339097521302,0.777156679759864,52.534691809085125,0.0,0.0,141379581.33333337
Bridge,"literature, tuned on training viewers",heuristic,"threshold, margin 0.5x",True,24.807246967770517,1609.9005029063217,0.16903295745200758,7.492007349440505,15.179339097521302,0.8196398661886939,53.08646070663887,1.75925925925926,0.5694444444444444,158553369.5851851
Bridge,"RL estimate, fixed observation",RL estimate,tau 0.0138 a 1.0,True,25.32277167918522,1616.4675284919567,0.12005902153948594,7.5149051694809454,15.179339097521302,0.8372318686896062,53.31161836180738,1.8074074074074071,0.6740740740740742,159943313.98518518
Bridge,"uniform, rate-matched (all 64 tiles)",heuristic,level 3,,,,0.0,30.35867819504262,,1.0,50.7352970768787,64.0,,67088724.888888866
Bridge,"RL estimate, excellent prediction",RL estimate (optimistic),tau 0.0226 a 1.0,True,26.890019388514794,1638.6217554393404,0.028942955687984148,7.378177047862438,15.179339097521302,0.8860951391497598,54.0101842023272,1.514814814814814,1.3490740740740739,156873099.18518516
Bridge,oracle (perfect viewport knowledge),upper bound,55% of extra tile budget,True,28.5420389458752,1653.0744928891068,0.2830616333011827,7.385683316472854,15.179339097521302,0.9396026191685835,54.46652490250215,1.5185185185185182,1.5185185185185182,157120596.66666663
SiyuanGate,predicted viewport only,heuristic,,True,23.350415302673596,1565.531764770748,0.0,6.473015642874352,15.179339097521302,0.7688500554745327,51.54102533091751,0.0,0.0,58220395.11111108
SiyuanGate,QER 120x60 (MMSP),heuristic,,True,24.37346585876326,1582.791072212308,0.0,7.445724139063732,15.179339097521302,0.8025237035055549,52.11386323666217,2.00925925925926,0.6666666666666666,67932548.14814815
SiyuanGate,QER 160x80 (MMSP),heuristic,,False,26.413884903870773,1620.5619376820446,0.0,9.218373206113018,15.179339097521302,0.869973305986484,53.37070724981031,5.685185185185184,1.7037037037037044,81587921.25925927
SiyuanGate,QER 200x100 (MMSP),heuristic,,False,28.592799269373746,1665.226311099749,0.0,15.121347422750977,15.179339097521302,0.9421637168119986,54.85025521187381,18.212962962962965,2.9074074074074066,126826341.6296296
SiyuanGate,"average-based, MMSP bounds (MMSP)",heuristic,,False,27.019339796690645,1637.4152620899106,0.0,11.55882986196977,15.179339097521302,0.8903817573687889,53.94316060148625,10.638888888888888,2.175925925925926,96692895.18518521
SiyuanGate,"threshold 10 s (ASL360, literal)",heuristic,,True,23.350415302673596,1565.531764770748,0.0,6.473015642874352,15.179339097521302,0.7688500554745327,51.54102533091751,0.0,0.0,58220395.11111108
SiyuanGate,"literature, tuned on training viewers",heuristic,average-based 0.25x,True,24.39391425567105,1586.180619675233,0.0,7.385706118510944,15.179339097521302,0.8038082981919404,52.23324426974638,1.898148148148149,0.6203703703703705,66190253.85185186
SiyuanGate,"RL estimate, fixed observation",RL estimate,tau 0.0199 a 0.5,True,25.4141434785889,1604.369235875968,0.0,7.360913245116717,15.179339097521302,0.8360398559791143,52.80269458244232,1.8333333333333337,0.8796296296296298,66594194.44444443
SiyuanGate,"uniform, rate-matched (all 64 tiles)",heuristic,level 4,,,,0.0,30.35867819504262,,1.0,53.7253554175005,64.0,,69102357.55555557
SiyuanGate,"RL estimate, excellent prediction",RL estimate (optimistic),tau 0.0452 a 0.5,True,26.602528982208476,1624.3298339544415,0.0,7.075344438950391,15.179339097521302,0.8755280671568403,53.46722758926944,1.2685185185185184,1.2129629629629626,63651661.33333332
SiyuanGate,oracle (perfect viewport knowledge),upper bound,100% of extra tile budget,True,30.174816292636987,1702.210903181304,0.0,7.999414320603214,15.179339097521302,0.9938023236123017,56.05787409812593,3.24074074074074,3.24074074074074,71421785.48148148
Academic,predicted viewport only,heuristic,,True,23.06692816635119,1519.5279363735565,0.0,6.594445053699156,15.179339097521302,0.7580492298690706,49.999546481739905,0.0,0.0,71565515.4814815
Academic,QER 120x60 (MMSP),heuristic,,True,24.00108630811335,1541.6888034680908,0.0,7.583825788130353,15.179339097521302,0.7889616068738318,50.716420810519374,2.0740740740740744,0.6203703703703706,80904039.33333333
Academic,QER 160x80 (MMSP),heuristic,,False,25.55123291527058,1575.989886185163,0.0,8.73011593950655,15.179339097521302,0.8391544690324266,51.85671331848824,4.481481481481481,1.435185185185185,92423073.92592593
Academic,QER 200x100 (MMSP),heuristic,,False,27.252989284765402,1619.5367481194057,0.33337129981973807,15.54500644227571,15.179339097521302,0.8957167572226855,53.28694522011677,18.842592592592595,2.481481481481482,155567825.92592588
Academic,"average-based, MMSP bounds (MMSP)",heuristic,,False,26.266252562780725,1599.9080043061435,0.0,11.414223712092701,15.179339097521302,0.8630407030752835,52.63878522483539,10.148148148148143,1.9166666666666667,117987846.88888884
Academic,"threshold 10 s (ASL360, literal)",heuristic,,True,23.06692816635119,1519.5279363735565,0.0,6.594445053699156,15.179339097521302,0.7580492298690706,49.999546481739905,0.0,0.0,71565515.4814815
Academic,"literature, tuned on training viewers",heuristic,average-based 0.25x,True,24.52365302569211,1552.8580528419886,0.0,7.4253630300094695,15.179339097521302,0.8065201345143121,51.09693663056658,1.7407407407407416,0.7407407407407409,80437275.11111113
Academic,"RL estimate, fixed observation",RL estimate,tau 0.0207 a 0.5,True,24.998036240654326,1554.7880649010776,0.0,7.429337212059295,15.179339097521302,0.8212873774453001,51.16528338335115,1.7592592592592589,0.8055555555555555,81426940.3703704
Academic,"uniform, rate-matched (all 64 tiles)",heuristic,level 3,,,,0.0,30.35867819504262,,1.0,49.7493767956508,64.0,,29495484.000000004
Academic,"RL estimate, excellent prediction",RL estimate (optimistic),tau 0.0310 a 0.7,True,26.8545775026854,1591.4686976752093,0.0,7.568311679504507,15.179339097521302,0.8835399663471547,52.3789801868402,2.0555555555555554,1.6481481481481486,82681285.25925925
Academic,oracle (perfect viewport knowledge),upper bound,100% of extra tile budget,True,29.7387013387986,1669.925138976217,0.0,7.998790985062802,15.179339097521302,0.9798254184141972,54.974864445943254,2.9722222222222214,2.9722222222222214,86199834.66666669
SouthGate,predicted viewport only,heuristic,,True,25.182545921757125,1543.3088744699967,0.0,6.741784179263226,15.179339097521302,0.8383673385265769,51.002325580318924,0.0,0.0,89181173.18518515
SouthGate,QER 120x60 (MMSP),heuristic,,True,26.42856211183558,1574.9822570201543,0.0,7.779954113357652,15.179339097521302,0.8782071739070668,52.03587092992031,2.1481481481481497,0.6759259259259262,99987645.03703706
SouthGate,QER 160x80 (MMSP),heuristic,,False,27.835933606623524,1616.112405881269,0.0015444638809446107,9.155998448868665,15.179339097521302,0.9217117029478075,53.36153342733372,5.083333333333332,1.416666666666667,118052042.51851855
SouthGate,QER 200x100 (MMSP),heuristic,,False,28.969835872652833,1657.2643641897944,4.194375191883725,15.441826036763313,15.179339097521302,0.9567865093364201,54.64936680121081,18.296296296296298,2.305555555555556,192041492.22222215
SouthGate,"average-based, MMSP bounds (MMSP)",heuristic,,False,28.384998516635772,1643.959873997492,0.0457583891205859,11.688360018222605,15.179339097521302,0.9406582313506175,54.27890828615141,10.462962962962957,2.0370370370370368,144480486.74074075
SouthGate,"threshold 10 s (ASL360, literal)",heuristic,,True,25.182545921757125,1543.3088744699967,0.0,6.741784179263226,15.179339097521302,0.8383673385265769,51.002325580318924,0.0,0.0,89181173.18518515
SouthGate,"literature, tuned on training viewers",heuristic,"threshold, margin 0.35x",True,26.76729885203718,1595.1221882482039,0.0,7.717163034369351,15.179339097521302,0.8892090461067996,52.67903195353475,2.046296296296297,0.9814814814814816,100535649.77777778
SouthGate,"RL estimate, fixed observation",RL estimate,tau 0.0178 a 0.5,True,26.58786076051145,1574.6427944830814,0.0,7.548877997250238,15.179339097521302,0.8830659531206297,52.03331412279185,1.68425925925926,0.6759259259259259,98914902.06666665
SouthGate,"uniform, rate-matched (all 64 tiles)",heuristic,level 3,,,,0.0,30.35867819504262,,1.0,49.50983702963307,64.0,,45491081.33333333
SouthGate,"RL estimate, excellent prediction",RL estimate (optimistic),tau 0.0463 a 0.7,True,27.29350522288486,1580.8064444543963,0.0,7.212730136664897,15.179339097521302,0.904837831931993,52.20125687669942,0.960185185185185,0.765740740740741,94521242.08148149
SouthGate,oracle (perfect viewport knowledge),upper bound,100% of extra tile budget,True,30.2953156349016,1692.510553781045,0.0,7.998972027648631,15.179339097521302,0.9978871831156635,55.733288420514874,2.5462962962962976,2.5462962962962976,103322209.25925925
StudyRoom,predicted viewport only,heuristic,,True,23.07267314648005,1557.2179262502125,0.0,6.454324697775545,15.179339097521302,0.763705612185555,51.374747681016316,0.0,0.0,78665847.99999999
StudyRoom,QER 120x60 (MMSP),heuristic,,True,23.97299197883004,1575.7303520368814,0.0,7.708332824867657,15.179339097521302,0.7939553078457867,51.99259531228804,2.6388888888888906,0.731481481481482,94192952.44444448
StudyRoom,QER 160x80 (MMSP),heuristic,,False,25.063612906055788,1596.5290000930497,0.0,8.539281328163865,15.179339097521302,0.8300630239978978,52.681495338252354,4.407407407407407,1.3148148148148153,104385180.07407407
StudyRoom,QER 200x100 (MMSP),heuristic,,False,27.381511245917658,1638.9953656114667,0.5100538063027471,16.070196572388298,15.179339097521302,0.9056175874228397,54.06388892341054,20.231481481481488,2.5925925925925943,160799745.77777776
StudyRoom,"average-based, MMSP bounds (MMSP)",heuristic,,False,26.582663019685565,1630.1076449029629,0.0,11.451722996432379,15.179339097521302,0.8799473951398727,53.765731508331235,10.5,2.1851851851851856,126310214.59259264
StudyRoom,"threshold 10 s (ASL360, literal)",heuristic,,True,23.07267314648005,1557.2179262502125,0.0,6.454324697775545,15.179339097521302,0.763705612185555,51.374747681016316,0.0,0.0,78665847.99999999
StudyRoom,"literature, tuned on training viewers",heuristic,average-based 0.25x,True,24.04346656970412,1579.547807958878,0.0,7.3010818936171535,15.179339097521302,0.7977807758023163,52.13818466124005,1.7870370370370368,0.7500000000000001,89228727.9259259
StudyRoom,"RL estimate, fixed observation",RL estimate,tau 0.0160 a 0.5,True,24.759083236955007,1593.5187299744687,0.0,7.486661903799783,15.179339097521302,0.8195064316291621,52.55137234784589,2.1851851851851842,0.7870370370370366,90727758.51851848
StudyRoom,"uniform, rate-matched (all 64 tiles)",heuristic,level 4,,,,0.0,30.35867819504262,,1.0,53.348822834524185,64.0,,77354692.44444446
StudyRoom,"RL estimate, excellent prediction",RL estimate (optimistic),tau 0.0204 a 0.5,True,27.342457298858697,1637.3617617556904,0.0,7.722014489640158,15.179339097521302,0.9018664164543182,53.96616857961943,2.620370370370369,1.8703703703703705,93282454.37037039
StudyRoom,oracle (perfect viewport knowledge),upper bound,100% of extra tile budget,True,30.235678155274158,1696.736260610595,0.0,7.995629888416983,15.179339097521302,0.9958821353984305,55.89189502719182,3.185185185185185,3.185185185185185,96099671.6296296
