video,seconds,viewers,held_out,mean_move_deg,predictor,coverage,mean_error_deg,tiles
Academic,36,12,3,36.80429625095238,previous viewport,0.7511363507224725,43.513706670186785,13.942857142857143
Academic,36,12,3,36.80429625095238,extrapolate,0.7047950560969642,50.33059468504371,13.685714285714285
Academic,36,12,3,36.80429625095238,extrapolate (damped),0.7347985058758987,43.32437320768279,13.523809523809524
Academic,36,12,3,36.80429625095238,popularity,0.6060168787888524,69.07262901390146,14.742857142857142
Academic,36,12,3,36.80429625095238,learned linear,0.7723295586194988,42.233442289851624,13.980952380952381
Academic,36,12,3,36.80429625095238,learned MLP,0.5702017534149236,69.52010317197836,13.39047619047619
Basketball,36,14,3,29.52429386897959,previous viewport,0.8885815380805564,25.56737476456975,14.238095238095235
Basketball,36,14,3,29.52429386897959,extrapolate,0.8362367988182431,30.915471355050965,13.63809523809524
Basketball,36,14,3,29.52429386897959,extrapolate (damped),0.8929556865832469,24.952868151852346,14.133333333333333
Basketball,36,14,3,29.52429386897959,popularity,0.7125669293930185,53.56169367771634,14.97142857142857
Basketball,36,14,3,29.52429386897959,learned linear,0.882544896670085,24.70082758571742,14.295238095238096
Basketball,36,14,3,29.52429386897959,learned MLP,0.7621011342007811,42.59184521326751,13.980952380952381
Bridge,36,11,3,34.50226074077922,previous viewport,0.7707897277530029,38.15941752997604,14.009523809523808
Bridge,36,11,3,34.50226074077922,extrapolate,0.6870175963910109,50.59870351377671,13.714285714285715
Bridge,36,11,3,34.50226074077922,extrapolate (damped),0.7648217761976062,40.43333390746341,13.78095238095238
Bridge,36,11,3,34.50226074077922,popularity,0.4078171591309789,98.24727309323525,14.4
Bridge,36,11,3,34.50226074077922,learned linear,0.7915508700249471,38.83577902408639,14.333333333333334
Bridge,36,11,3,34.50226074077922,learned MLP,0.5974109988040576,64.53712348435867,13.399999999999999
GateNight,36,17,4,38.15837662706252,previous viewport,0.6959190990389359,50.71235043793432,13.9
GateNight,36,17,4,38.15837662706252,extrapolate,0.6135255573076112,62.432267127412175,13.464285714285715
GateNight,36,17,4,38.15837662706252,extrapolate (damped),0.6689112683583288,53.210494262040875,13.37142857142857
GateNight,36,17,4,38.15837662706252,popularity,0.5229448801025803,80.43235246071676,14.857142857142858
GateNight,36,17,4,38.15837662706252,learned linear,0.6910763415851164,52.471976990025226,13.907142857142857
GateNight,36,17,4,38.15837662706252,learned MLP,0.5853735433131826,70.42155825383301,14.114285714285714
Runner,36,12,3,33.13311218157143,previous viewport,0.8245583883422993,38.32293872000987,14.076190476190476
Runner,36,12,3,33.13311218157143,extrapolate,0.744000881121346,48.114310944366174,13.771428571428572
Runner,36,12,3,33.13311218157143,extrapolate (damped),0.8068923028298697,40.13742364013806,14.180952380952382
Runner,36,12,3,33.13311218157143,popularity,0.45323620616094445,89.4758039523731,14.4
Runner,36,12,3,33.13311218157143,learned linear,0.8199090069327563,37.72088676584031,14.238095238095239
Runner,36,12,3,33.13311218157143,learned MLP,0.6320897014460639,63.15271711231045,13.819047619047621
SiyuanGate,36,11,3,37.71339488519481,previous viewport,0.7622457713452336,45.023673463140916,13.714285714285714
SiyuanGate,36,11,3,37.71339488519481,extrapolate,0.677619173712003,53.04703591858527,13.133333333333333
SiyuanGate,36,11,3,37.71339488519481,extrapolate (damped),0.7646598671383852,43.84601733493947,13.304761904761904
SiyuanGate,36,11,3,37.71339488519481,popularity,0.4541801150943952,88.08277408707107,14.285714285714286
SiyuanGate,36,11,3,37.71339488519481,learned linear,0.7926885412781735,42.80225069529494,14.514285714285714
SiyuanGate,36,11,3,37.71339488519481,learned MLP,0.5851360840674984,68.47432499498409,13.133333333333335
SouthGate,36,14,3,31.39192378244898,previous viewport,0.8337492624844788,31.166468931163525,14.199999999999998
SouthGate,36,14,3,31.39192378244898,extrapolate,0.765710241474807,40.45961824108676,13.666666666666666
SouthGate,36,14,3,31.39192378244898,extrapolate (damped),0.8387926014030409,31.972943363913615,14.104761904761906
SouthGate,36,14,3,31.39192378244898,popularity,0.585468673371783,67.93256811263622,14.342857142857143
SouthGate,36,14,3,31.39192378244898,learned linear,0.8477999636233293,30.86571778971934,14.133333333333333
SouthGate,36,14,3,31.39192378244898,learned MLP,0.7066375066436786,50.1703411518599,13.438095238095238
StudyRoom,36,12,3,33.29304949047619,previous viewport,0.7569543439622848,42.16281086832594,13.666666666666666
StudyRoom,36,12,3,33.29304949047619,extrapolate,0.6441526481463783,56.342173836920686,13.257142857142858
StudyRoom,36,12,3,33.29304949047619,extrapolate (damped),0.7263488508704153,45.16284204067571,13.80952380952381
StudyRoom,36,12,3,33.29304949047619,popularity,0.502754192596882,81.33969456205323,14.0
StudyRoom,36,12,3,33.29304949047619,learned linear,0.7744920485148244,41.47263983848335,13.638095238095238
StudyRoom,36,12,3,33.29304949047619,learned MLP,0.653118130434659,58.85231169379596,13.495238095238095
Sward,36,12,3,34.476545801571426,previous viewport,0.8740765219816686,25.117211337021363,14.066666666666665
Sward,36,12,3,34.476545801571426,extrapolate,0.8618812157196585,25.992426449365084,13.895238095238094
Sward,36,12,3,34.476545801571426,extrapolate (damped),0.8942565660708168,22.671142316115834,14.314285714285715
Sward,36,12,3,34.476545801571426,popularity,0.5569551305423698,76.73704657300436,14.371428571428572
Sward,36,12,3,34.476545801571426,learned linear,0.8896673069398036,24.764801520664076,13.847619047619048
Sward,36,12,3,34.476545801571426,learned MLP,0.649577181854251,59.343278586469104,13.60952380952381
Chairlift,10,22,5,41.45115621222222,previous viewport,0.6674124754864271,57.99435723973771,14.111111111111109
Chairlift,10,22,5,41.45115621222222,extrapolate,0.5701621795526679,69.48077237930964,12.977777777777778
Chairlift,10,22,5,41.45115621222222,extrapolate (damped),0.6705607312718384,55.77696798002603,13.444444444444446
Chairlift,10,22,5,41.45115621222222,popularity,0.6229483644615442,63.127070251725044,14.666666666666666
Chairlift,10,22,5,41.45115621222222,learned linear,0.7461714339714365,49.345947616064144,14.444444444444443
Chairlift,10,22,5,41.45115621222222,learned MLP,0.5724655557863219,60.67450913021544,12.6
Skateboard,10,30,7,37.96041153851852,previous viewport,0.7342500235528734,47.93418924702475,14.571428571428573
Skateboard,10,30,7,37.96041153851852,extrapolate,0.5399825961012893,72.7397102510448,13.730158730158731
Skateboard,10,30,7,37.96041153851852,extrapolate (damped),0.6642048798927533,57.51054819727134,14.380952380952381
Skateboard,10,30,7,37.96041153851852,popularity,0.563550723704144,69.67763595195542,13.888888888888888
Skateboard,10,30,7,37.96041153851852,learned linear,0.7092201637063817,51.40312701215024,13.936507936507937
Skateboard,10,30,7,37.96041153851852,learned MLP,0.6403658962187279,55.88964016581817,13.11111111111111
Gaslamp,10,6,1,33.010625814814816,previous viewport,0.878724485626796,24.897672813844153,13.0
Gaslamp,10,6,1,33.010625814814816,extrapolate,0.7785458840667343,37.90047321343129,12.777777777777779
Gaslamp,10,6,1,33.010625814814816,extrapolate (damped),0.8470605729556231,30.92812990178932,13.444444444444445
Gaslamp,10,6,1,33.010625814814816,popularity,0.7586276122728957,46.436640774846566,14.222222222222221
Gaslamp,10,6,1,33.010625814814816,learned linear,0.8511173808259935,27.50933991724976,11.555555555555555
Gaslamp,10,6,1,33.010625814814816,learned MLP,0.9003827298526349,27.471200500336863,14.666666666666666
Harbor,10,10,2,44.15924329777778,previous viewport,0.8412143620504628,31.54956646231313,12.666666666666666
Harbor,10,10,2,44.15924329777778,extrapolate,0.7222701117845602,41.54235694054881,11.5
Harbor,10,10,2,44.15924329777778,extrapolate (damped),0.8268629089037037,32.33649517456615,12.333333333333332
Harbor,10,10,2,44.15924329777778,popularity,0.6021723333333333,67.54509866177946,15.11111111111111
Harbor,10,10,2,44.15924329777778,learned linear,0.8248128543618487,34.152410059348526,13.11111111111111
Harbor,10,10,2,44.15924329777778,learned MLP,0.5181883274327215,72.83531127441114,13.0
KiteFlite,10,6,1,36.88053053037037,previous viewport,0.886711142066358,28.44415339053256,14.666666666666666
KiteFlite,10,6,1,36.88053053037037,extrapolate,0.871883497208179,23.107982724119054,13.0
KiteFlite,10,6,1,36.88053053037037,extrapolate (damped),0.9205174222137344,19.76692237500665,14.666666666666666
KiteFlite,10,6,1,36.88053053037037,popularity,0.6621079629629629,66.33094306040954,15.11111111111111
KiteFlite,10,6,1,36.88053053037037,learned linear,0.6417374589133641,61.273662167556125,13.444444444444445
KiteFlite,10,6,1,36.88053053037037,learned MLP,0.4448127812933642,79.20618853999413,12.11111111111111
Trolley,10,5,1,47.51641106666665,previous viewport,0.7735849074074074,42.93319505052134,15.11111111111111
Trolley,10,5,1,47.51641106666665,extrapolate,0.7977784659919753,36.78408340457266,13.88888888888889
Trolley,10,5,1,47.51641106666665,extrapolate (damped),0.8174608333333333,33.921763888068426,14.222222222222221
Trolley,10,5,1,47.51641106666665,popularity,0.6572591636760649,59.445834239111704,14.777777777777779
Trolley,10,5,1,47.51641106666665,learned linear,0.7701452803703703,43.20951559140463,13.777777777777779
Trolley,10,5,1,47.51641106666665,learned MLP,0.6872518722945834,50.99401086851115,13.222222222222221
