,psnr,cov,quality_variation_dB,stall_s_per_segment,stall_segments_pct,J_D,J_B,buffer_s,power_mW,tiles,bits_Mbit,within budgets
predicted viewport only,51.743299145247555,0.829431766443902,5.2954417191503635,0.0,0.0,0.0,6.652864098934974,126.26152282432734,50.0,14.018518518518517,129.07338696296299,True
QER 120x60 (MMSP),52.34239901588458,0.8534792723976015,4.654549968427583,9.066692615770254e-06,0.9259259259259259,0.00032640093416772914,7.658837931880666,53.00922986716974,50.0,16.14814814814815,148.04166785185183,True
QER 160x80 (MMSP),53.01970477491327,0.8860519281074781,4.204809486507187,0.014621554342978231,13.888888888888891,0.4425009734712783,8.443504118101908,12.281552373045818,50.0,17.824074074074073,162.41373155555553,False
QER 200x100 (MMSP),54.09206749551865,0.9285386603240741,3.0779911147542793,0.36315669934464506,100.0,11.047969169757982,16.123343586791535,0.0,50.0,33.96296296296296,257.92607355555555,False
"average-based, MMSP bounds 30/15 (MMSP)",53.72342350719132,0.91534571279321,3.1855833656159263,0.19557099001350145,100.0,5.935583393588406,11.748460043870708,0.0,50.0,24.76851851851852,202.17150807407407,False
"average-based, fitted to our error data (MMSP)",53.94462141506683,0.9235525123304195,3.244651123734142,0.12366944769819245,87.96296296296298,3.80375900166797,9.78348956365662,0.5138343846560892,50.0,20.583333333333332,186.65618333333336,False
"threshold 10 s, literal (ASL360)",51.743299145247555,0.829431766443902,5.2954417191503635,0.0,0.0,0.0,6.652864098934974,126.26152282432734,50.0,14.018518518518517,129.07338696296299,True
"threshold 10 s, EL = enlarged viewport (ASL360)",52.70736918114039,0.8679629781264199,5.3030647838394875,0.0020796455473513346,6.481481481481481,0.06943172608386117,8.36309792471454,11.41472515916242,50.0,17.64814814814815,160.9029231851852,False
"average-based 0.35x, tuned to our budgets",52.56148062329813,0.8641674363505215,4.590443939777448,0.002906681047451636,1.8518518518518519,0.10423625970835337,7.621775829802815,62.65901577049639,50.0,16.083333333333332,147.51919392592595,True
"PPO (Experiment X, late, 5 seeds)",51.966276242026275,0.8447952914596077,5.055252636259482,0.0004877161822133656,1.587301587301587,0.014865366040353076,7.357554872661829,29.10296270945152,26.42195767195767,15.529982363315693,144.36248409876546,True
"uniform, same bit rate as PPO (all 64 tiles)",52.19721998236781,1.0,0.2807423504469084,0.0,0.0,0.0,30.358678195042625,70.12134415438938,50.0,64.0,143.986202,False
