video,setting,method,param,power,train_feasible,held_feasible,held_J_Q,held_J_D,held_J_P,held_J_B,held_cov,held_psnr
Academic,S1,pred,,p50,True,True,23.06692816635118,0.0,15.179339097521304,6.594445053699154,0.7580492298690705,49.999546481739884
Academic,S1,nodir,5.0,p50,True,True,24.55232081955268,0.0,15.179339097521304,7.558815697722754,0.8072748046253313,50.699645642894865
Academic,S1,dir,0.0215,p50,True,True,24.340108512212097,0.0,15.179339097521304,7.238395754645158,0.7996563111205867,50.80969590531389
Academic,S1,oracle,0.999,p50,,True,29.733942065334475,0.0,15.179339097521304,7.994698911412767,0.9796571535309021,54.9624787060483
Academic,S2,pred,,pmin,True,True,23.06692816635118,0.0,1.9714394076042292,6.594445053699154,0.7580492298690705,49.999546481739884
Academic,S2,nodir,5.0,pmin,True,True,24.55232081955268,0.0,2.2185677179242638,7.558815697722754,0.8072748046253313,50.699645642894865
Academic,S2,dir,0.0215,pmin,True,True,24.340108512212097,0.0,2.1693075158288586,7.238395754645158,0.7996563111205867,50.80969590531389
Academic,S2,oracle,0.999,pmin,,True,29.733942065334475,0.0,2.3585955805201095,7.994698911412767,0.9796571535309021,54.9624787060483
Basketball,S1,pred,,p50,True,False,27.085033294122006,0.36031034409211354,15.179339097521304,6.736118831086076,0.8916764953560966,51.763057212513466
Basketball,S1,nodir,1.0,p50,False,False,27.26827032193144,0.36031034409211354,15.179339097521304,6.827675462220708,0.8976452925074392,51.94180434555075
Basketball,S1,dir,0.0349,p50,True,False,27.085033294122006,0.36031034409211354,15.179339097521304,6.736118831086076,0.8916764953560966,51.763057212513466
Basketball,S1,oracle,0.0,p50,,False,27.085033294122006,0.36031034409211354,15.179339097521304,6.736118831086076,0.8916764953560966,51.763057212513466
Basketball,S2,pred,,pmin,False,False,27.085033294122006,0.6296408060806699,7.640398951970397,6.736118831086076,0.8916764953560966,51.763057212513466
Basketball,S2,nodir,1.0,pmin,False,False,27.26827032193144,0.669225430472309,8.330478058076473,6.827675462220708,0.8976452925074392,51.94180434555075
Basketball,S2,dir,0.0349,pmin,False,False,27.085033294122006,0.6296408060806699,7.640398951970397,6.736118831086076,0.8916764953560966,51.763057212513466
Basketball,S2,oracle,0.0,pmin,,False,27.085033294122006,0.6296408060806699,7.640398951970397,6.736118831086076,0.8916764953560966,51.763057212513466
Bridge,S1,pred,,p50,True,True,23.510042072818266,0.0,15.179339097521304,6.652533800162607,0.777156679759864,52.53469180908515
Bridge,S1,nodir,3.0,p50,True,False,24.332300686251575,0.6392359601546045,15.179339097521304,7.539919557319042,0.802896839333861,52.81346340802091
Bridge,S1,dir,0.0349,p50,True,True,23.510042072818266,0.0,15.179339097521304,6.652533800162607,0.777156679759864,52.53469180908515
Bridge,S1,oracle,0.548,p50,,True,28.542038945875195,0.2821928776777016,15.179339097521304,7.385683316472854,0.939602619168583,54.466524902502144
Bridge,S2,pred,,pmin,False,True,23.510042072818266,0.06412394288380087,5.656165017012342,6.652533800162607,0.777156679759864,52.53469180908515
Bridge,S2,nodir,1.0,pmin,False,False,23.732650834858283,0.26392054467091036,7.110623787198307,6.913096926596792,0.7840041189021479,52.60220748378984
Bridge,S2,dir,0.0349,pmin,False,True,23.510042072818266,0.06412394288380087,5.656165017012342,6.652533800162607,0.777156679759864,52.53469180908515
Bridge,S2,oracle,0.129,pmin,,True,25.034634994742557,0.11906443730529619,6.460138787660633,6.821933013709751,0.8253337630931973,52.93971924184905
GateNight,S1,pred,,p50,True,True,21.490058631686367,0.002610828836738336,15.179339097521305,6.598160044564594,0.7043657907322988,51.40250714051982
GateNight,S1,nodir,3.0,p50,True,True,23.01777482035024,0.05510878529587166,15.179339097521305,7.206686349177194,0.7552102638686916,51.86491580844454
GateNight,S1,dir,0.0215,p50,True,True,22.552115304244825,0.009960104827440868,15.179339097521305,7.213140368089537,0.7397064244425784,52.01127845911909
GateNight,S1,oracle,0.572,p50,,True,27.563000561504996,0.2969535789806992,15.179339097521305,7.397095125820035,0.9075287432894769,53.61300852819577
GateNight,S2,pred,,pmin,True,True,21.490058631686367,0.021112739604715602,4.605030673220548,6.598160044564594,0.7043657907322988,51.40250714051982
GateNight,S2,nodir,1.0,pmin,True,True,21.9956121431569,0.09600710312866063,5.339296707642437,6.79127873672395,0.7210487468954931,51.52184438411456
GateNight,S2,dir,0.0349,pmin,True,True,21.490058631686367,0.021112739604715602,4.605030673220548,6.598160044564594,0.7043657907322988,51.40250714051982
GateNight,S2,oracle,0.266,pmin,,True,24.82691909603849,0.2981434433917851,6.087696000988384,6.9689223183814955,0.815693915732299,52.265955853383026
Runner,S1,pred,,p50,True,True,25.19120563935637,0.0,15.179339097521304,6.652864098934973,0.829431766443902,51.74329914524756
Runner,S1,nodir,4.0,p50,True,False,25.845388165703078,0.40037497907834485,15.179339097521304,7.604978137471296,0.8513264046286757,52.23072321003528
Runner,S1,dir,0.0215,p50,True,True,26.265677848744915,0.004823501690369257,15.179339097521304,7.252542377008224,0.8651647953536243,52.6115356438382
Runner,S1,oracle,0.87,p50,,True,30.190490080934595,0.2867503591763205,15.179339097521304,7.8206896654529725,0.9944086256786674,55.56720744573298
Runner,S2,pred,,pmin,True,True,25.19120563935637,0.004582923888327681,3.9230017766709824,6.652864098934973,0.829431766443902,51.74329914524756
Runner,S2,nodir,2.0,pmin,True,False,25.57278395461608,0.32587019283504415,5.468153748185707,7.096885168491782,0.8422348522736861,52.046740245461464
Runner,S2,dir,0.0215,pmin,True,True,26.265677848744915,0.04510450171054694,5.9064527692634945,7.252542377008224,0.8651647953536243,52.6115356438382
Runner,S2,oracle,0.474,pmin,,True,29.210542038624574,0.2974306772350688,5.596612127345687,7.287126945561261,0.962233206674165,54.2083425366295
SiyuanGate,S1,pred,,p50,True,True,23.3504153026736,0.0,15.179339097521304,6.47301564287435,0.7688500554745327,51.5410253309175
SiyuanGate,S1,nodir,3.0,p50,True,True,24.295244268397063,0.0,15.179339097521304,7.089238544528672,0.8006454880275369,51.935369216324496
SiyuanGate,S1,dir,0.0215,p50,True,True,24.69043139146426,0.0,15.179339097521304,7.119598677306438,0.81293737211314,52.32785333613196
SiyuanGate,S1,oracle,0.999,p50,,True,30.17100213202836,0.0,15.179339097521304,7.995280912875907,0.9936688218495701,56.056974576225066
SiyuanGate,S2,pred,,pmin,True,True,23.3504153026736,0.0,1.6121695590625673,6.47301564287435,0.7688500554745327,51.5410253309175
SiyuanGate,S2,nodir,3.0,pmin,True,True,24.295244268397063,0.0,1.7524107774695477,7.089238544528672,0.8006454880275369,51.935369216324496
SiyuanGate,S2,dir,0.0215,pmin,True,True,24.69043139146426,0.0,1.7664852372983495,7.119598677306438,0.81293737211314,52.32785333613196
SiyuanGate,S2,oracle,0.999,pmin,,True,30.17100213202836,0.0,1.9406290849712695,7.995280912875907,0.9936688218495701,56.056974576225066
SouthGate,S1,pred,,p50,True,True,25.18254592175713,0.0,15.179339097521304,6.7417841792632265,0.8383673385265766,51.00232558031891
SouthGate,S1,nodir,3.0,p50,True,True,26.16328671177037,0.0,15.179339097521304,7.219426007822193,0.8693243125390767,51.39240299173525
SouthGate,S1,dir,0.0215,p50,True,True,26.325704608386303,0.0,15.179339097521304,7.363970865543005,0.8752717085666113,51.764217340903365
SouthGate,S1,oracle,0.999,p50,,True,30.292783626184733,0.0,15.179339097521304,7.99391838702363,0.9978146966187497,55.73303482068082
SouthGate,S2,pred,,pmin,True,True,25.18254592175713,0.0,2.425905674191346,6.7417841792632265,0.8383673385265766,51.00232558031891
SouthGate,S2,nodir,3.0,pmin,True,True,26.16328671177037,0.0,2.577095174141073,7.219426007822193,0.8693243125390767,51.39240299173525
SouthGate,S2,dir,0.0215,pmin,True,True,26.325704608386303,0.0,2.6325883008529556,7.363970865543005,0.8752717085666113,51.764217340903365
SouthGate,S2,oracle,0.999,pmin,,True,30.292783626184733,0.0,2.8333848375329374,7.99391838702363,0.9978146966187497,55.73303482068082
StudyRoom,S1,pred,,p50,True,True,23.072673146480057,0.0,15.179339097521304,6.454324697775542,0.7637056121855547,51.37474768101633
StudyRoom,S1,nodir,4.0,p50,True,True,24.57929886940606,0.0,15.179339097521304,7.517009727239856,0.8124690252462503,51.98763946870166
StudyRoom,S1,dir,0.0215,p50,True,True,23.777141892886707,0.0,15.179339097521304,6.856178287968059,0.788337454077678,51.96485178606425
StudyRoom,S1,oracle,0.999,p50,,True,30.235678155274147,0.0,15.179339097521304,7.995629888416981,0.9958821353984307,55.891895027191815
StudyRoom,S2,pred,,pmin,True,True,23.072673146480057,0.0,2.145503691413516,6.454324697775542,0.7637056121855547,51.37474768101633
StudyRoom,S2,nodir,4.0,pmin,True,True,24.57929886940606,0.0,2.562558747744121,7.517009727239856,0.8124690252462503,51.98763946870166
StudyRoom,S2,dir,0.0215,pmin,True,True,23.777141892886707,0.0,2.2909674147820294,6.856178287968059,0.788337454077678,51.96485178606425
StudyRoom,S2,oracle,0.999,pmin,,True,30.235678155274147,0.0,2.642595183211122,7.995629888416981,0.9958821353984307,55.891895027191815
Sward,S1,pred,,p50,False,False,26.61754924683654,1.4360296400459653,15.179339097521304,6.657705871932813,0.8775743963710669,50.200588259600806
Sward,S1,nodir,1.0,p50,False,False,26.812821170541454,1.5458942793214936,15.179339097521304,6.75758823872011,0.8838877036627335,50.24490881064814
Sward,S1,dir,0.0568,p50,False,False,26.61754924683654,1.4360296400459653,15.179339097521304,6.657705871932813,0.8775743963710669,50.200588259600806
Sward,S1,oracle,0.0,p50,,False,26.61754924683654,1.4360296400459653,15.179339097521304,6.657705871932813,0.8775743963710669,50.200588259600806
Sward,S2,pred,,pmin,False,False,26.61754924683654,2.130204672558445,11.022124353814345,6.657705871932813,0.8775743963710669,50.200588259600806
Sward,S2,nodir,1.0,pmin,False,False,26.812821170541454,2.2364371067189315,11.613695083082163,6.75758823872011,0.8838877036627335,50.24490881064814
Sward,S2,dir,0.0568,pmin,False,False,26.61754924683654,2.130204672558445,11.022124353814345,6.657705871932813,0.8775743963710669,50.200588259600806
Sward,S2,oracle,0.0,pmin,,False,26.61754924683654,2.130204672558445,11.022124353814345,6.657705871932813,0.8775743963710669,50.200588259600806
