video,array_index,seconds,viewers,move_az_mean,move_az_median,move_el_mean,pct_jumps_over_60,cov_predicted,cov_plus2_random,cov_plus2_oracle,room_oracle_minus_random,mandatory_Mbit,mandonly_J_D_50mW,mandonly_stall_slot_pct,mandonly_J_B
Trolley,14,10,5,47.51641106666665,38.1994,5.362431844444445,26.666666666666668,0.7554920180186672,0.765214714899952,0.8744416467870008,0.1092269318870488,147.5075544,0.0,0.0,2.1908898618834707
Harbor,12,10,10,44.15924329777778,24.175849999999997,7.7227705166666665,26.666666666666668,0.7436120097448269,0.7538190962027768,0.8527483494656393,0.0989292532628625,121.54029840000001,0.0,0.0,2.0289278008863327
Chairlift,9,10,22,41.45115621222222,28.79520000000001,11.259437002020203,27.77777777777778,0.7394330625992731,0.7498902767406572,0.8776328751097419,0.12774259836908464,152.3605688,0.26494021302905474,17.272727272727273,2.1134101036572304
GateNight,3,36,17,38.15837662706252,23.641700000000014,6.24520239697479,20.0,0.7820153023231506,0.7904984661285915,0.8840491234490083,0.09355065732041679,141.0691088888889,0.0038053172501464035,0.4357298474945534,6.597227918736651
Skateboard,10,10,30,37.96041153851852,17.805449999999993,7.012083570370371,25.925925925925924,0.7742548662759616,0.7832147108460917,0.8834071282798105,0.10019241743371876,196.5759888,1.5692504682671002,85.11111111111111,2.105765662581776
SiyuanGate,5,36,11,37.71339488519481,29.071560000000005,7.285628918545454,20.51948051948052,0.791230530492711,0.7995560879239413,0.898215822424343,0.09865973450040166,59.49109377777778,0.0,0.0,6.687045854051857
KiteFlite,13,10,6,36.88053053037037,20.459999999999994,3.916632000000001,18.51851851851852,0.7991384184335907,0.8070415190232048,0.8852711081773945,0.07822958915418976,173.694744,0.19133859543224496,23.88888888888889,2.067105176046246
Academic,0,36,12,36.80429625095238,24.036366650000005,7.051413863809524,19.523809523809526,0.7816563395165772,0.7901670125194739,0.8875998254111453,0.0974328128916715,69.51394066666667,0.0,0.0,6.587832082666253
Bridge,2,36,11,34.50226074077922,25.265199999999993,6.355255005194805,16.363636363636363,0.7906712059037191,0.7987644590054163,0.8936357010200746,0.09487124201465835,143.42044933333335,0.025672133038813612,1.430976430976431,6.666540698853984
Sward,8,36,12,34.476545801571426,22.68965,5.834406398571428,19.523809523809526,0.7973357295381404,0.8052984710456813,0.8996834705981727,0.09438499955249136,172.89636044444444,0.669109575603671,14.969135802469136,6.547641378118247
StudyRoom,7,36,12,33.29304949047619,17.5576351,6.645476038809524,19.047619047619047,0.7974067546188313,0.8052894395107568,0.8977685132873933,0.09247907377663644,72.71448622222222,0.0,0.0,6.516776956264434
Runner,4,36,12,33.13311218157143,21.99560000000001,3.340729039857143,16.19047619047619,0.8420771839832066,0.8483554481516088,0.925280250220676,0.07692480206906716,113.28062333333332,0.0,0.0,6.590243069681176
Gaslamp,11,10,6,33.010625814814816,17.210549999999984,5.630167148148148,18.51851851851852,0.8152505816296599,0.822579068884537,0.9008270945770568,0.07824802569251976,107.59244079999999,0.0,0.0,2.047992818438044
SouthGate,6,36,14,31.39192378244898,19.057394000000002,5.8465059028571424,16.3265306122449,0.8216443684037118,0.8286248537119059,0.916744676072962,0.08811982236105609,87.999462,0.0,0.0,6.747078852893585
Basketball,1,36,14,29.52429386897959,16.2843,4.354821115689796,14.489795918367346,0.8530581724494793,0.8588873620704754,0.9312699170870053,0.0723825550165299,132.65901933333333,0.24965331796696258,7.605820105820106,6.681818465725442
