rollout,feasible,violation,J_D,J_P,J_B,mu_D,mu_P,mu_B,coverage,enhanced_tiles,reward,mean_psnr_db,pds_value_loss
1,0,29.3963,14.6978,10.5843,18.7142,1.0418,1.0027,1.0262,0.9114,38.96,-17.485,53.158,
2,0,25.7288,14.1022,7.7742,18.4524,1.0839,1.0053,1.0523,0.9248,38.84,-18.203,53.334,0.05155
3,0,25.8819,14.5617,7.8062,18.114,1.1257,1.008,1.0785,0.9201,38.96,-19.578,53.214,5.424935
4,0,25.9534,13.925,8.6182,18.0103,1.1676,1.0106,1.1046,0.9193,38.85,-20.986,53.168,8.895548
5,0,25.0773,13.1932,8.2695,18.2147,1.209,1.0139,1.1307,0.9163,38.88,-22.561,53.172,2.597018
6,0,26.7676,16.3303,6.7369,18.3005,1.2512,1.0162,1.1567,0.9218,38.75,-23.825,53.482,6.037472
7,0,26.093,13.2131,9.2857,18.1942,1.2929,1.0187,1.1828,0.9121,38.9,-24.97,53.048,3.26647
8,0,25.1108,13.2484,8.5874,17.875,1.3342,1.0214,1.2088,0.9166,38.79,-26.43,53.247,6.695214
9,0,27.2324,13.6234,9.8622,18.3468,1.376,1.0238,1.2349,0.9157,38.83,-27.846,53.337,4.994436
10,0,27.2279,14.7124,8.8718,18.2437,1.417,1.0269,1.261,0.923,38.86,-29.282,53.412,2.321515
11,0,26.2781,12.9822,10.3996,17.4964,1.4581,1.0296,1.2869,0.9271,38.69,-30.528,53.515,2.785025
12,0,26.6036,13.1771,9.9372,18.0892,1.4998,1.0318,1.3126,0.9196,38.49,-31.671,53.294,2.425607
13,0,25.2479,12.6885,9.5465,17.6129,1.5406,1.0345,1.3385,0.9156,38.73,-33.113,53.184,5.178396
14,0,26.236,13.4035,9.0946,18.3378,1.5812,1.0373,1.3643,0.9209,38.59,-34.407,53.363,7.399677
15,0,27.1305,13.4986,9.7017,18.5302,1.6225,1.0399,1.3905,0.9145,39.0,-36.07,53.106,2.579637
16,0,24.2741,12.9779,8.2435,17.6528,1.6627,1.0431,1.4165,0.9173,38.76,-37.263,53.175,6.344675
17,0,23.4929,12.8866,8.1473,17.059,1.7035,1.0458,1.4426,0.9161,38.84,-38.395,53.074,3.376115
18,0,23.2679,12.1888,8.6852,16.9939,1.7438,1.0491,1.4685,0.9133,38.71,-39.958,53.015,7.881088
19,0,22.6122,11.6683,9.0584,16.4855,1.7842,1.052,1.4941,0.9086,38.46,-41.245,52.98,3.098554
20,0,22.4495,11.8226,8.8033,16.4236,1.8238,1.0555,1.5198,0.9131,38.51,-42.234,53.035,3.126254
21,0,23.178,11.9367,9.1696,16.6717,1.8639,1.0585,1.5453,0.9071,38.38,-43.373,52.803,4.917652
22,0,22.0799,11.6165,8.9627,16.1007,1.9039,1.0624,1.5712,0.905,38.61,-44.937,52.812,4.785577
23,0,22.8517,11.5907,9.8375,16.0235,1.944,1.0656,1.5968,0.9097,38.45,-46.23,52.884,3.9909
24,0,23.0399,11.7391,9.6935,16.2073,1.9834,1.0692,1.6225,0.9092,38.55,-47.281,52.83,2.732219
25,0,22.9992,11.8852,9.1142,16.5997,2.0222,1.0728,1.6479,0.9086,38.27,-48.181,52.751,3.867202
26,0,21.606,11.7117,8.3276,16.1667,2.0618,1.0762,1.6735,0.9007,38.42,-49.594,52.611,2.7406
27,0,20.9783,11.4245,8.2855,15.8682,2.1009,1.0798,1.6989,0.8956,38.3,-51.014,52.64,3.068306
28,0,21.8476,11.6158,8.6143,16.2175,2.1397,1.0834,1.7244,0.9063,38.33,-51.961,52.705,2.253229
29,0,20.401,10.83,8.7205,15.4505,2.1783,1.0869,1.7499,0.887,38.4,-52.863,52.522,3.123206
30,0,20.2576,10.4327,9.1132,15.3117,2.2171,1.0909,1.7755,0.8904,38.36,-54.101,52.557,3.108758
31,0,21.6999,11.1465,9.1179,16.0356,2.256,1.0941,1.8011,0.8907,38.47,-55.439,52.573,2.745134
32,0,21.8408,11.1686,9.1226,16.1496,2.2943,1.0977,1.8265,0.8876,38.3,-56.546,52.465,3.818127
33,0,20.9674,10.9086,8.806,15.8528,2.3314,1.1023,1.8521,0.8886,38.46,-57.221,52.467,2.40627
34,0,20.5153,10.6874,8.5404,15.8876,2.369,1.1068,1.8778,0.8874,38.53,-58.494,52.422,3.405459
35,0,21.0963,11.4809,7.6855,16.53,2.4062,1.1112,1.9036,0.8946,38.54,-59.806,52.619,2.47205
36,0,20.9693,11.4439,7.6601,16.4653,2.444,1.1151,1.9291,0.8986,38.37,-60.898,52.699,2.354303
37,0,19.9478,11.7113,6.2638,16.3365,2.4811,1.119,1.9545,0.89,38.27,-61.978,52.458,2.542401
38,0,20.1295,11.8518,6.3457,16.3777,2.5185,1.1231,1.98,0.8938,38.38,-63.325,52.587,2.681101
39,0,19.412,11.6207,6.1536,15.8914,2.5545,1.1273,2.0052,0.8894,38.09,-63.719,52.483,0.58277
40,0,20.1367,11.9538,6.1128,16.2828,2.5916,1.1315,2.0307,0.892,38.39,-64.795,52.521,3.888597
41,0,20.4348,12.0887,5.9397,16.4461,2.6286,1.1358,2.0562,0.8908,38.36,-66.673,52.546,4.071199
42,0,20.7056,12.1348,6.3341,16.6709,2.6654,1.1405,2.0818,0.8929,38.47,-67.807,52.666,3.694328
43,0,19.8537,11.8294,6.2711,16.1243,2.7017,1.1448,2.1072,0.8955,38.27,-68.512,52.699,2.860915
44,0,19.8924,11.8797,6.5205,16.0922,2.7386,1.1497,2.1326,0.8996,38.29,-69.874,52.777,2.472041
45,0,18.1235,10.9642,6.4853,15.2592,2.7748,1.1543,2.1578,0.8881,38.11,-71.068,52.506,2.247916
46,0,18.4812,10.7587,6.9857,15.3367,2.8114,1.159,2.1832,0.8857,38.24,-72.111,52.511,3.242535
47,0,18.3039,10.2952,7.428,15.1806,2.8475,1.1635,2.2082,0.8867,37.96,-72.993,52.447,2.595705
48,0,18.4018,10.6762,6.9649,15.3608,2.8837,1.1681,2.2336,0.8873,38.24,-74.121,52.415,2.978378
49,0,18.755,10.2496,7.9366,15.1687,2.92,1.1729,2.2589,0.8883,38.19,-75.493,52.384,1.675948
50,0,18.5761,10.0203,8.2018,14.954,2.9561,1.1773,2.2842,0.8862,38.14,-76.638,52.4,2.816134
51,0,19.7015,10.5284,8.4333,15.3398,2.9918,1.1821,2.3094,0.8867,38.12,-77.52,52.403,1.985055
52,0,19.9845,10.6623,8.4333,15.489,3.0271,1.1869,2.3347,0.891,38.13,-78.153,52.465,2.564958
53,0,18.8971,10.1915,8.0444,15.2613,3.0622,1.1919,2.3599,0.8877,38.17,-79.147,52.348,1.092079
54,0,18.8698,10.1661,8.0515,15.2521,3.097,1.1968,2.3849,0.8891,37.88,-79.735,52.373,2.587868
55,0,17.6746,10.082,7.2226,14.97,3.1317,1.2022,2.4099,0.8922,37.96,-80.375,52.441,1.305578
56,0,17.7083,10.3604,6.8289,15.1191,3.1675,1.2069,2.4351,0.8919,38.09,-82.434,52.448,2.447936
57,0,18.3561,10.9081,6.6682,15.3798,3.2028,1.2118,2.4602,0.8913,38.03,-84.054,52.49,1.108045
58,0,17.8985,10.5738,6.8336,15.0911,3.2386,1.2166,2.4855,0.8917,38.2,-85.346,52.491,1.540434
59,0,18.1926,10.8675,6.5244,15.4007,3.2742,1.2205,2.5108,0.8976,38.18,-86.375,52.604,1.248852
60,0,17.9371,10.7696,6.1362,15.2675,3.3095,1.2245,2.5358,0.8916,37.89,-86.937,52.553,3.392915
61,0,17.6977,10.8147,5.0118,14.983,3.3442,1.2286,2.5608,0.8839,37.92,-87.475,52.444,0.959895
62,0,17.304,10.6796,5.0118,14.7244,3.3787,1.233,2.5856,0.882,37.79,-87.841,52.391,1.341372
63,0,15.1126,9.4613,5.3961,13.7513,3.4125,1.2372,2.6102,0.8768,37.64,-87.985,52.276,0.428279
64,0,14.207,8.8914,5.7485,13.4156,3.446,1.2414,2.6349,0.8769,37.62,-88.179,52.345,0.782595
65,0,13.7997,8.6786,5.7511,13.2211,3.479,1.2462,2.6593,0.8779,37.43,-88.82,52.369,4.278464
66,0,13.7708,8.6651,5.781,13.2056,3.5123,1.2509,2.6838,0.8776,37.56,-89.895,52.36,18.242053
67,0,13.873,8.7412,5.6373,13.2318,3.546,1.2553,2.7084,0.878,37.58,-91.077,52.375,4.244572
68,0,13.871,8.7416,5.6373,13.2294,3.5792,1.2603,2.7327,0.8786,37.37,-92.366,52.388,13.597751
69,0,13.6821,8.6152,5.739,13.1669,3.6125,1.2654,2.7571,0.8771,37.42,-93.303,52.379,4.596402
70,0,13.6514,8.5946,5.739,13.1568,3.6457,1.2702,2.7816,0.8776,37.48,-94.284,52.387,10.949389
71,0,13.5171,8.5614,5.6162,13.0557,3.6789,1.2751,2.8061,0.8834,37.52,-95.557,52.514,3.057026
72,0,13.2504,8.3862,5.6754,12.9642,3.7127,1.2799,2.8308,0.8835,37.69,-97.117,52.507,7.997159
73,0,13.4538,8.4147,5.7002,13.1391,3.7457,1.2847,2.8553,0.8812,37.48,-97.956,52.466,3.654618
74,0,13.5314,8.4531,5.7548,13.1783,3.7791,1.289,2.8797,0.883,37.48,-98.496,52.463,8.147515
75,0,13.1029,8.2525,5.8042,12.9504,3.8123,1.294,2.9042,0.8831,37.48,-99.693,52.469,3.915002
76,0,13.6061,8.5048,5.9921,13.2013,3.8456,1.2993,2.929,0.885,37.76,-101.184,52.506,9.560699
77,0,13.2861,8.3536,5.8471,13.0325,3.879,1.3041,2.9534,0.8831,37.45,-102.464,52.485,3.238391
78,0,12.9938,8.1581,5.9915,12.9357,3.9124,1.3091,2.9779,0.8837,37.49,-103.23,52.508,10.19375
79,0,12.5458,7.7238,6.582,12.8399,3.9458,1.3137,3.0023,0.8796,37.36,-104.314,52.346,2.611044
80,0,13.1339,8.0595,6.6481,13.0263,3.9791,1.3187,3.0271,0.8835,37.79,-105.727,52.493,9.559296
81,0,11.806,7.3602,6.4167,12.5458,4.0122,1.3234,3.0516,0.8717,37.5,-106.4,52.279,2.419353
82,0,11.7043,7.2595,6.5182,12.5266,4.0451,1.3281,3.0759,0.8715,37.32,-106.806,52.313,7.188176
83,0,12.2635,7.6166,6.678,12.5689,4.0776,1.3335,3.1,0.879,37.24,-107.386,52.402,2.564822
84,0,12.4178,7.6771,6.6568,12.6839,4.1103,1.3387,3.1244,0.8771,37.4,-108.455,52.356,7.527715
85,0,9.9967,6.53,5.4217,11.5667,4.1429,1.3437,3.1484,0.8648,37.09,-109.17,52.141,1.619282
86,0,10.1958,6.5769,5.9176,11.7189,4.1756,1.3489,3.1726,0.8671,37.3,-110.217,52.203,2.429686
87,0,9.5009,6.1381,6.1863,11.4628,4.2077,1.3542,3.1964,0.8669,36.96,-110.756,52.168,13.626104
88,0,9.6223,6.2216,6.1487,11.5007,4.2402,1.3593,3.2205,0.8658,37.15,-111.664,52.135,16.534059
89,0,7.5045,4.7951,6.4523,10.8094,4.2723,1.3638,3.2443,0.8629,36.93,-112.479,52.156,2.87313
90,0,7.8761,5.0067,6.4896,10.9694,4.3048,1.3692,3.2682,0.8661,37.01,-113.73,52.171,2.653976
91,0,8.1139,5.1675,6.4848,11.0464,4.3371,1.3745,3.2921,0.8675,37.0,-115.247,52.186,24.520533
92,0,8.1146,5.0895,6.5865,11.0386,4.369,1.3797,3.3159,0.8639,36.88,-115.422,52.143,12.207144
93,0,8.0896,5.1765,6.4622,11.0131,4.4019,1.3844,3.34,0.8626,37.2,-116.725,52.118,9.543078
94,0,8.0655,5.1607,6.4622,11.0048,4.434,1.3892,3.3637,0.8626,36.86,-117.738,52.118,26.423139
95,0,7.4091,4.8379,5.9589,10.6712,4.4663,1.3947,3.3876,0.8571,36.97,-118.581,52.106,6.507596
96,0,7.2702,4.7413,5.7829,10.6289,4.4989,1.3994,3.4117,0.8582,37.15,-120.174,52.089,23.835461
97,0,7.3391,4.7904,5.7416,10.6488,4.5313,1.4042,3.4355,0.8585,36.96,-120.98,52.105,14.207284
98,0,6.702,4.418,5.5315,10.384,4.5632,1.4093,3.4591,0.8551,36.75,-121.244,52.039,11.661894
99,0,6.819,4.4799,5.5597,10.4391,4.5951,1.4144,3.4828,0.8585,36.83,-121.73,52.065,23.408639
100,0,6.6689,4.0354,6.7785,10.4549,4.6265,1.4196,3.5062,0.8538,36.58,-121.967,51.974,10.475919
101,0,7.299,4.6464,6.4608,10.7526,4.6582,1.425,3.5297,0.8562,36.72,-122.674,52.031,14.317592
102,0,7.5831,4.3007,7.1557,10.7267,4.6897,1.4299,3.553,0.8564,36.51,-123.714,52.052,20.618477
103,0,7.6136,4.2465,7.2588,10.7082,4.7212,1.4353,3.5763,0.8553,36.48,-124.198,52.041,31.125341
104,0,7.2321,3.9163,7.2422,10.6736,4.7532,1.4407,3.5998,0.8525,36.69,-126.005,51.957,18.034274
105,0,6.7231,3.847,6.8911,10.585,4.7847,1.4463,3.6232,0.8516,36.64,-127.416,51.971,41.577764
106,0,7.08,4.0118,6.9331,10.7351,4.8163,1.4518,3.6465,0.8519,36.46,-127.838,51.977,23.112344
107,0,7.4149,3.7547,7.5925,10.6677,4.8476,1.4573,3.6698,0.8546,36.48,-128.246,52.008,27.756239
108,0,7.5139,3.7383,7.6632,10.7124,4.8793,1.4627,3.6932,0.8567,36.64,-129.823,52.026,34.922861
109,0,7.6611,3.6399,7.9398,10.6813,4.9104,1.4683,3.7163,0.8543,36.31,-130.296,51.993,24.180809
110,0,7.4048,3.4999,7.8881,10.6167,4.9415,1.4738,3.7392,0.853,36.17,-129.894,52.001,40.76458
111,0,7.5829,3.6657,7.8858,10.6313,4.9728,1.4791,3.7626,0.8561,36.53,-131.461,52.031,36.792785
112,0,7.1348,3.8404,7.2708,10.6236,5.0038,1.4852,3.7857,0.8525,36.32,-132.746,51.958,31.765988
113,0,6.8753,3.9448,6.9261,10.6045,5.0348,1.4909,3.8088,0.8507,36.38,-133.323,51.944,34.407826
114,0,7.0405,4.0359,6.8773,10.7273,5.0664,1.4959,3.8321,0.8539,36.46,-134.755,51.983,37.007478
115,0,6.9723,3.9248,6.9696,10.6779,5.0981,1.5009,3.8555,0.8482,36.57,-136.795,51.941,39.21907
116,0,7.9222,3.8371,7.7798,10.9053,5.129,1.5063,3.8785,0.8502,36.27,-136.863,51.915,33.662496
117,0,8.1708,4.0006,7.8132,10.957,5.1601,1.5116,3.9018,0.8515,36.47,-136.725,51.928,37.367324
118,0,8.5436,4.1418,7.9753,11.0265,5.1912,1.5172,3.9251,0.8502,36.49,-138.496,51.922,35.3432
119,0,8.0084,4.0268,7.7005,10.8811,5.2217,1.5226,3.948,0.8531,36.17,-138.666,51.955,40.407429
120,0,8.0724,4.0703,7.8039,10.7982,5.2526,1.5282,3.9712,0.8595,36.4,-139.137,52.0,35.12971
121,0,7.7309,4.1525,7.4855,10.693,5.2839,1.5332,3.9945,0.8649,36.53,-141.36,52.131,32.806156
122,0,7.2065,4.0945,7.0534,10.6586,5.3153,1.5374,4.0178,0.8678,36.47,-142.666,52.162,35.681942
123,0,6.7084,4.2227,6.3687,10.5858,5.347,1.5419,4.0413,0.8654,36.68,-144.154,52.117,43.395966
124,0,7.7567,4.4278,6.9902,10.9387,5.3785,1.5467,4.0649,0.864,36.75,-145.539,52.119,37.018758
125,0,8.1637,4.2005,7.5582,11.0049,5.4101,1.5516,4.0884,0.86,36.66,-146.86,52.05,30.547764
126,0,8.3082,4.2014,7.5894,11.1174,5.4414,1.5567,4.1118,0.858,36.59,-147.628,52.06,33.222939
127,0,8.3961,4.4147,7.4564,11.1249,5.473,1.5619,4.1354,0.862,36.72,-148.563,52.105,29.87816
128,0,8.332,4.4859,7.2771,11.169,5.5042,1.5671,4.1587,0.8655,36.54,-149.423,52.129,33.895699
129,0,8.9127,4.9282,7.0224,11.5621,5.5353,1.5726,4.1821,0.8616,36.53,-149.635,52.048,31.809964
130,0,9.8803,6.1177,5.6395,11.8627,5.5667,1.5783,4.2057,0.8658,36.77,-151.366,52.103,34.355254
131,0,9.2867,5.7985,5.6478,11.5882,5.5981,1.5843,4.2295,0.864,36.86,-153.282,52.072,31.256479
132,0,9.4122,5.7883,5.9198,11.724,5.6294,1.5903,4.2531,0.8664,36.79,-154.18,52.092,36.072895
133,0,9.8192,6.0617,5.9346,11.8575,5.6605,1.5961,4.2767,0.8659,36.7,-154.731,52.11,31.446996
134,0,10.533,6.5448,6.0724,12.0882,5.6916,1.6017,4.3005,0.8653,36.92,-155.382,52.079,33.423856
135,0,10.5537,6.6239,5.8036,12.0298,5.7232,1.6076,4.3244,0.8647,37.06,-157.318,52.075,32.110249
136,0,10.0768,6.2255,5.4309,11.9513,5.7543,1.6135,4.3479,0.8593,36.61,-158.348,52.033,34.525176
137,0,9.6242,5.905,5.6698,11.8192,5.7859,1.6188,4.3717,0.858,36.95,-158.983,51.972,30.747511
138,0,10.402,6.4241,5.5018,12.0779,5.8175,1.6247,4.3956,0.8563,37.03,-161.345,51.976,32.763961
139,0,10.0968,6.0978,5.8494,12.099,5.849,1.6306,4.4197,0.8572,37.14,-162.904,51.976,32.157103
140,0,10.0021,6.0457,5.9225,12.0564,5.8802,1.6363,4.4435,0.8531,36.89,-163.216,51.924,30.494933
141,0,10.3297,6.2972,5.9464,12.1325,5.9118,1.642,4.4673,0.8535,36.95,-163.703,51.948,31.848078
142,0,10.4857,6.3347,6.0616,12.2511,5.9432,1.648,4.491,0.8531,36.82,-165.051,51.965,35.217569
143,0,9.8219,5.9559,6.0294,11.966,5.9746,1.6538,4.5147,0.8511,36.88,-165.873,51.894,34.713727
144,0,9.9686,6.1638,5.3718,11.9048,6.0058,1.66,4.5383,0.8524,36.71,-166.529,51.952,27.0924
145,0,10.1317,6.4608,5.1025,11.771,6.0376,1.6654,4.562,0.8563,36.88,-167.979,52.022,29.945146
146,0,8.4861,5.3274,5.6982,11.2586,6.069,1.6709,4.5855,0.8554,36.65,-169.107,52.056,31.958673
147,0,8.5771,5.2743,6.2848,11.4027,6.1004,1.6765,4.6091,0.8581,36.74,-169.425,52.111,30.197852
148,0,8.8825,5.4127,6.1611,11.5699,6.1318,1.682,4.6325,0.8589,36.55,-170.112,52.15,34.238424
149,0,8.4906,5.1501,6.1612,11.4405,6.1634,1.6874,4.656,0.8588,36.67,-171.488,52.154,32.298923
150,0,8.9411,5.3981,6.0057,11.643,6.1943,1.6935,4.6793,0.8575,36.5,-171.774,52.2,31.451201
151,0,8.8535,5.2914,6.0439,11.662,6.2256,1.6993,4.7026,0.8574,36.47,-172.18,52.165,31.468898
152,0,8.8745,5.2239,6.525,11.7256,6.2569,1.7044,4.7258,0.8494,36.46,-173.167,52.036,33.261722
153,0,9.0513,5.3741,6.2385,11.7773,6.288,1.7104,4.7492,0.8531,36.59,-174.223,52.109,34.654576
154,0,8.8932,5.3169,6.2027,11.6763,6.3194,1.7161,4.7727,0.8505,36.64,-176.08,52.081,33.134018
155,0,9.2238,5.42,6.3563,11.9038,6.3505,1.722,4.796,0.8511,36.56,-176.904,52.098,33.489875
156,0,9.0721,5.4292,5.9816,11.7429,6.3819,1.7273,4.8194,0.8486,36.52,-177.46,51.926,35.93098
157,0,8.8428,5.3132,5.8251,11.6296,6.4133,1.7325,4.8428,0.8459,36.61,-178.85,51.916,35.677855
158,0,9.5032,5.7812,5.5279,11.8221,6.4441,1.7384,4.866,0.8495,36.46,-179.131,51.983,35.264035
159,0,9.7661,5.9726,5.2375,11.8935,6.4749,1.7439,4.8892,0.8498,36.4,-178.991,51.996,34.30791
160,0,9.4307,5.8469,5.0989,11.6838,6.5059,1.7496,4.9125,0.8488,36.47,-180.513,51.969,33.981516
161,0,9.2628,5.6567,5.3491,11.7061,6.5369,1.7552,4.9359,0.8509,36.58,-181.694,51.973,37.39486
162,0,9.8129,6.1235,4.357,11.7894,6.5671,1.7614,4.9589,0.8522,36.23,-181.386,52.026,36.137046
163,0,9.8314,6.1786,4.2841,11.7528,6.5986,1.767,4.9826,0.8527,36.86,-183.811,52.09,38.914234
164,0,10.6347,6.6683,4.3397,12.0664,6.6292,1.7723,5.0058,0.8617,36.38,-184.941,52.141,40.189413
165,0,10.4533,6.5588,4.331,11.9945,6.6605,1.7773,5.029,0.8616,36.49,-184.893,52.137,37.792343
166,0,9.9387,6.1366,4.8761,11.902,6.6915,1.7828,5.0522,0.8563,36.4,-186.646,52.057,56.880898
167,0,10.2148,6.3251,4.7861,11.9898,6.7223,1.7884,5.0755,0.8583,36.5,-187.263,52.082,49.617942
168,0,10.5048,6.5166,4.9269,12.0883,6.7534,1.7943,5.0987,0.8548,36.43,-188.641,52.026,45.235747
169,0,10.7156,6.62,4.8294,12.1957,6.7846,1.8003,5.1222,0.8539,36.64,-190.484,52.075,63.30703
170,0,10.7734,6.6616,4.7726,12.2117,6.8159,1.806,5.1458,0.8551,36.73,-192.14,52.099,51.101815
171,0,10.6229,6.5228,5.0069,12.2001,6.8467,1.8116,5.1691,0.853,36.49,-192.397,52.071,56.068016
172,0,10.5736,6.4376,5.1484,12.236,6.8775,1.8177,5.1923,0.8573,36.45,-192.101,52.163,57.227827
173,0,10.4731,6.4175,4.9066,12.1557,6.9084,1.8232,5.2157,0.8577,36.55,-193.404,52.141,86.46988
174,0,10.7117,6.5694,4.7549,12.2424,6.9394,1.8289,5.2389,0.8574,36.43,-194.566,52.14,66.272077
175,0,11.5518,7.0596,4.841,12.5922,6.9704,1.8349,5.2624,0.8543,36.68,-196.258,52.093,69.242457
176,0,11.1127,6.7487,4.9388,12.464,7.0013,1.841,5.2859,0.8528,36.62,-197.418,52.036,70.718664
177,0,11.3555,6.9737,4.367,12.4818,7.0322,1.8463,5.3094,0.8525,36.69,-198.198,51.997,73.063615
178,0,11.7999,7.2207,4.367,12.6792,7.0626,1.8525,5.3326,0.8531,36.39,-198.17,52.038,75.428002
179,0,11.8842,7.2698,4.3662,12.7143,7.0933,1.8586,5.356,0.8519,36.57,-198.648,52.006,81.499387
180,0,11.9833,7.2898,4.4003,12.7935,7.1238,1.865,5.3795,0.8517,36.67,-200.368,51.984,77.842308
181,0,11.3935,6.9235,4.9653,12.5699,7.1545,1.8715,5.4029,0.8532,36.59,-201.346,52.005,92.898122
182,0,11.5582,7.0172,4.8385,12.641,7.1853,1.8777,5.4265,0.8517,36.78,-203.015,52.008,89.927847
183,0,12.6594,7.7623,4.4758,12.9971,7.2168,1.8831,5.4503,0.8508,36.84,-205.073,51.996,94.317931
184,0,12.6036,7.7026,4.6517,13.001,7.2481,1.889,5.474,0.8511,36.83,-206.568,51.935,98.05359
185,0,11.9997,7.328,4.833,12.7717,7.2791,1.8949,5.4975,0.8492,36.72,-207.218,51.906,104.981446
186,0,12.1893,7.4443,4.833,12.845,7.3102,1.9011,5.5212,0.8489,36.84,-208.11,51.903,102.972654
187,0,11.9492,7.2821,4.7059,12.7671,7.3413,1.907,5.5448,0.8455,36.78,-209.332,51.853,106.664038
188,0,12.3364,7.4715,5.0178,12.9649,7.3727,1.913,5.5685,0.8471,36.82,-210.73,51.874,101.091312
189,0,12.0573,7.3165,5.3726,12.8408,7.4034,1.9195,5.5919,0.8508,36.61,-210.918,51.908,127.806785
190,0,12.2224,7.374,5.2581,12.9484,7.4344,1.9256,5.6155,0.849,36.68,-211.219,51.879,115.872698
191,0,12.3556,7.4175,5.226,13.0381,7.465,1.9322,5.639,0.8456,36.69,-212.15,51.851,102.050069
192,0,11.7856,7.1448,5.2856,12.7408,7.4965,1.9383,5.6629,0.8488,37.01,-214.881,51.91,109.290323
193,0,12.0437,7.2069,6.0423,12.9368,7.5275,1.9445,5.6865,0.8511,36.71,-216.475,51.905,121.314973
194,0,12.2115,7.277,6.103,13.0345,7.5583,1.9511,5.71,0.852,36.73,-216.231,51.935,109.248189
195,0,12.1422,7.2746,5.9081,12.9676,7.5892,1.9577,5.7336,0.849,36.76,-217.108,51.943,111.076668
196,0,12.0761,7.2327,6.0878,12.9434,7.6204,1.9642,5.7573,0.8494,36.76,-218.77,51.935,121.402464
197,0,11.8259,7.1571,5.6982,12.7688,7.6515,1.9702,5.7808,0.8477,36.71,-219.89,51.888,101.15503
198,0,11.8895,7.1685,5.8623,12.821,7.6829,1.9762,5.8048,0.8499,37.03,-221.343,51.893,108.767202
199,0,12.5976,7.6479,5.4856,13.0497,7.714,1.9823,5.8285,0.8525,36.85,-222.549,51.944,131.066568
200,0,12.7964,7.7709,5.4167,13.1255,7.7452,1.9891,5.8522,0.8518,36.85,-223.276,51.924,115.2665
201,0,13.6108,8.2439,5.2489,13.4669,7.7769,1.995,5.8762,0.8541,37.12,-225.749,51.988,125.185646
202,0,13.6017,8.2201,5.1469,13.4816,7.8085,2.0013,5.9003,0.8521,37.16,-227.581,51.958,126.821295
203,0,12.8665,7.8446,5.2043,13.1219,7.8399,2.007,5.924,0.8491,36.85,-227.702,51.918,117.991262
204,0,12.6225,7.7444,5.0962,12.9781,7.8712,2.0132,5.9478,0.8457,36.92,-227.854,51.892,129.46976
205,0,12.6577,7.8283,4.7889,12.9294,7.9025,2.0191,5.9715,0.851,36.81,-228.593,51.929,125.499169
206,0,12.741,7.7972,4.8868,13.0438,7.9338,2.0248,5.9952,0.8505,36.84,-229.7,51.95,124.688985
207,0,12.2003,7.4296,5.3646,12.8707,7.9653,2.0306,6.0189,0.8504,36.84,-230.869,51.996,144.796825
208,0,12.1985,7.5092,5.1881,12.7893,7.9965,2.0368,6.0425,0.8519,36.73,-231.26,51.992,120.390924
209,0,12.4522,7.7091,5.1686,12.8431,8.0277,2.0433,6.066,0.8599,36.62,-231.626,52.071,150.727183
210,0,13.172,8.0533,5.4728,13.2187,8.0592,2.0495,6.0895,0.863,36.7,-233.358,52.095,140.242212
211,0,12.3771,7.6389,5.8774,12.8382,8.0908,2.0558,6.1132,0.8598,36.79,-235.477,51.999,132.02248
212,0,12.0154,7.4221,6.2159,12.6933,8.1223,2.0622,6.1369,0.8573,36.85,-236.965,51.957,157.060452
213,0,12.6888,7.6229,6.654,13.0119,8.1533,2.0687,6.1604,0.8572,36.65,-236.438,52.011,143.306953
214,0,12.2743,7.5159,6.4834,12.8584,8.1841,2.0757,6.1838,0.854,36.62,-236.182,51.938,143.973154
215,0,12.8873,7.7688,6.1274,13.2185,8.2149,2.082,6.2072,0.8566,36.59,-236.587,52.01,145.128974
216,0,12.3613,7.5409,6.1659,12.9204,8.2458,2.0881,6.2307,0.8588,36.63,-237.652,52.021,139.041531
217,0,12.4953,7.541,6.42,13.0543,8.2772,2.0945,6.2544,0.8594,36.83,-240.054,52.09,167.444888
218,0,13.0342,7.8573,6.5185,13.2585,8.3083,2.101,6.2779,0.8611,36.69,-241.693,52.065,149.767547
219,0,12.9183,7.8107,6.4685,13.2076,8.3399,2.1076,6.3017,0.8614,36.88,-243.145,52.079,153.659928
220,0,13.2662,7.6287,6.9247,13.3128,8.3709,2.1141,6.3254,0.8615,36.83,-244.23,52.057,181.088248
221,0,12.983,7.6087,6.7144,13.26,8.402,2.1214,6.3491,0.8604,36.88,-244.953,52.023,144.400962
222,0,12.6497,7.6131,6.5022,13.1345,8.4331,2.1282,6.3727,0.8637,36.76,-245.76,52.076,181.065611
223,0,12.567,7.6916,6.2054,12.9754,8.4645,2.1348,6.3964,0.862,36.84,-247.625,52.082,177.239927
224,0,13.7095,7.9232,7.0911,13.2953,8.496,2.1417,6.4202,0.8634,36.92,-249.626,52.114,150.650701
225,0,14.5038,7.873,7.8481,13.3826,8.5272,2.1485,6.4438,0.8626,36.74,-249.711,52.118,169.916671
226,0,14.6566,8.2153,7.4134,13.6279,8.5579,2.1552,6.4673,0.8623,36.67,-249.299,52.086,172.365851
227,0,14.0655,8.4877,6.2033,13.6778,8.5892,2.1619,6.491,0.8592,36.84,-250.222,52.076,156.408341
228,0,14.9133,7.7963,8.1231,13.5938,8.6206,2.1688,6.5148,0.863,36.91,-252.7,52.19,155.520548
229,0,14.9265,7.6347,8.5739,13.3179,8.6517,2.1758,6.5384,0.8622,36.76,-253.792,52.094,205.720762
230,0,13.3644,8.2092,6.4264,13.2552,8.6832,2.183,6.5622,0.8616,36.92,-254.977,52.095,161.708364
231,0,13.405,7.6971,7.1909,13.1169,8.7148,2.1901,6.586,0.8589,36.93,-257.534,52.075,196.259653
232,0,13.531,8.0765,6.7674,13.2871,8.746,2.1969,6.6095,0.8581,36.62,-257.359,52.088,185.623082
233,0,15.1462,7.464,9.0456,13.2365,8.7774,2.2041,6.633,0.8591,36.69,-257.847,52.105,193.575912
234,0,15.3696,7.6062,8.938,13.4254,8.8089,2.2111,6.6569,0.8589,37.0,-260.236,52.086,179.671978
235,0,15.0963,7.5736,8.6809,13.4417,8.841,2.2178,6.6808,0.8603,36.98,-262.691,52.085,187.696002
236,0,14.3471,7.7063,7.8464,13.3944,8.8728,2.2244,6.7045,0.8591,36.81,-263.992,52.094,191.37518
237,0,13.5574,7.6697,7.4058,13.082,8.9041,2.2306,6.7279,0.8566,36.61,-262.561,52.018,169.392878
238,0,14.0769,8.1422,7.115,13.4197,8.9359,2.2376,6.7518,0.8594,37.02,-264.257,52.034,171.183994
239,0,13.863,8.2484,6.9783,13.2363,8.9674,2.2441,6.7756,0.8617,36.86,-265.78,52.035,194.836215
240,0,14.2128,8.2654,7.1533,13.3941,8.9986,2.2509,6.7992,0.8584,36.73,-265.315,52.072,193.603686
241,0,15.9834,7.8757,9.0482,13.6596,9.0299,2.258,6.823,0.8605,36.96,-266.13,52.066,225.485949
242,0,15.143,7.7247,8.6742,13.3441,9.0612,2.2648,6.8467,0.86,36.84,-267.264,52.147,246.150031
243,0,16.3622,8.0877,9.0959,13.7785,9.0926,2.2717,6.8704,0.8606,36.79,-268.363,52.087,223.497401
244,0,16.3652,8.0628,9.0961,13.8064,9.1243,2.2784,6.8943,0.8641,36.96,-270.904,52.234,225.012455
245,0,18.1384,7.0443,12.1085,13.5856,9.1559,2.2854,6.918,0.8584,36.88,-272.739,52.102,231.896891
246,0,18.1219,7.1459,11.9588,13.6172,9.1877,2.2926,6.9419,0.8612,36.95,-273.933,52.21,198.402677
247,0,17.761,7.0373,11.7537,13.57,9.2191,2.2994,6.9655,0.8614,36.78,-274.355,52.144,239.69525
248,0,17.925,7.0712,11.8639,13.5899,9.2507,2.3064,6.9893,0.8626,36.93,-274.85,52.152,232.941685
249,0,16.5988,7.3365,10.4276,13.4347,9.2821,2.313,7.013,0.8616,36.81,-275.535,52.12,247.471307
250,0,17.0443,6.707,11.7395,13.1978,9.3137,2.3198,7.0368,0.8632,36.92,-276.745,52.178,211.687215
251,0,17.4007,6.3725,12.6384,12.9898,9.3451,2.3272,7.0605,0.8624,36.85,-278.098,52.182,273.012045
252,0,17.3353,6.3334,12.5742,13.0277,9.3762,2.335,7.0844,0.8618,36.9,-278.54,52.107,226.369703
253,0,16.9951,6.6752,12.0028,12.9171,9.4078,2.3422,7.1082,0.8654,36.92,-280.08,52.151,232.580607
254,0,17.2133,6.5369,12.2905,12.9858,9.4392,2.3496,7.1321,0.8652,36.98,-282.097,52.17,253.313475
255,0,17.4359,7.0252,11.7996,13.2111,9.4709,2.3567,7.1562,0.8677,37.17,-283.444,52.171,230.960014
256,0,18.0744,7.3094,11.8952,13.4698,9.5028,2.3641,7.1803,0.8671,37.18,-286.205,52.156,249.432457
257,0,17.0592,7.2842,11.1332,13.2417,9.535,2.3714,7.2043,0.8652,37.13,-288.49,52.202,266.238758
258,0,18.2025,7.4515,11.7554,13.5956,9.567,2.3786,7.2282,0.8711,36.99,-288.767,52.289,270.412906
259,0,18.1403,7.0006,12.3057,13.434,9.5989,2.3864,7.2524,0.8691,37.2,-289.947,52.239,290.089352
260,0,19.27,7.321,12.8311,13.718,9.6311,2.3938,7.2765,0.8713,37.21,-291.569,52.252,268.299552
261,0,20.0407,7.8521,12.828,13.9606,9.6632,2.4014,7.3007,0.8742,37.28,-293.371,52.338,290.31021
262,0,18.9909,7.6543,12.2781,13.6586,9.695,2.4093,7.325,0.8691,37.28,-293.98,52.284,292.578186
263,0,20.3128,7.1468,14.032,13.7339,9.727,2.4165,7.3489,0.8681,36.97,-293.901,52.276,299.444145
264,0,19.1627,7.0769,13.1862,13.4996,9.7594,2.4241,7.3731,0.8696,37.25,-296.54,52.25,268.147991
265,0,19.0427,6.5604,13.8413,13.241,9.7914,2.432,7.3971,0.8735,37.11,-298.408,52.248,265.471615
266,0,19.8445,6.7204,14.263,13.4611,9.8236,2.4393,7.4211,0.8757,37.15,-298.136,52.343,285.2278
267,0,19.4708,7.1948,13.3209,13.5551,9.856,2.4464,7.4453,0.8794,37.25,-300.069,52.392,306.836365
268,0,20.7931,7.3059,14.3432,13.7439,9.8888,2.4535,7.4697,0.8783,37.41,-302.969,52.388,308.725575
269,0,20.7463,7.4832,14.1017,13.7614,9.9221,2.4606,7.4943,0.8823,37.62,-306.725,52.452,338.890661
270,0,20.2548,7.7054,13.3403,13.8092,9.9551,2.4671,7.5188,0.8801,37.49,-308.388,52.398,330.067781
271,0,18.4278,8.2035,11.0689,13.7553,9.9877,2.4743,7.5433,0.8812,37.44,-307.667,52.414,345.36546
272,0,17.772,8.3238,10.3501,13.6981,10.02,2.4814,7.5675,0.8764,37.31,-307.398,52.348,339.914642
273,0,19.6395,7.9646,12.2805,13.9944,10.0532,2.488,7.5922,0.8788,37.62,-309.749,52.36,360.084206
274,0,20.2643,8.545,11.8432,14.4761,10.086,2.4952,7.6169,0.8875,37.71,-312.474,52.444,343.481285
275,0,21.134,9.234,11.7407,14.7593,10.1188,2.5026,7.6416,0.8858,37.7,-313.351,52.47,361.99984
276,0,20.7203,9.4302,11.0144,14.8757,10.1523,2.5093,7.6664,0.8881,37.72,-316.266,52.499,327.810095
277,0,20.0846,8.9859,11.1554,14.5433,10.1854,2.5156,7.6908,0.8858,37.39,-316.797,52.512,356.431459
278,0,19.7741,8.6988,11.3339,14.3413,10.2185,2.5227,7.7156,0.8851,37.76,-316.675,52.513,339.794425
279,0,19.7538,8.9105,10.9915,14.4518,10.2506,2.53,7.7399,0.8875,37.38,-316.132,52.551,417.619798
280,0,19.6216,8.8404,10.9891,14.392,10.2829,2.5374,7.7643,0.8849,37.38,-314.857,52.442,419.838899
281,0,20.1128,8.9938,11.1891,14.53,10.3154,2.5447,7.7888,0.8836,37.51,-317.342,52.51,447.613012
282,0,20.0897,8.946,11.1127,14.6309,10.3484,2.5513,7.8134,0.8803,37.61,-319.84,52.464,406.267481
283,0,19.3253,8.8214,10.6777,14.4262,10.3814,2.5584,7.8381,0.8792,37.68,-322.422,52.497,363.844522
284,0,19.6968,8.762,11.0005,14.5343,10.4142,2.5651,7.8626,0.8783,37.46,-323.032,52.488,400.68881
285,0,19.4117,8.4228,11.2827,14.3063,10.4468,2.5724,7.8872,0.8682,37.61,-322.992,52.354,372.568781
286,0,20.0101,8.744,11.2127,14.6534,10.4792,2.5791,7.9116,0.8734,37.37,-323.101,52.464,380.566028
287,0,19.2316,8.7145,10.6953,14.4218,10.5116,2.586,7.9358,0.8714,37.32,-322.806,52.469,410.516905
288,0,19.5716,8.6312,11.1595,14.3809,10.5449,2.5922,7.9603,0.8732,37.51,-325.872,52.494,415.701571
289,0,19.2424,8.2893,11.3346,14.2186,10.5776,2.5986,7.9847,0.8706,37.41,-327.73,52.365,418.158348
290,0,18.2214,8.3201,10.3251,14.1762,10.6103,2.6057,8.0092,0.8681,37.49,-327.842,52.363,416.138881
291,0,18.1046,8.5314,9.7549,14.4183,10.6432,2.6124,8.0336,0.8669,37.46,-329.677,52.317,449.863891
292,0,17.7458,8.5728,9.3853,14.3877,10.6758,2.6192,8.058,0.867,37.44,-330.552,52.304,426.0017
293,0,17.7024,8.9914,8.6863,14.6247,10.7089,2.625,8.0824,0.8676,37.41,-331.233,52.322,512.465449
294,0,17.6815,9.5396,7.815,14.9269,10.7425,2.6312,8.1072,0.8731,37.75,-335.407,52.418,412.915518
295,0,18.197,9.0086,9.2309,14.5575,10.7755,2.6372,8.1318,0.8731,37.54,-336.962,52.485,503.862278
296,0,18.0887,9.0124,9.1001,14.5761,10.8081,2.6437,8.1563,0.8704,37.52,-334.841,52.374,495.880895
297,0,17.3458,9.4637,7.9227,14.5594,10.8408,2.6503,8.1808,0.8736,37.48,-334.976,52.435,515.371862
298,0,16.4687,9.4131,7.3136,14.342,10.8741,2.6566,8.2054,0.8717,37.65,-338.424,52.377,488.915967
299,0,16.8034,9.8212,6.9906,14.5916,10.9067,2.6625,8.2298,0.8773,37.43,-338.708,52.448,487.452666
300,0,18.2724,9.9648,8.0156,14.892,10.9398,2.6685,8.2545,0.8776,37.66,-339.573,52.45,504.912297
301,0,19.3952,9.2606,10.1073,14.6273,10.9732,2.6745,8.2793,0.8795,37.71,-342.624,52.523,537.800214
302,0,20.6705,9.134,11.2697,14.8667,11.0062,2.6811,8.3038,0.8773,37.54,-343.637,52.516,468.453673
303,0,19.3399,8.5499,11.1114,14.2786,11.0395,2.6868,8.3282,0.8756,37.43,-343.511,52.507,581.782562
304,0,18.7869,8.1478,11.3333,13.9058,11.0731,2.6928,8.3528,0.8755,37.56,-346.272,52.475,587.021096
305,0,17.8692,8.3102,10.3435,13.8155,11.1064,2.6995,8.3773,0.8784,37.5,-348.012,52.511,481.620164
306,0,17.8808,8.2602,10.5027,13.7179,11.1395,2.7059,8.4017,0.8751,37.44,-348.166,52.495,498.014592
307,0,16.603,8.9106,8.4571,13.8353,11.1727,2.7124,8.4263,0.8757,37.61,-349.097,52.568,533.652439
308,0,18.1504,8.6466,10.1546,13.9493,11.206,2.7184,8.4507,0.8768,37.45,-349.846,52.556,640.459098
309,0,17.3348,8.2577,9.9851,13.6919,11.2393,2.725,8.4753,0.8751,37.6,-351.963,52.569,618.523609
310,0,17.7023,8.4077,10.1018,13.7928,11.2727,2.7316,8.5,0.875,37.7,-354.188,52.542,555.57223
311,0,17.8215,8.9324,9.3298,14.1593,11.3061,2.7381,8.5247,0.8757,37.64,-355.459,52.539,579.087981
312,0,17.863,9.1358,9.0974,14.2299,11.3398,2.744,8.5493,0.8715,37.65,-356.591,52.412,590.335608
313,0,17.5411,8.9179,9.2348,13.9884,11.3732,2.7502,8.5739,0.8754,37.56,-358.082,52.56,539.761651
314,0,18.0698,8.7954,9.8035,14.071,11.407,2.7567,8.5986,0.8759,37.68,-359.924,52.643,585.915149
315,0,18.1022,8.7648,9.8783,14.0591,11.4404,2.7633,8.623,0.8759,37.41,-360.626,52.567,579.872716
316,0,17.349,8.8299,9.1522,13.9669,11.4739,2.7692,8.6474,0.8737,37.43,-360.096,52.507,573.548329
317,0,17.4083,9.3004,8.4872,14.2207,11.5073,2.7755,8.672,0.882,37.58,-361.187,52.564,558.309211
318,0,17.8354,9.221,8.9448,14.2695,11.5409,2.7817,8.6965,0.8774,37.57,-363.288,52.476,644.831112
319,0,18.6479,9.7338,8.9856,14.5285,11.5753,2.7879,8.7212,0.8886,37.68,-366.623,52.712,620.277243
320,0,19.1955,9.5677,9.6961,14.5316,11.6093,2.7943,8.746,0.8964,37.73,-368.947,52.816,654.088352
321,0,18.3347,9.4171,9.1682,14.3494,11.6428,2.8008,8.7706,0.8932,37.59,-368.23,52.892,686.591087
322,0,18.0762,8.9976,9.5679,14.1107,11.6768,2.8063,8.7953,0.8887,37.68,-369.434,52.722,550.388184
323,0,18.7833,9.2943,9.7491,14.3398,11.711,2.8128,8.8201,0.8846,37.74,-372.159,52.742,624.662797
324,0,18.4282,9.1583,9.7734,14.0965,11.7451,2.8193,8.8449,0.8872,37.71,-374.377,52.797,653.349311
325,0,18.4425,8.6985,10.3784,13.9656,11.7788,2.8261,8.8694,0.8851,37.54,-374.383,52.764,633.077553
326,0,17.3111,8.2762,9.9914,13.6435,11.8121,2.8326,8.8936,0.8819,37.28,-371.377,52.693,721.712727
327,0,18.7705,8.7715,10.3855,14.2135,11.8452,2.8396,8.9181,0.888,37.49,-371.333,52.841,728.430612
328,0,17.9361,8.7164,9.8371,13.9826,11.8786,2.8454,8.9423,0.8854,37.25,-372.371,52.796,654.814142
329,0,18.7674,8.8559,10.3732,14.1383,11.9119,2.8524,8.9669,0.8827,37.55,-374.581,52.658,539.867752
330,0,18.4592,8.5231,10.5923,13.9438,11.945,2.8595,8.9913,0.8854,37.47,-375.775,52.79,635.437664
331,0,18.2025,8.7248,9.9846,14.093,11.9784,2.8661,9.0156,0.8834,37.31,-375.957,52.697,705.695515
332,0,18.0597,8.7235,9.8119,14.1244,12.0124,2.8724,9.0401,0.881,37.52,-379.987,52.612,691.04618
333,0,17.4865,8.6266,9.3739,14.0859,12.0453,2.8794,9.0645,0.88,37.45,-379.772,52.531,759.242138
334,0,18.6209,9.0885,9.7238,14.4087,12.0792,2.8855,9.089,0.8819,37.46,-380.431,52.496,749.849565
335,0,18.4766,9.0947,9.4641,14.5179,12.1132,2.8923,9.1138,0.8825,37.74,-384.614,52.587,760.160067
336,0,17.4949,8.6338,9.3209,14.1401,12.1476,2.898,9.1384,0.8789,37.63,-387.712,52.496,648.113897
337,0,16.8772,8.2271,9.4137,13.8364,12.1813,2.9043,9.1629,0.8727,37.55,-387.183,52.364,862.65762
338,0,16.9905,8.2646,9.5362,13.7896,12.2147,2.9109,9.1873,0.8762,37.37,-385.424,52.49,689.244979
339,0,17.1731,8.6406,9.0114,14.1212,12.2481,2.9172,9.2117,0.8777,37.48,-385.544,52.557,929.623335
340,0,17.6169,8.3773,9.701,14.1385,12.2812,2.9238,9.2362,0.8756,37.46,-386.183,52.479,673.187991
341,0,17.8698,8.3388,9.9623,14.1687,12.3145,2.9302,9.2607,0.8689,37.5,-387.06,52.368,782.110603
342,0,17.7908,8.1915,10.1237,14.0756,12.3474,2.9375,9.2851,0.8695,37.45,-387.976,52.364,857.101625
343,0,18.3007,8.8253,9.7676,14.3078,12.3808,2.9445,9.3097,0.88,37.55,-390.426,52.577,831.266691
344,0,18.2464,8.5416,10.1477,14.1571,12.4142,2.9513,9.3341,0.8751,37.43,-392.263,52.42,841.179107
345,0,18.1147,8.4867,10.0461,14.1819,12.4475,2.9582,9.3586,0.8705,37.54,-393.258,52.33,891.248766
346,0,17.2988,8.0216,10.0963,13.7808,12.4806,2.9653,9.3834,0.8671,37.7,-394.071,52.281,887.062328
347,0,16.9488,8.0202,9.8254,13.7032,12.5136,2.9727,9.4079,0.8681,37.55,-394.979,52.3,830.88873
348,0,18.3717,8.4177,10.3469,14.207,12.5469,2.9799,9.4327,0.8689,37.71,-396.788,52.373,810.39727
349,0,17.8715,8.2979,10.156,14.0176,12.5797,2.9867,9.4571,0.8677,37.45,-396.602,52.374,724.175867
350,0,17.2543,8.9343,8.7579,14.1621,12.6133,2.9932,9.4818,0.8687,37.7,-397.87,52.378,790.551948
351,0,17.5833,8.5828,9.5972,14.0034,12.647,2.9995,9.5064,0.8698,37.53,-401.314,52.383,857.914839
352,0,17.2043,8.5567,9.3387,13.9089,12.6806,3.0062,9.5309,0.8713,37.56,-403.19,52.392,946.846906
353,0,17.6684,8.3859,10.0936,13.7888,12.714,3.0127,9.5558,0.873,37.81,-403.864,52.436,874.902382
354,0,17.2753,8.5683,9.4609,13.846,12.7477,3.019,9.5805,0.8772,37.66,-404.954,52.53,877.580934
355,0,16.8793,9.0797,8.3621,14.0376,12.7816,3.0253,9.6053,0.8778,37.78,-407.58,52.481,953.507012
356,0,17.482,9.0964,8.8518,14.1339,12.8152,3.032,9.6301,0.8809,37.74,-408.841,52.584,969.222624
357,0,17.5319,8.9467,9.0466,14.1386,12.8488,3.0384,9.6547,0.8819,37.62,-408.715,52.518,868.753085
358,0,17.3494,8.8068,9.0477,14.0949,12.8822,3.0448,9.6793,0.8785,37.57,-408.316,52.504,884.649756
359,0,17.5355,8.552,9.5272,14.0563,12.9148,3.0518,9.7036,0.8792,37.32,-405.781,52.547,1096.804082
360,0,16.96,8.6981,8.8151,14.0468,12.9473,3.0585,9.7277,0.8827,37.22,-404.035,52.585,953.355308
361,0,17.9361,8.788,9.4714,14.2767,12.9805,3.0654,9.7521,0.8816,37.43,-407.022,52.549,781.954042
362,0,18.5129,8.2392,10.6836,14.1901,13.0132,3.0727,9.7766,0.8703,37.48,-409.706,52.345,1040.398749
363,0,18.4082,8.4489,10.3298,14.2295,13.0461,3.08,9.8009,0.8749,37.36,-410.429,52.496,1177.831952
364,0,19.3569,8.1679,11.5788,14.2103,13.0792,3.0868,9.8253,0.8779,37.43,-412.374,52.558,870.712216
365,0,18.2819,8.495,10.2805,14.1064,13.1121,3.0938,9.8498,0.8808,37.5,-413.459,52.56,995.787148
366,0,19.5136,8.5061,11.341,14.2665,13.1455,3.1006,9.8744,0.8813,37.64,-415.773,52.545,1072.614313
367,0,20.2293,8.5183,11.9279,14.3831,13.1792,3.1074,9.8991,0.8811,37.65,-419.393,52.614,1117.495987
368,0,20.0016,8.4737,11.7639,14.364,13.2129,3.1143,9.9239,0.8785,37.76,-422.422,52.596,1053.950333
369,0,20.3336,8.5829,11.8592,14.4915,13.2466,3.1212,9.9486,0.8766,37.67,-423.44,52.45,1076.404346
370,0,20.4123,8.5302,12.1048,14.3773,13.28,3.1284,9.9732,0.8774,37.61,-423.139,52.446,1123.10033
371,0,19.8048,8.2215,11.957,14.2263,13.313,3.1358,9.9978,0.8764,37.59,-423.12,52.467,1098.077365
372,0,18.8435,8.235,11.2577,13.9507,13.346,3.1429,10.0221,0.8775,37.3,-421.749,52.524,976.462618
373,0,19.9949,7.9402,12.6986,13.9561,13.379,3.1504,10.0465,0.8785,37.45,-422.965,52.597,1113.039225
374,0,20.0019,8.1283,12.3625,14.1111,13.412,3.1582,10.071,0.8748,37.51,-424.128,52.568,1176.483996
375,0,20.0958,7.9973,12.5628,14.1357,13.4449,3.1659,10.0956,0.8732,37.6,-425.503,52.532,1271.167229
376,0,20.0706,7.5036,13.3587,13.8083,13.4775,3.1735,10.1199,0.8733,37.37,-425.605,52.517,1182.833427
377,0,20.1669,7.6832,13.153,13.9307,13.5105,3.1807,10.1445,0.8732,37.57,-426.074,52.532,1166.124432
378,0,19.6077,7.8554,12.4538,13.8985,13.5434,3.1888,10.1691,0.8724,37.62,-429.189,52.488,1248.254325
379,0,19.6068,7.2825,13.3237,13.6006,13.5766,3.1961,10.1936,0.8702,37.53,-431.275,52.403,1173.664663
380,0,18.9678,7.6965,12.0135,13.8577,13.6093,3.2037,10.2183,0.8682,37.59,-430.597,52.357,1016.512199
381,0,19.0955,7.3276,12.6826,13.6854,13.642,3.2112,10.2427,0.8692,37.49,-430.894,52.345,1195.572378
382,0,19.1898,7.292,12.767,13.7308,13.6749,3.2181,10.2671,0.8693,37.43,-431.667,52.292,1078.026497
383,0,18.1699,7.2685,11.7882,13.7132,13.7076,3.2257,10.2916,0.8681,37.49,-432.574,52.255,1216.47311
384,0,16.6839,7.9359,9.599,13.7491,13.7405,3.2326,10.3161,0.869,37.49,-433.781,52.305,1097.185084
385,0,16.5767,8.4654,8.7752,13.9361,13.7731,3.2398,10.3407,0.8775,37.62,-435.035,52.499,1057.528562
386,0,15.7945,8.418,8.1825,13.794,13.8061,3.2464,10.3651,0.8767,37.44,-435.371,52.499,1191.361026
387,0,15.979,8.8595,7.8264,13.893,13.8389,3.2533,10.3897,0.878,37.61,-437.23,52.478,1279.637874
388,0,16.5087,8.8192,8.2235,14.0659,13.8714,3.2603,10.4141,0.877,37.37,-436.892,52.445,1148.977689
389,0,16.0159,8.745,8.0845,13.7864,13.9045,3.2671,10.4385,0.8802,37.44,-438.312,52.528,1320.970733
390,0,15.6519,8.5485,8.0022,13.7012,13.9366,3.2745,10.4628,0.8796,37.3,-437.737,52.436,1251.506386
391,0,15.1059,8.7756,7.4194,13.5109,13.9692,3.2814,10.4872,0.8766,37.39,-437.45,52.57,1279.438538
392,0,19.719,7.6602,12.8312,13.8276,14.002,3.2888,10.5116,0.8787,37.43,-441.073,52.564,1138.744601
393,0,19.6999,7.6185,12.9913,13.6901,14.0349,3.296,10.5362,0.8852,37.54,-443.592,52.687,1141.080145
394,0,19.5622,7.7777,12.6925,13.692,14.0678,3.3033,10.5606,0.8802,37.41,-445.67,52.594,1328.996652
395,0,16.4569,8.0758,9.6819,13.2993,14.1004,3.3105,10.5848,0.8764,37.27,-444.957,52.528,1158.409694
396,0,16.6162,8.1877,9.5947,13.4338,14.133,3.3174,10.6093,0.8742,37.57,-445.108,52.463,1295.694757
397,0,17.2049,8.3466,9.7917,13.6666,14.166,3.3245,10.6337,0.8731,37.41,-447.657,52.406,1099.927838
398,0,18.0986,8.2263,10.7082,13.7641,14.199,3.3315,10.6583,0.8715,37.58,-450.243,52.341,1288.631668
399,0,18.1045,8.4494,10.3797,13.8754,14.2322,3.3382,10.6829,0.8779,37.56,-451.719,52.511,1353.123029
400,0,17.5782,8.5045,9.9227,13.7511,14.265,3.3452,10.7074,0.8759,37.54,-452.965,52.441,1187.901655
401,0,18.6684,8.6516,10.7496,13.8672,14.2982,3.352,10.7318,0.8803,37.42,-453.591,52.509,1475.631126
402,0,19.3601,8.7695,11.1966,13.9941,14.3316,3.3592,10.7563,0.8781,37.47,-456.014,52.477,1450.205028
403,0,18.5668,9.0319,9.9326,14.2023,14.3646,3.3664,10.7808,0.8735,37.5,-457.386,52.405,1368.217593
404,0,18.0279,9.0543,9.4392,14.1344,14.3978,3.3732,10.8053,0.8766,37.55,-458.688,52.462,1252.057704
405,0,17.4118,8.7591,9.3189,13.9338,14.4307,3.3798,10.8298,0.8753,37.49,-458.585,52.43,1261.824548
406,0,18.4277,8.4782,10.4939,14.0556,14.4641,3.3865,10.8542,0.8734,37.44,-459.301,52.384,1422.922451
407,0,18.644,8.712,10.3646,14.1675,14.497,3.3934,10.8788,0.8753,37.55,-460.631,52.4,1429.78917
408,0,19.3815,8.5526,11.3098,14.1191,14.5303,3.4001,10.9034,0.8762,37.58,-462.255,52.392,1312.62001
409,0,18.6688,9.2818,9.5658,14.4212,14.5638,3.4068,10.9281,0.8774,37.69,-465.51,52.518,1499.635572
410,0,19.4602,9.0995,10.6275,14.3332,14.5978,3.4137,10.9527,0.8816,37.59,-469.406,52.629,1657.215059
411,0,19.353,8.3125,11.719,13.9215,14.6311,3.4206,10.9773,0.8803,37.57,-469.41,52.5,1267.577982
412,0,18.2632,8.1761,11.0589,13.6281,14.6651,3.4271,11.0021,0.8818,37.74,-470.83,52.537,1474.205573
413,0,18.2447,8.8043,10.1975,13.8429,14.6986,3.4338,11.0266,0.8834,37.55,-471.94,52.588,1359.726817
414,0,19.9015,8.4519,12.0874,13.9622,14.7319,3.4403,11.051,0.8836,37.4,-469.733,52.587,1416.215046
415,0,20.8917,8.5182,12.9128,14.0607,14.7648,3.4479,11.0754,0.8896,37.46,-469.634,52.717,1721.898304
416,0,20.8051,9.0076,11.8878,14.5097,14.7984,3.4552,11.1001,0.8821,37.68,-473.2,52.604,1362.680245
417,0,22.4249,9.1557,13.0291,14.8402,14.8322,3.4624,11.125,0.8807,37.79,-477.772,52.673,1445.636014
418,0,22.0016,9.4922,12.1563,14.9531,14.8661,3.4694,11.1498,0.8862,37.75,-479.923,52.751,1350.93343
419,0,19.7582,9.9877,9.436,14.9345,14.8996,3.4765,11.1743,0.8879,37.53,-479.618,52.741,1630.974576
420,0,18.3456,10.3341,7.6596,14.9519,14.9329,3.4833,11.1988,0.8859,37.51,-478.064,52.681,1570.593596
421,0,18.2756,9.9651,8.0945,14.816,14.9664,3.49,11.2232,0.8778,37.41,-478.463,52.535,1693.970173
422,0,18.0921,9.8534,8.2014,14.6373,14.9995,3.4973,11.2476,0.8818,37.41,-478.44,52.595,1766.492876
423,0,18.0392,9.5086,8.5568,14.5738,15.0328,3.504,11.272,0.882,37.43,-479.689,52.618,1443.279366
424,0,17.2882,9.395,7.9422,14.5511,15.0657,3.5109,11.2965,0.8767,37.47,-479.698,52.534,1442.522313
425,0,17.4666,9.4162,8.0451,14.6053,15.0986,3.5181,11.3211,0.8774,37.63,-479.984,52.483,1285.519968
426,0,17.3137,9.5806,7.7518,14.5812,15.1313,3.5251,11.3455,0.8752,37.41,-480.049,52.499,1719.060249
427,0,16.4045,9.4815,6.9072,14.6158,15.1643,3.5317,11.37,0.8683,37.48,-480.753,52.331,1809.78368
428,0,16.7439,9.6379,7.1674,14.5386,15.1976,3.5386,11.3948,0.879,37.82,-485.024,52.527,1679.256997
429,0,16.6714,9.2148,7.7067,14.3498,15.2308,3.5455,11.4195,0.8809,37.66,-488.14,52.518,1733.525398
430,0,16.2763,9.1984,7.3598,14.3182,15.2641,3.5521,11.4442,0.875,37.66,-488.898,52.452,1494.512958
431,0,16.6342,9.4245,7.3348,14.4748,15.2974,3.5588,11.4688,0.8782,37.56,-490.047,52.498,1680.922386
432,0,16.7477,9.5202,7.3355,14.492,15.3302,3.566,11.4934,0.8752,37.58,-489.772,52.519,1662.437085
433,0,17.4433,9.7004,7.7345,14.6084,15.3633,3.5728,11.5179,0.8766,37.51,-489.752,52.527,1425.304415
434,0,16.1697,9.6783,6.6231,14.4682,15.3965,3.5792,11.5425,0.8713,37.58,-491.364,52.334,1368.893111
435,0,16.849,10.142,6.2887,14.807,15.4304,3.5857,11.5671,0.8721,37.63,-494.956,52.353,1787.636329
436,0,16.4645,9.7318,6.8076,14.5251,15.4641,3.5922,11.5918,0.868,37.68,-498.292,52.244,1943.717144
437,0,17.0797,10.0286,6.9138,14.7373,15.4979,3.5989,11.617,0.87,38.06,-500.722,52.276,1716.784678
438,0,16.343,9.7498,6.801,14.3923,15.5313,3.6057,11.6416,0.8671,37.61,-501.013,52.238,1619.384983
439,0,15.6658,9.2308,6.9917,14.0433,15.565,3.6121,11.6662,0.863,37.61,-501.045,52.154,1680.620515
440,0,16.0206,9.6329,6.5492,14.4385,15.5988,3.6182,11.6907,0.8639,37.51,-501.725,52.143,1876.478993
441,0,16.3139,9.8567,6.4189,14.5573,15.6328,3.6245,11.7157,0.8648,37.93,-505.182,52.174,1579.407105
442,0,16.2909,9.5502,6.7615,14.5792,15.6667,3.6307,11.7406,0.8596,37.8,-507.355,52.12,1940.024747
443,0,16.0926,9.5654,6.5269,14.6003,15.7003,3.637,11.7651,0.858,37.54,-505.562,52.113,1758.314264
444,0,16.8469,9.471,7.4115,14.5644,15.7341,3.6433,11.79,0.8606,37.83,-506.804,52.147,1755.230621
445,0,16.8033,9.3527,7.5225,14.5281,15.768,3.6496,11.8148,0.864,37.73,-510.352,52.209,1668.588366
446,0,18.2003,9.1628,8.9739,14.6636,15.8015,3.6564,11.8395,0.8673,37.73,-510.47,52.319,1691.93491
447,0,17.7734,9.1516,8.7637,14.4582,15.8349,3.6628,11.8641,0.8722,37.6,-509.16,52.371,2281.668122
448,0,18.3968,9.5169,8.6705,14.8094,15.8683,3.6689,11.8886,0.8743,37.47,-508.159,52.428,1881.286142
449,0,17.6937,9.1097,8.7011,14.4828,15.9014,3.6756,11.9131,0.8709,37.52,-508.627,52.341,1977.790411
450,0,17.0385,9.293,7.8023,14.5432,15.9351,3.6819,11.9378,0.8715,37.65,-510.694,52.404,2020.388795
451,0,18.0758,9.2027,8.6966,14.7765,15.9685,3.6885,11.9624,0.8753,37.63,-513.517,52.433,2056.41958
452,0,17.5225,9.3026,8.068,14.7519,16.0023,3.695,11.9873,0.8792,37.85,-516.082,52.482,1721.336529
453,0,17.5209,9.3115,8.005,14.8044,16.0364,3.7009,12.0122,0.8712,37.79,-519.822,52.393,1970.664803
454,0,17.3844,9.334,7.8202,14.8302,16.0699,3.7071,12.0371,0.8705,37.8,-518.958,52.384,2192.875828
455,0,16.9276,8.956,7.9315,14.6401,16.1036,3.7135,12.0619,0.8695,37.82,-520.075,52.389,1747.465689
456,0,17.135,8.8904,8.1239,14.7206,16.1367,3.72,12.0865,0.8693,37.54,-518.313,52.317,1951.532917
457,0,17.3695,8.8907,8.377,14.7018,16.17,3.726,12.1111,0.8676,37.61,-517.69,52.25,1666.890719
458,0,17.3601,8.4661,8.9399,14.5541,16.2028,3.7327,12.1354,0.8684,37.32,-516.472,52.301,2096.286473
459,0,17.67,8.3278,9.5076,14.4346,16.2359,3.7392,12.16,0.8667,37.63,-517.547,52.253,1505.333295
460,0,17.8581,8.608,9.2901,14.5601,16.2689,3.7457,12.1844,0.8656,37.39,-519.36,52.247,2150.886816
461,0,16.7385,8.7194,8.3025,14.3166,16.3025,3.7525,12.2092,0.8657,37.73,-522.958,52.269,1773.835664
462,0,17.0561,8.9753,8.2886,14.3923,16.3366,3.7587,12.2341,0.8673,37.84,-528.565,52.216,2068.774359
463,0,18.2189,9.0351,9.1274,14.6564,16.3701,3.7652,12.2589,0.8721,37.8,-530.031,52.335,2094.16031
464,0,18.654,8.9327,9.658,14.6633,16.4039,3.7715,12.2836,0.8705,37.68,-530.251,52.369,1823.816569
465,0,18.2626,8.836,9.3793,14.6473,16.4385,3.7776,12.3085,0.8749,37.86,-534.831,52.395,2023.726657
466,0,17.5986,8.9079,8.7197,14.5711,16.4723,3.7836,12.3331,0.8724,37.57,-536.252,52.316,2071.171201
467,0,16.261,8.7607,7.7115,14.3888,16.5058,3.7895,12.3577,0.8688,37.61,-531.709,52.274,2193.355915
468,0,16.1175,8.815,7.5378,14.3647,16.5399,3.7957,12.3827,0.8696,37.86,-535.052,52.286,1947.995827
469,0,16.1143,8.6173,7.9403,14.1567,16.574,3.8023,12.4075,0.8685,37.8,-538.822,52.304,2016.54089
470,0,15.754,8.9907,7.1496,14.2136,16.6078,3.8085,12.4322,0.8723,37.61,-538.827,52.351,2220.331109
471,0,15.8843,8.933,7.432,14.1192,16.6418,3.8146,12.4568,0.876,37.64,-538.526,52.422,2400.193096
472,0,15.5197,8.9879,7.0131,14.1187,16.6753,3.8208,12.4815,0.871,37.62,-539.127,52.336,1930.321956
473,0,15.5857,8.816,7.4734,13.8964,16.7092,3.8269,12.5062,0.872,37.68,-539.589,52.347,2334.94406
474,0,16.6081,9.3238,7.633,14.2513,16.7431,3.8326,12.5307,0.8729,37.57,-541.425,52.38,1952.696096
475,0,16.2988,9.2436,7.4173,14.238,16.7764,3.8385,12.5552,0.8733,37.48,-539.61,52.317,2146.228983
476,0,15.9566,9.1587,7.251,14.1468,16.81,3.8448,12.5799,0.8741,37.66,-540.204,52.298,2175.561948
477,0,16.462,9.0334,7.8328,14.1958,16.8437,3.8506,12.6045,0.8758,37.56,-542.68,52.323,2167.96738
478,0,16.0913,8.745,7.9419,14.0044,16.8777,3.8564,12.6292,0.8778,37.68,-544.762,52.328,2540.407125
479,0,17.2486,8.9088,8.6438,14.296,16.9113,3.8627,12.6539,0.8762,37.7,-546.729,52.39,2462.529347
480,0,17.3532,8.7838,9.0133,14.1561,16.9445,3.869,12.6786,0.8766,37.66,-545.545,52.324,2207.200809
481,0,16.969,8.633,8.9634,13.9726,16.9778,3.8754,12.7032,0.8752,37.67,-545.601,52.384,2557.886746
482,0,18.3563,8.7298,9.9888,14.2377,17.0116,3.8814,12.7279,0.8766,37.64,-549.067,52.329,2271.470733
483,0,17.0098,8.5941,8.9706,14.045,17.0458,3.8874,12.7526,0.8714,37.65,-552.983,52.265,2240.255725
484,0,17.8059,8.7647,9.4728,14.1684,17.0796,3.8931,12.7773,0.8798,37.72,-554.17,52.423,1909.314256
485,0,17.6653,8.8315,9.2871,14.1467,17.1129,3.8992,12.8017,0.8791,37.45,-550.672,52.453,2119.581341
486,0,16.6659,9.2019,7.8684,14.1956,17.1464,3.9051,12.8264,0.8782,37.7,-550.579,52.469,2278.157953
487,0,16.359,9.1565,7.6912,14.1113,17.18,3.911,12.8512,0.8814,37.69,-554.375,52.47,2676.572602
488,0,16.4497,9.7389,6.8684,14.4424,17.2134,3.9169,12.8757,0.8816,37.52,-554.357,52.489,2322.895727
489,0,16.127,9.5787,6.8071,14.3411,17.2474,3.9228,12.9008,0.8808,38.0,-557.485,52.474,1925.118482
490,0,16.0429,9.6969,6.637,14.309,17.2809,3.9288,12.9255,0.8818,37.74,-560.531,52.5,2461.579959
491,0,15.7756,9.5603,6.622,14.1934,17.3146,3.9347,12.9504,0.8809,37.8,-560.454,52.548,2292.208389
492,0,15.8869,9.3027,7.0972,14.0871,17.3482,3.9406,12.9751,0.8753,37.64,-560.157,52.417,2238.671372
493,0,15.8049,9.0281,7.417,13.9599,17.3812,3.9468,12.9994,0.8757,37.37,-557.525,52.465,2329.686711
494,0,15.101,8.7156,7.3522,13.6331,17.4143,3.9532,13.0239,0.8716,37.48,-556.13,52.438,2322.110947
495,0,15.9667,8.8454,7.871,13.8503,17.448,3.9592,13.0486,0.874,37.68,-560.944,52.378,1886.854373
496,0,16.6314,9.4122,7.624,14.1952,17.4813,3.965,13.0732,0.8828,37.57,-562.983,52.464,2473.046228
497,0,15.8621,9.0656,7.7199,13.6766,17.5148,3.9707,13.0976,0.8827,37.45,-561.889,52.429,2723.274683
498,0,14.9147,8.6404,7.4929,13.3814,17.5483,3.9763,13.122,0.876,37.4,-563.7,52.343,2418.816099
499,0,14.9706,8.9973,6.9869,13.5864,17.5819,3.9821,13.1466,0.8762,37.61,-564.56,52.324,2675.988899
500,0,15.5479,9.0929,7.237,13.818,17.616,3.9871,13.1712,0.8803,37.62,-568.678,52.421,2255.527505
501,0,16.1552,8.9949,7.8628,13.8976,17.6494,3.9929,13.1958,0.8776,37.57,-569.521,52.398,2348.742352
502,0,16.707,9.3012,7.8794,14.1263,17.6836,3.9985,13.2207,0.8791,37.85,-572.968,52.484,2066.961003
503,0,16.2959,9.0215,8.0006,13.8738,17.7172,4.0044,13.2452,0.8777,37.5,-573.609,52.387,2546.178855
504,0,16.5597,8.8338,8.4107,13.9152,17.7509,4.0098,13.2698,0.8795,37.59,-572.542,52.474,2380.245977
505,0,16.2872,8.4827,8.5846,13.8199,17.7851,4.0151,13.2945,0.8749,37.66,-575.404,52.406,2737.618297
506,0,16.1596,8.5192,8.4501,13.7903,17.8195,4.0209,13.3195,0.8784,37.91,-581.299,52.498,2223.353502
507,0,16.513,8.7599,8.4058,13.9472,17.8539,4.0262,13.3442,0.8814,37.7,-583.193,52.53,2154.51132
508,0,17.1128,9.0644,8.5209,14.1275,17.8884,4.0315,13.3689,0.8862,37.68,-583.864,52.622,2776.470553
509,0,17.9237,9.4664,8.6902,14.3671,17.923,4.0375,13.3937,0.889,37.75,-585.881,52.691,2707.627083
510,0,18.1208,9.4497,8.9131,14.358,17.9576,4.0429,13.4185,0.8913,37.77,-588.542,52.644,2437.913806
511,0,17.5111,9.379,8.4764,14.2557,17.9922,4.0485,13.4433,0.89,37.81,-589.67,52.489,2607.539685
512,0,17.4994,9.9266,7.7725,14.4003,18.0274,4.0534,13.4681,0.895,37.76,-592.527,52.646,2127.142962
513,0,17.3132,9.9932,7.5843,14.3357,18.0632,4.0583,13.4932,0.8916,37.99,-599.026,52.526,2130.159906
514,0,17.4581,10.1465,7.4403,14.4714,18.0982,4.0641,13.5182,0.8925,37.91,-600.843,52.585,2190.981861
515,0,18.2874,10.1887,7.8773,14.8214,18.1334,4.0688,13.5433,0.8902,38.05,-599.603,52.529,2501.123334
516,0,17.583,9.8145,7.8427,14.5258,18.1679,4.0741,13.5684,0.886,38.02,-599.018,52.481,2424.433172
517,0,17.9608,10.3269,7.4133,14.8206,18.2026,4.0797,13.5936,0.8872,38.06,-598.834,52.539,2587.381221
518,0,18.2108,10.0477,8.0218,14.7414,18.2373,4.0852,13.6186,0.8855,37.94,-600.51,52.521,2951.124449
519,0,18.167,10.0476,8.0682,14.6512,18.2717,4.0911,13.6436,0.8853,37.94,-600.649,52.509,2453.82805
520,0,17.7703,10.0399,7.756,14.5744,18.3059,4.0969,13.6685,0.8839,37.9,-599.419,52.478,2584.682102
521,0,17.476,9.9399,7.5173,14.6188,18.3407,4.1023,13.6936,0.8851,37.99,-600.736,52.444,3056.104983
522,0,17.9871,10.1887,7.6612,14.7371,18.3756,4.1075,13.7186,0.8882,37.96,-604.915,52.523,2945.92547
523,0,17.716,10.2376,7.5197,14.5588,18.4096,4.113,13.7435,0.8928,37.83,-603.55,52.706,2482.295546
524,0,16.8488,9.994,7.1817,14.2731,18.4445,4.1181,13.7685,0.892,37.95,-603.44,52.712,2704.640038
525,0,16.7897,9.949,7.194,14.2468,18.4791,4.1233,13.7934,0.8904,37.79,-606.279,52.719,2940.92883
526,0,16.7447,10.0717,7.0095,14.2635,18.5132,4.1288,13.8179,0.8935,37.53,-602.743,52.784,2895.044026
527,0,15.9404,9.5166,7.1083,13.9155,18.5474,4.1342,13.8428,0.8902,37.89,-603.09,52.815,2442.396166
528,0,17.0553,10.068,7.2926,14.2947,18.5818,4.1395,13.8676,0.8939,37.8,-606.454,52.763,3204.267607
529,0,16.5102,9.8174,7.2529,14.0399,18.6162,4.1451,13.8925,0.8969,37.82,-608.206,52.827,2640.916219
530,0,16.4984,10.0983,6.7808,14.2193,18.651,4.1508,13.9174,0.8967,37.82,-613.071,52.811,2962.907189
531,0,15.7536,9.5699,6.9345,13.8492,18.6855,4.1563,13.9423,0.8896,37.85,-613.092,52.628,3356.911327
532,0,16.12,9.5134,7.3818,13.8247,18.7197,4.1623,13.9671,0.8951,37.79,-612.266,52.787,2137.290683
533,0,15.8485,9.4229,7.3014,13.7242,18.7536,4.1678,13.9918,0.8907,37.65,-611.583,52.672,2833.926113
534,0,15.4616,9.129,7.4949,13.4378,18.7877,4.1735,14.0163,0.8906,37.56,-610.26,52.673,2734.52279
535,0,16.3757,9.4652,7.8004,13.7101,18.8216,4.1795,14.041,0.8938,37.64,-611.29,52.684,2161.654014
536,0,17.1732,10.2111,7.442,14.1201,18.8562,4.1851,14.066,0.897,37.9,-616.293,52.729,2560.949931
537,0,16.7739,10.0277,7.4318,13.9145,18.8904,4.191,14.0907,0.8939,37.69,-617.785,52.737,3108.092568
538,0,17.2923,10.1291,7.4797,14.2836,18.9247,4.1967,14.1153,0.896,37.61,-617.156,52.738,3162.56227
539,0,16.7188,9.8891,7.2988,14.1309,18.9585,4.2027,14.1397,0.8883,37.45,-616.192,52.73,2551.383204
540,0,16.8954,10.173,6.9555,14.367,18.9923,4.2083,14.1644,0.8886,37.63,-614.935,52.712,2791.020485
541,0,17.2178,10.4892,6.7578,14.5708,19.0265,4.2141,14.1891,0.8911,37.7,-618.399,52.727,2990.224491
542,0,16.8825,10.3973,6.7491,14.3362,19.0607,4.2198,14.2139,0.8912,37.76,-621.722,52.736,2357.646334
543,0,17.1502,10.427,6.9957,14.3275,19.0946,4.2262,14.2385,0.8883,37.62,-622.486,52.657,3087.385392
544,0,16.9976,10.4282,6.9223,14.2471,19.1288,4.232,14.2633,0.887,37.79,-623.233,52.719,2860.64872
545,0,16.5339,10.3867,6.5217,14.2255,19.1634,4.2378,14.2884,0.8848,37.95,-628.501,52.647,3035.072502
546,0,17.3322,10.6243,6.6486,14.6593,19.1981,4.2435,14.3133,0.8794,37.85,-631.959,52.52,3004.053819
547,0,18.14,10.5441,7.4719,14.7241,19.2322,4.2492,14.3381,0.886,37.8,-630.653,52.634,3044.841437
548,0,17.9709,10.0177,7.9805,14.5727,19.2664,4.2553,14.3629,0.8761,37.78,-628.914,52.423,3209.587264
549,0,18.0606,9.8613,8.3625,14.4368,19.3003,4.2615,14.3878,0.8814,37.84,-630.453,52.534,2696.84598
550,0,17.1971,9.9324,7.6435,14.2212,19.3345,4.2674,14.4128,0.8785,37.88,-631.098,52.54,3146.691799
551,0,16.7051,9.6102,7.8185,13.8764,19.3678,4.2736,14.4373,0.8815,37.58,-628.976,52.563,2964.044752
552,0,19.128,10.0147,9.1116,14.6017,19.402,4.2795,14.4623,0.8805,37.95,-630.892,52.48,2558.689147
553,0,20.9092,9.7225,10.9058,14.8809,19.436,4.2853,14.4871,0.8822,37.78,-634.857,52.562,3058.59079
554,0,20.5417,9.9086,10.3784,14.8547,19.4703,4.2909,14.5121,0.8883,37.95,-635.848,52.581,2814.87899
555,0,21.0104,9.7414,10.9744,14.8947,19.5039,4.297,14.537,0.8873,37.8,-635.805,52.604,3190.051658
556,0,19.1963,9.7622,9.3402,14.6939,19.5375,4.3032,14.5619,0.8817,37.85,-634.222,52.42,2655.284658
557,0,17.7434,9.877,7.9771,14.4893,19.5715,4.3095,14.5867,0.8812,37.77,-637.443,52.369,3043.502664
558,0,17.901,10.5986,7.1193,14.7831,19.6052,4.3159,14.6116,0.8847,37.85,-638.214,52.407,3303.962815
559,0,18.8019,10.4346,8.1786,14.7887,19.6386,4.3229,14.6367,0.8852,37.99,-639.385,52.423,3091.828731
560,0,18.6491,10.9466,7.3344,14.9681,19.6725,4.3296,14.6618,0.8824,37.99,-642.217,52.439,2970.508592
561,0,19.0715,11.185,7.3545,15.1319,19.7066,4.3354,14.6866,0.8865,37.81,-644.355,52.445,3454.398952
562,0,18.3515,11.2386,6.6936,15.0193,19.7406,4.3418,14.7116,0.8849,37.91,-644.369,52.457,2933.163173
563,0,19.239,10.3879,8.7071,14.744,19.774,4.3482,14.7364,0.8804,37.75,-643.288,52.372,3193.352858
564,0,19.5833,10.394,8.8874,14.9019,19.8078,4.3542,14.7612,0.8828,37.77,-643.925,52.46,2817.405126
565,0,19.1171,10.5873,8.2818,14.8479,19.8414,4.3603,14.7859,0.8824,37.69,-644.871,52.475,2887.513667
566,0,19.2694,10.9019,7.827,15.1406,19.8755,4.3662,14.8108,0.8812,37.88,-647.247,52.415,2964.743301
567,0,18.7153,11.5275,5.9295,15.2878,19.909,4.3727,14.8359,0.8872,38.0,-649.098,52.49,3350.508198
