b_bar,method,condition,share_of_seconds,extra_tiles,extra_stall
10.0,"literature, tuned to our budgets",outage,0.1416839333506,0.007540559067712697,0.02323823251053776
10.0,"literature, tuned to our budgets",tight,0.052253302253302256,0.20921106980586535,0.04026624412216873
10.0,"literature, tuned to our budgets",comfortable,0.8060627643960977,2.007363474488908,0.024826760048033424
10.0,RL estimate,outage,0.1416839333506,0.0,0.005531981525624539
10.0,RL estimate,tight,0.052253302253302256,0.0,0.013535133727133523
10.0,RL estimate,comfortable,0.8060627643960977,8.062080784009211,0.03033870992168238
10.0,"RL estimate, direction-blind (today's observation)",outage,0.1416839333506,0.0,0.005689413570991539
10.0,"RL estimate, direction-blind (today's observation)",tight,0.052253302253302256,0.0,0.013821450230093735
10.0,"RL estimate, direction-blind (today's observation)",comfortable,0.8060627643960977,8.35347355173845,0.03194011422874169
11.0,"literature, tuned to our budgets",outage,0.1416839333506,0.007540559067712697,0.02323823251053776
11.0,"literature, tuned to our budgets",tight,0.052253302253302256,0.20921106980586535,0.04026624412216873
11.0,"literature, tuned to our budgets",comfortable,0.8060627643960977,2.007363474488908,0.024826760048033424
11.0,RL estimate,outage,0.1416839333506,0.0,0.005682134047643494
11.0,RL estimate,tight,0.052253302253302256,0.0,0.014505903449928734
11.0,RL estimate,comfortable,0.8060627643960977,10.481584619710013,0.03737343369582436
11.0,"RL estimate, direction-blind (today's observation)",outage,0.1416839333506,0.0,0.005689413570991539
11.0,"RL estimate, direction-blind (today's observation)",tight,0.052253302253302256,0.0,0.014511123948516847
11.0,"RL estimate, direction-blind (today's observation)",comfortable,0.8060627643960977,11.337300684133721,0.039345058178497906
12.0,"literature, tuned to our budgets",outage,0.1416839333506,0.007540559067712697,0.02323823251053776
12.0,"literature, tuned to our budgets",tight,0.052253302253302256,0.20921106980586535,0.04026624412216873
12.0,"literature, tuned to our budgets",comfortable,0.8060627643960977,2.007363474488908,0.024826760048033424
12.0,RL estimate,outage,0.1416839333506,0.0,0.0057359934324578915
12.0,RL estimate,tight,0.052253302253302256,0.0,0.014645234205449385
12.0,RL estimate,comfortable,0.8060627643960977,12.599748303053834,0.043872062610711714
12.0,"RL estimate, direction-blind (today's observation)",outage,0.1416839333506,0.0,0.005689413570991539
12.0,"RL estimate, direction-blind (today's observation)",tight,0.052253302253302256,0.0,0.0145889634842028
12.0,"RL estimate, direction-blind (today's observation)",comfortable,0.8060627643960977,12.821429049576265,0.04302770878559742
10.0,oracle,outage,0.1416839333506,0.5838220732729072,0.07637879698881278
10.0,oracle,tight,0.052253302253302256,0.5788930194134655,0.023441951166352844
10.0,oracle,comfortable,0.8060627643960977,3.1725462894782646,0.00017924036852395508
11.0,oracle,outage,0.1416839333506,0.5838220732729072,0.07637879698881278
11.0,oracle,tight,0.052253302253302256,0.5788930194134655,0.023441951166352844
11.0,oracle,comfortable,0.8060627643960977,3.1725462894782646,0.00017924036852395508
12.0,oracle,outage,0.1416839333506,0.5838220732729072,0.07637879698881278
12.0,oracle,tight,0.052253302253302256,0.5788930194134655,0.023441951166352844
12.0,oracle,comfortable,0.8060627643960977,3.1725462894782646,0.00017924036852395508
