split,allowance,b_bar,allowed_tiles,method,choice,psnr,cov,avoidable_stall,J_D,J_B,tiles,extra_tiles,stall_pct,qvar_dB,bits_Mbit,within_budgets
val,0.1,10.0,21.08128673746105,oracle (actual viewport + future link),,55.0348817644672,0.9670345605321081,0.09999999501976475,2.567230170229362,7.836472783942907,16.520292976861008,2.494912910428173,18.94066340122024,1.3609937458546548,151.51382468660307,True
val,0.1,10.0,21.08128673746105,"RL estimate, perfect viewport",tau q0 a 0.7 reserve 0.25,54.913121099211146,0.956176864602684,0.10191832938240308,2.5691485045920004,7.798572218823118,16.4403937087808,2.415013642347965,19.082452522127696,1.5294532539735106,150.74332726896967,False
val,0.1,10.0,21.08128673746105,RL estimate,fine q0.65 a 0.5 reserve 2.0 link now,53.83707661075394,0.9205181423911513,0.07403827292760612,2.5412684481372034,9.505836314170551,20.039526101839925,6.014146035407091,18.866546360745893,2.997204792238759,186.5383608082839,True
val,0.1,10.0,21.08128673746105,"RL estimate, direction-blind (today's observation)",blind tau q3 a 0.5 reserve 2.0 link now,53.56455962114525,0.9144846054748784,0.0773067868311923,2.5445369620407896,9.602285904705743,20.242854249218237,6.217474182785402,18.91058692102776,3.270088759157337,188.7427980905732,True
val,0.1,10.0,21.08128673746105,"uniform, same bits as RL estimate (all 64 tiles)",all 64 tiles,52.749023902324886,1.0,0.0632483496025178,2.530478524812115,30.35867819504262,63.99999999999999,49.974619933567155,18.775242760161554,0.5055870247589893,186.13244456182866,True
val,0.1,10.0,21.08128673746105,"literature, tuned to our budgets","threshold, margin 0.35x",52.36582186619544,0.8559116111209845,0.08241306613163957,2.549643241341237,7.362201002922969,15.520467036144243,1.4950869697114086,19.12219644238205,4.76401990247412,142.70559604227896,True
val,0.1,10.0,21.08128673746105,predicted viewport only,,51.743299145247576,0.8294317664439023,0.0,2.4672301752095973,6.6528640989349705,14.025093569500855,-0.00028649693197912995,18.39821259774856,5.295441719150363,129.073386962963,True
val,0.1,10.0,21.08128673746105,QER 120x60 (MMSP),,52.34239901588459,0.8534792723976018,0.7192765515865558,3.186506726796153,7.658837931880667,16.14581585177195,2.120435785339115,23.544513190684874,4.654549968427583,148.04166785185186,False
val,0.1,10.0,21.08128673746105,QER 160x80 (MMSP),,53.01970477491328,0.8860519281074785,1.1640601640822648,3.631290339291862,8.443504118101908,17.79999313826395,3.7746130718311157,24.683122797971976,4.204809486507188,162.41373155555556,False
val,0.1,10.0,21.08128673746105,QER 200x100 (MMSP),,54.092067495518656,0.9285386603240744,3.393848058041956,5.861078233251553,16.123343586791535,33.99008293197561,19.964702865542773,29.52113946893528,3.077991114754279,257.9260735555556,False
val,0.1,10.0,21.08128673746105,"average-based, bounds 30/15 (MMSP)",,53.72342350719133,0.91534571279321,2.272207353437247,4.739437528646844,11.74846004387071,24.767265490844263,10.741885424411429,26.85077769184497,3.1855833656159263,202.1715080740741,False
val,0.1,10.0,21.08128673746105,"average-based, fitted to our error data (MMSP rule)",,53.94462141506684,0.9235525123304196,1.903114767516438,4.370344942726035,9.78348956365662,20.62485487844029,6.599474812007454,26.073085846867738,3.2446511237341427,186.6561833333333,False
val,0.1,10.0,21.08128673746105,"threshold 10 s base layer, enlarged viewport (ASL360, adapted)",,53.37573423846642,0.899114797703681,0.26180718171076567,2.729037356920363,8.853266224671307,18.66382438453751,4.638444318104675,20.55620005155968,3.787169876821592,170.28975883844632,False
val,0.1,11.0,23.189415411207154,oracle (actual viewport + future link),,55.0348817644672,0.9670345605321081,0.09999999501976475,2.567230170229362,7.836472783942907,16.520292976861008,2.494912910428173,18.94066340122024,1.3609937458546548,151.51382468660307,True
val,0.1,11.0,23.189415411207154,"RL estimate, perfect viewport",tau q0 a 0.7 reserve 0.25,54.913121099211146,0.956176864602684,0.10191832938240308,2.5691485045920004,7.798572218823118,16.4403937087808,2.415013642347965,19.082452522127696,1.5294532539735106,150.74332726896967,False
val,0.1,11.0,23.189415411207154,RL estimate,fine q0.55 a 0.5 reserve 2.0 link now,54.106293506919165,0.9276251379759407,0.08942108154914052,2.556651256758738,10.35422125482796,21.828030721614198,7.802650655181363,18.96859156139898,2.650074742530302,200.25475062198157,True
val,0.1,11.0,23.189415411207154,"RL estimate, direction-blind (today's observation)",blind fine q0.65 a 0.5 reserve 2.0 link now,53.83988837633457,0.9248582008153516,0.0934635545997562,2.5606937298093535,10.657033687000695,22.46639829264434,8.441018226211504,18.999742201598345,2.8812916462260887,205.2397972845235,True
val,0.1,11.0,23.189415411207154,"uniform, same bits as RL estimate (all 64 tiles)",all 64 tiles,52.907667592349746,1.0,0.07873189100106748,2.545962066210665,30.35867819504262,63.99999999999999,49.974619933567155,18.880510440835263,0.5036728153088418,199.82937600395292,True
val,0.1,11.0,23.189415411207154,"literature, tuned to our budgets","threshold, margin 0.35x",52.36582186619544,0.8559116111209845,0.08241306613163957,2.549643241341237,7.362201002922969,15.520467036144243,1.4950869697114086,19.12219644238205,4.76401990247412,142.70559604227896,True
val,0.1,11.0,23.189415411207154,predicted viewport only,,51.743299145247576,0.8294317664439023,0.0,2.4672301752095973,6.6528640989349705,14.025093569500855,-0.00028649693197912995,18.39821259774856,5.295441719150363,129.073386962963,True
val,0.1,11.0,23.189415411207154,QER 120x60 (MMSP),,52.34239901588459,0.8534792723976018,0.7192765515865558,3.186506726796153,7.658837931880667,16.14581585177195,2.120435785339115,23.544513190684874,4.654549968427583,148.04166785185186,False
val,0.1,11.0,23.189415411207154,QER 160x80 (MMSP),,53.01970477491328,0.8860519281074785,1.1640601640822648,3.631290339291862,8.443504118101908,17.79999313826395,3.7746130718311157,24.683122797971976,4.204809486507188,162.41373155555556,False
val,0.1,11.0,23.189415411207154,QER 200x100 (MMSP),,54.092067495518656,0.9285386603240744,3.393848058041956,5.861078233251553,16.123343586791535,33.99008293197561,19.964702865542773,29.52113946893528,3.077991114754279,257.9260735555556,False
val,0.1,11.0,23.189415411207154,"average-based, bounds 30/15 (MMSP)",,53.72342350719133,0.91534571279321,2.272207353437247,4.739437528646844,11.74846004387071,24.767265490844263,10.741885424411429,26.85077769184497,3.1855833656159263,202.1715080740741,False
val,0.1,11.0,23.189415411207154,"average-based, fitted to our error data (MMSP rule)",,53.94462141506684,0.9235525123304196,1.903114767516438,4.370344942726035,9.78348956365662,20.62485487844029,6.599474812007454,26.073085846867738,3.2446511237341427,186.6561833333333,False
val,0.1,11.0,23.189415411207154,"threshold 10 s base layer, enlarged viewport (ASL360, adapted)",,53.37573423846642,0.899114797703681,0.26180718171076567,2.729037356920363,8.853266224671307,18.66382438453751,4.638444318104675,20.55620005155968,3.787169876821592,170.28975883844632,False
val,0.1,12.0,25.29754408495326,oracle (actual viewport + future link),,55.0348817644672,0.9670345605321081,0.09999999501976475,2.567230170229362,7.836472783942907,16.520292976861008,2.494912910428173,18.94066340122024,1.3609937458546548,151.51382468660307,True
val,0.1,12.0,25.29754408495326,"RL estimate, perfect viewport",tau q0 a 0.7 reserve 0.25,54.913121099211146,0.956176864602684,0.10191832938240308,2.5691485045920004,7.798572218823118,16.4403937087808,2.415013642347965,19.082452522127696,1.5294532539735106,150.74332726896967,False
val,0.1,12.0,25.29754408495326,RL estimate,fine q0.45 a 0.5 reserve 2.0 link now,54.297912483863584,0.935178712267705,0.10233682746089956,2.569567002670497,11.11105464852208,23.423532900109347,9.398152833676512,19.066340122024574,2.382730954677698,212.54432984686778,False
val,0.1,12.0,25.29754408495326,"RL estimate, direction-blind (today's observation)",blind fine q0.6 a 0.5 reserve 2.0 link now,53.965830803608334,0.9333002649241157,0.09860234226750997,2.5658325174771073,11.18153426831681,23.57211300751334,9.546732941080506,19.036263641832086,2.7825845704612866,211.24920660952137,True
val,0.1,12.0,25.29754408495326,"uniform, same bits as RL estimate (all 64 tiles)",all 64 tiles,53.03198424061839,1.0,0.09137911191363424,2.5586092871232315,30.35867819504262,63.99999999999999,49.974619933567155,18.964294921371483,0.5236266244963675,212.10702384050873,True
val,0.1,12.0,25.29754408495326,"literature, tuned to our budgets","threshold, margin 0.35x",52.36582186619544,0.8559116111209845,0.08241306613163957,2.549643241341237,7.362201002922969,15.520467036144243,1.4950869697114086,19.12219644238205,4.76401990247412,142.70559604227896,True
val,0.1,12.0,25.29754408495326,predicted viewport only,,51.743299145247576,0.8294317664439023,0.0,2.4672301752095973,6.6528640989349705,14.025093569500855,-0.00028649693197912995,18.39821259774856,5.295441719150363,129.073386962963,True
val,0.1,12.0,25.29754408495326,QER 120x60 (MMSP),,52.34239901588459,0.8534792723976018,0.7192765515865558,3.186506726796153,7.658837931880667,16.14581585177195,2.120435785339115,23.544513190684874,4.654549968427583,148.04166785185186,False
val,0.1,12.0,25.29754408495326,QER 160x80 (MMSP),,53.01970477491328,0.8860519281074785,1.1640601640822648,3.631290339291862,8.443504118101908,17.79999313826395,3.7746130718311157,24.683122797971976,4.204809486507188,162.41373155555556,False
val,0.1,12.0,25.29754408495326,QER 200x100 (MMSP),,54.092067495518656,0.9285386603240744,3.393848058041956,5.861078233251553,16.123343586791535,33.99008293197561,19.964702865542773,29.52113946893528,3.077991114754279,257.9260735555556,False
val,0.1,12.0,25.29754408495326,"average-based, bounds 30/15 (MMSP)",,53.72342350719133,0.91534571279321,2.272207353437247,4.739437528646844,11.74846004387071,24.767265490844263,10.741885424411429,26.85077769184497,3.1855833656159263,202.1715080740741,False
val,0.1,12.0,25.29754408495326,"average-based, fitted to our error data (MMSP rule)",,53.94462141506684,0.9235525123304196,1.903114767516438,4.370344942726035,9.78348956365662,20.62485487844029,6.599474812007454,26.073085846867738,3.2446511237341427,186.6561833333333,False
val,0.1,12.0,25.29754408495326,"threshold 10 s base layer, enlarged viewport (ASL360, adapted)",,53.37573423846642,0.899114797703681,0.26180718171076567,2.729037356920363,8.853266224671307,18.66382438453751,4.638444318104675,20.55620005155968,3.787169876821592,170.28975883844632,False
test,0.1,10.0,21.08128673746105,oracle (actual viewport + future link),,55.22791365700957,0.9748563446458365,0.09999998852368974,1.998172264756045,7.908461807464452,16.67205510154176,2.646675035108924,14.731718898385562,1.130797328406663,152.85673811499612,True
test,0.1,10.0,21.08128673746105,"RL estimate, perfect viewport",tau q0 a 0.7 reserve 0.25,55.1215652588838,0.964593009948798,0.10726583227085151,2.0054381085032067,7.873234519219316,16.59779144509387,2.572411378661034,15.040360873694208,1.2911332586877478,152.15381510688076,False
test,0.1,10.0,21.08128673746105,RL estimate,fine q0.65 a 0.5 reserve 2.0 link now,53.979676972766775,0.9265890404136956,0.049405825174440476,1.9475781014067957,9.696801728251225,20.442105766957194,6.41672570052436,14.588189588189588,2.8449171912453264,190.46084423258222,True
test,0.1,10.0,21.08128673746105,"RL estimate, direction-blind (today's observation)",blind tau q3 a 0.5 reserve 2.0 link now,53.68704520563147,0.9201336803154102,0.05145097802982712,1.9496232542621823,9.80099428741847,20.661757088528653,6.636377022095818,14.6043771043771,3.134125529348468,192.8233092179919,True
test,0.1,10.0,21.08128673746105,"uniform, same bits as RL estimate (all 64 tiles)",all 64 tiles,52.81440765850659,1.0,0.040646814332924386,1.9388190905652796,30.358678195042618,63.999999999999986,49.974619933567155,14.511568678235344,0.4862620067349632,190.04538415609085,True
test,0.1,10.0,21.08128673746105,"literature, tuned to our budgets","threshold, margin 0.35x",52.4063967693985,0.8576320879465433,0.08833123668073983,1.986503512913095,7.407886496624815,15.61677793539135,1.5913978689585146,15.000431667098333,4.729230771788836,143.58207339851506,True
test,0.1,10.0,21.08128673746105,predicted viewport only,,51.743299145247576,0.8294317664439024,0.0,1.8981722762323552,6.65286409893497,14.025093569500854,-0.0002864969319809063,14.16839333506,5.295441719150363,129.07338696296296,True
test,0.1,10.0,21.08128673746105,QER 120x60 (MMSP),,52.34239901588458,0.8534792723976017,0.6067111746988687,2.504883450931224,7.658837931880667,16.14581585177195,2.120435785339115,18.696581196581192,4.654549968427584,148.04166785185186,False
test,0.1,10.0,21.08128673746105,QER 160x80 (MMSP),,53.019704774913286,0.8860519281074783,0.9842309423483464,2.8824032185807016,8.443504118101906,17.799993138263947,3.774613071831112,19.801648968315625,4.204809486507187,162.41373155555556,False
test,0.1,10.0,21.08128673746105,QER 200x100 (MMSP),,54.092067495518656,0.928538660324074,2.927204660578015,4.82537693681037,16.123343586791535,33.99008293197561,19.964702865542773,24.460416127082784,3.07799111475428,257.92607355555555,False
test,0.1,10.0,21.08128673746105,"average-based, bounds 30/15 (MMSP)",,53.72342350719133,0.91534571279321,1.932709514481801,3.830881790714156,11.748460043870711,24.767265490844267,10.741885424411432,21.74738841405508,3.1855833656159267,202.1715080740741,False
test,0.1,10.0,21.08128673746105,"average-based, fitted to our error data (MMSP rule)",,53.94462141506684,0.9235525123304198,1.6249341166931985,3.5231063929255537,9.783489563656625,20.6248548784403,6.599474812007465,21.131183631183625,3.2446511237341418,186.6561833333333,False
test,0.1,10.0,21.08128673746105,"threshold 10 s base layer, enlarged viewport (ASL360, adapted)",,53.48205715553614,0.9036593003744038,0.25816947883964425,2.1563417550719994,8.99620808663446,18.96516422242069,4.939784155987855,16.38932055598722,3.68805063929434,172.97435055451956,False
test,0.1,11.0,23.189415411207154,oracle (actual viewport + future link),,55.22791365700957,0.9748563446458365,0.09999998852368974,1.998172264756045,7.908461807464452,16.67205510154176,2.646675035108924,14.731718898385562,1.130797328406663,152.85673811499612,True
test,0.1,11.0,23.189415411207154,"RL estimate, perfect viewport",tau q0 a 0.7 reserve 0.25,55.1215652588838,0.964593009948798,0.10726583227085151,2.0054381085032067,7.873234519219316,16.59779144509387,2.572411378661034,15.040360873694208,1.2911332586877478,152.15381510688076,False
test,0.1,11.0,23.189415411207154,RL estimate,fine q0.55 a 0.5 reserve 2.0 link now,54.26903208738,0.9341724028781035,0.057561471193396496,1.9557337474257517,10.602788630896457,22.352042734462028,8.326662668029194,14.645385478718811,2.47209879693753,205.1122532880946,True
test,0.1,11.0,23.189415411207154,"RL estimate, direction-blind (today's observation)",blind fine q0.65 a 0.5 reserve 2.0 link now,53.97915543802917,0.9311239940313863,0.05954559569800644,1.9577178719303616,10.925716736311193,23.032816733045337,9.007436666612502,14.665889665889665,2.7240123637791114,210.41623482008114,True
test,0.1,11.0,23.189415411207154,"uniform, same bits as RL estimate (all 64 tiles)",all 64 tiles,52.984243525257654,1.0,0.048808597970087186,1.9469808742024424,30.358678195042618,63.999999999999986,49.974619933567155,14.563368730035393,0.48584358872356354,204.67535488975224,True
test,0.1,11.0,23.189415411207154,"literature, tuned to our budgets","threshold, margin 0.35x",52.4063967693985,0.8576320879465433,0.08833123668073983,1.986503512913095,7.407886496624815,15.61677793539135,1.5913978689585146,15.000431667098333,4.729230771788836,143.58207339851506,True
test,0.1,11.0,23.189415411207154,predicted viewport only,,51.743299145247576,0.8294317664439024,0.0,1.8981722762323552,6.65286409893497,14.025093569500854,-0.0002864969319809063,14.16839333506,5.295441719150363,129.07338696296296,True
test,0.1,11.0,23.189415411207154,QER 120x60 (MMSP),,52.34239901588458,0.8534792723976017,0.6067111746988687,2.504883450931224,7.658837931880667,16.14581585177195,2.120435785339115,18.696581196581192,4.654549968427584,148.04166785185186,False
test,0.1,11.0,23.189415411207154,QER 160x80 (MMSP),,53.019704774913286,0.8860519281074783,0.9842309423483464,2.8824032185807016,8.443504118101906,17.799993138263947,3.774613071831112,19.801648968315625,4.204809486507187,162.41373155555556,False
test,0.1,11.0,23.189415411207154,QER 200x100 (MMSP),,54.092067495518656,0.928538660324074,2.927204660578015,4.82537693681037,16.123343586791535,33.99008293197561,19.964702865542773,24.460416127082784,3.07799111475428,257.92607355555555,False
test,0.1,11.0,23.189415411207154,"average-based, bounds 30/15 (MMSP)",,53.72342350719133,0.91534571279321,1.932709514481801,3.830881790714156,11.748460043870711,24.767265490844267,10.741885424411432,21.74738841405508,3.1855833656159267,202.1715080740741,False
test,0.1,11.0,23.189415411207154,"average-based, fitted to our error data (MMSP rule)",,53.94462141506684,0.9235525123304198,1.6249341166931985,3.5231063929255537,9.783489563656625,20.6248548784403,6.599474812007465,21.131183631183625,3.2446511237341418,186.6561833333333,False
test,0.1,11.0,23.189415411207154,"threshold 10 s base layer, enlarged viewport (ASL360, adapted)",,53.48205715553614,0.9036593003744038,0.25816947883964425,2.1563417550719994,8.99620808663446,18.96516422242069,4.939784155987855,16.38932055598722,3.68805063929434,172.97435055451956,False
test,0.1,12.0,25.29754408495326,oracle (actual viewport + future link),,55.22791365700957,0.9748563446458365,0.09999998852368974,1.998172264756045,7.908461807464452,16.67205510154176,2.646675035108924,14.731718898385562,1.130797328406663,152.85673811499612,True
test,0.1,12.0,25.29754408495326,"RL estimate, perfect viewport",tau q0 a 0.7 reserve 0.25,55.1215652588838,0.964593009948798,0.10726583227085151,2.0054381085032067,7.873234519219316,16.59779144509387,2.572411378661034,15.040360873694208,1.2911332586877478,152.15381510688076,False
test,0.1,12.0,25.29754408495326,RL estimate,fine q0.45 a 0.5 reserve 2.0 link now,54.472169046436306,0.9421332287818597,0.06425329024861925,1.9624255664809744,11.406618255201256,24.04661901426553,10.021238947832696,14.69178969178969,2.1883194165110487,218.1621925413969,True
test,0.1,12.0,25.29754408495326,"RL estimate, direction-blind (today's observation)",blind fine q0.6 a 0.5 reserve 2.0 link now,54.11380678604227,0.9400922469405939,0.06330608584079189,1.961478362073147,11.48356306344447,24.208828570818948,10.183448504386114,14.687473020806355,2.6193714424472008,216.81133297910728,True
test,0.1,12.0,25.29754408495326,"uniform, same bits as RL estimate (all 64 tiles)",all 64 tiles,53.116448206513844,1.0,0.05525881771669705,1.9534310939490522,30.358678195042618,63.999999999999986,49.974619933567155,14.611931278597945,0.5072253860840501,217.71337337209704,True
test,0.1,12.0,25.29754408495326,"literature, tuned to our budgets","threshold, margin 0.35x",52.4063967693985,0.8576320879465433,0.08833123668073983,1.986503512913095,7.407886496624815,15.61677793539135,1.5913978689585146,15.000431667098333,4.729230771788836,143.58207339851506,True
test,0.1,12.0,25.29754408495326,predicted viewport only,,51.743299145247576,0.8294317664439024,0.0,1.8981722762323552,6.65286409893497,14.025093569500854,-0.0002864969319809063,14.16839333506,5.295441719150363,129.07338696296296,True
test,0.1,12.0,25.29754408495326,QER 120x60 (MMSP),,52.34239901588458,0.8534792723976017,0.6067111746988687,2.504883450931224,7.658837931880667,16.14581585177195,2.120435785339115,18.696581196581192,4.654549968427584,148.04166785185186,False
test,0.1,12.0,25.29754408495326,QER 160x80 (MMSP),,53.019704774913286,0.8860519281074783,0.9842309423483464,2.8824032185807016,8.443504118101906,17.799993138263947,3.774613071831112,19.801648968315625,4.204809486507187,162.41373155555556,False
test,0.1,12.0,25.29754408495326,QER 200x100 (MMSP),,54.092067495518656,0.928538660324074,2.927204660578015,4.82537693681037,16.123343586791535,33.99008293197561,19.964702865542773,24.460416127082784,3.07799111475428,257.92607355555555,False
test,0.1,12.0,25.29754408495326,"average-based, bounds 30/15 (MMSP)",,53.72342350719133,0.91534571279321,1.932709514481801,3.830881790714156,11.748460043870711,24.767265490844267,10.741885424411432,21.74738841405508,3.1855833656159267,202.1715080740741,False
test,0.1,12.0,25.29754408495326,"average-based, fitted to our error data (MMSP rule)",,53.94462141506684,0.9235525123304198,1.6249341166931985,3.5231063929255537,9.783489563656625,20.6248548784403,6.599474812007465,21.131183631183625,3.2446511237341418,186.6561833333333,False
test,0.1,12.0,25.29754408495326,"threshold 10 s base layer, enlarged viewport (ASL360, adapted)",,53.48205715553614,0.9036593003744038,0.25816947883964425,2.1563417550719994,8.99620808663446,18.96516422242069,4.939784155987855,16.38932055598722,3.68805063929434,172.97435055451956,False
