split,b_bar,method,gain_tile_budget_plus1,gain_stall_allowance_0p2,train_stall_used,train_tiles_used
val,10.0,"literature, tuned to our budgets",0.0,0.7300932957346333,0.8732216251155855,0.7293042232845294
val,10.0,RL estimate,0.2692168961652257,0.0,0.5254220301696266,0.9478514437108572
val,10.0,"RL estimate, direction-blind (today's observation)",0.2753287551893209,0.0,0.549909668382591,0.9418194937649131
val,10.0,"RL estimate, perfect viewport",0.0,0.04690582622506412,0.888307971276594,0.7619632570503573
val,11.0,"literature, tuned to our budgets",0.0,0.7300932957346333,0.8732216251155855,0.6630038393495722
val,11.0,RL estimate,0.19161897694441876,0.06914235405299252,0.6665212723105496,0.934215507139728
val,11.0,"RL estimate, direction-blind (today's observation)",0.12594242727376326,0.0,0.7193488276431226,0.9491128036585373
val,11.0,"RL estimate, perfect viewport",0.0,0.04690582622506412,0.888307971276594,0.6926938700457793
val,12.0,"literature, tuned to our budgets",0.0,0.7300932957346333,0.8732216251155855,0.6077535194037745
val,12.0,RL estimate,0.1011116329496744,0.050801382206678625,0.7925481922465738,0.9205052759704048
val,12.0,"RL estimate, direction-blind (today's observation)",0.20920330853027025,0.0437442909809036,0.7861275711797266,0.923933876320692
val,12.0,"RL estimate, perfect viewport",0.0,0.04690582622506412,0.888307971276594,0.6349693808752978
test,10.0,"literature, tuned to our budgets",0.0,0.7748231908439749,0.8732216251155855,0.7293042232845294
test,10.0,RL estimate,0.2893551146132225,0.0,0.5254220301696266,0.9478514437108572
test,10.0,"RL estimate, direction-blind (today's observation)",0.29211023239769673,0.0,0.549909668382591,0.9418194937649131
test,10.0,"RL estimate, perfect viewport",0.0,0.04794265614732751,0.888307971276594,0.7619632570503573
test,11.0,"literature, tuned to our budgets",0.0,0.7748231908439749,0.8732216251155855,0.6630038393495722
test,11.0,RL estimate,0.2031369590563088,0.0791836180186749,0.6665212723105496,0.934215507139728
test,11.0,"RL estimate, direction-blind (today's observation)",0.13465134801310086,0.0,0.7193488276431226,0.9491128036585373
test,11.0,"RL estimate, perfect viewport",0.0,0.04794265614732751,0.888307971276594,0.6926938700457793
test,12.0,"literature, tuned to our budgets",0.0,0.7748231908439749,0.8732216251155855,0.6077535194037745
test,12.0,RL estimate,0.10331755597763959,0.05841703266209919,0.7925481922465738,0.9205052759704048
test,12.0,"RL estimate, direction-blind (today's observation)",0.2201960070431639,0.05159617495850455,0.7861275711797266,0.923933876320692
test,12.0,"RL estimate, perfect viewport",0.0,0.04794265614732751,0.888307971276594,0.6349693808752978
val,10.0,oracle,,0.14337792790750115,,
val,11.0,oracle,,0.14337792790750115,,
val,12.0,oracle,,0.14337792790750115,,
test,10.0,oracle,,0.1580800548863408,,
test,11.0,oracle,,0.1580800548863408,,
test,12.0,oracle,,0.1580800548863408,,
