level,scale,b_bar,d_bar,windows,kappa,train_windows_kept,test_windows_kept,mean_rate_Mbps,pred_only_episodes_over_stall_budget,train_eps,test_eps
5,1.0,8.0,2.25,all,4.305037068039075,1.0,1.0,555.6657153729071,0.2614155251141553,480,876
5,1.0,12.0,2.25,all,4.305037068039075,1.0,1.0,555.6657153729071,0.2614155251141553,480,876
5,1.0,16.0,2.25,all,4.305037068039075,1.0,1.0,555.6657153729071,0.2614155251141553,480,876
5,1.0,8.0,2.57,all,4.305037068039075,1.0,1.0,555.6657153729071,0.2465753424657534,480,876
5,1.0,12.0,2.57,all,4.305037068039075,1.0,1.0,555.6657153729071,0.2465753424657534,480,876
5,1.0,16.0,2.57,all,4.305037068039075,1.0,1.0,555.6657153729071,0.2465753424657534,480,876
5,1.0,8.0,0.3,sustainable,5.615975967405932,0.5645549318364074,0.5821917808219178,724.8730392156862,0.013725490196078431,480,510
5,1.0,12.0,0.3,sustainable,5.615975967405932,0.5645549318364074,0.5821917808219178,724.8730392156862,0.013725490196078431,480,510
5,1.0,16.0,0.3,sustainable,5.615975967405932,0.5645549318364074,0.5821917808219178,724.8730392156862,0.013725490196078431,480,510
