level,scale,b_bar,d_bar,windows,kappa,method,kind,choice,within_budgets,J_cov,J_psnr,J_D,J_B,cov,psnr,extra,useful,bits,stall_pct,qvar_dB,buffer_seg
5,1.0,8.0,2.25,all,4.305037068039075,predicted viewport only,published,,True,25.191205639356365,1570.9906335566127,2.014212925107798,6.6528640989349705,0.8294317664439022,51.74329914524756,0.0,0.0,129073386.96296297,14.722856418061896,5.295441719150364,61.478999337211114
5,1.0,8.0,2.25,all,4.305037068039075,QER 120x60 (MMSP),published,,False,25.89973336594014,1588.9354261216695,2.6490892079867074,7.658837931880666,0.8534792723976017,52.34239901588459,2.1296296296296298,0.6018518518518517,148041667.85185185,19.476154236428204,4.654549968427584,59.45406106269374
5,1.0,8.0,2.25,all,4.305037068039075,QER 160x80 (MMSP),published,,False,26.882117776569995,1609.0887494297328,3.043261341949624,8.443504118101906,0.8860519281074786,53.01970477491327,3.8055555555555562,1.0092592592592593,162413731.55555558,20.655758498224245,4.204809486507187,58.05838280675529
5,1.0,8.0,2.25,all,4.305037068039075,QER 200x100 (MMSP),published,,False,28.18161202099023,1641.8193650052337,4.986450154973495,16.12334358679154,0.9285386603240742,54.09206749551864,19.94444444444445,2.0370370370370376,257926073.55555558,25.066590563165892,3.0779911147542793,48.557062367823015
5,1.0,8.0,2.25,all,4.305037068039075,"average-based, bounds 30/15 (MMSP)",published,,False,27.768034266825673,1630.5551039984189,4.00566593911692,11.74846004387071,0.9153457127932101,53.72342350719133,10.749999999999996,1.6481481481481481,202171508.07407406,22.561516996448496,3.1855833656159267,54.05861820728314
5,1.0,8.0,2.25,all,4.305037068039075,"average-based, fitted to our error data (MMSP rule)",adapted,,False,28.039715457564665,1637.7583087967942,3.6965506831376462,9.78348956365662,0.9235525123304199,53.94462141506685,6.564814814814814,1.703703703703704,186656183.33333334,21.978056823947227,3.244651123734142,55.4486261317439
5,1.0,8.0,2.25,all,4.305037068039075,"threshold 10 s base layer, enlarged viewport (ASL360, adapted)",adapted,,False,27.397433398057565,1622.7735785002633,2.2978500869434817,8.971915406251464,0.9028948979785878,53.46184712879026,4.936612125824455,1.3208396752917302,172528978.39193305,17.097919837645865,3.7077525822150794,55.88867461377143
5,1.0,8.0,2.25,all,4.305037068039075,"literature, tuned to our budgets",tuned,"threshold, margin 0.5x",True,26.49090683073064,1603.3814750786028,2.1573106420309043,7.6792691857828945,0.8730610706586253,52.822062052768295,2.2083650431253172,0.7847539320142058,148977979.91374937,16.02612886859462,4.183288539214662,59.03905309695854
5,1.0,8.0,2.25,all,4.305037068039075,RL estimate,RL estimate,tau 0.0134 a 1.0 reserve 0.25,True,26.922792844601155,1612.9195414199366,2.1661315311456923,7.668054812100829,0.8867830110764952,53.136324680916786,2.160197869101979,0.8103754439370878,149886896.14637238,16.03564180618975,4.101492589682784,58.8419938273366
5,1.0,8.0,2.25,all,4.305037068039075,"uniform, same bits as RL estimate (all 64 tiles)",uniform,per-segment match,True,,,2.1559076243842483,30.358678195042614,1.0,52.39079716538862,,,149517295.50761035,15.946854388635208,0.5039959583015299,
5,1.0,8.0,2.25,all,4.305037068039075,"RL estimate, perfect viewport (ceiling)",upper bound,tau 0.0139 a 1.0 reserve 0.25,True,29.150794556163934,1662.9884234466022,2.143560189653,7.572485797364799,0.9612256499220563,54.799481608112615,1.9489472349061387,1.9489472349061387,146265423.17503804,15.832699137493655,1.723037291252911,59.285054939042325
5,1.0,12.0,2.25,all,4.305037068039075,predicted viewport only,published,,True,25.191205639356365,1570.9906335566127,2.014212925107798,6.6528640989349705,0.8294317664439022,51.74329914524756,0.0,0.0,129073386.96296297,14.722856418061896,5.295441719150364,61.478999337211114
5,1.0,12.0,2.25,all,4.305037068039075,QER 120x60 (MMSP),published,,False,25.89973336594014,1588.9354261216695,2.6490892079867074,7.658837931880666,0.8534792723976017,52.34239901588459,2.1296296296296298,0.6018518518518517,148041667.85185185,19.476154236428204,4.654549968427584,59.45406106269374
5,1.0,12.0,2.25,all,4.305037068039075,QER 160x80 (MMSP),published,,False,26.882117776569995,1609.0887494297328,3.043261341949624,8.443504118101906,0.8860519281074786,53.01970477491327,3.8055555555555562,1.0092592592592593,162413731.55555558,20.655758498224245,4.204809486507187,58.05838280675529
5,1.0,12.0,2.25,all,4.305037068039075,QER 200x100 (MMSP),published,,False,28.18161202099023,1641.8193650052337,4.986450154973495,16.12334358679154,0.9285386603240742,54.09206749551864,19.94444444444445,2.0370370370370376,257926073.55555558,25.066590563165892,3.0779911147542793,48.557062367823015
5,1.0,12.0,2.25,all,4.305037068039075,"average-based, bounds 30/15 (MMSP)",published,,False,27.768034266825673,1630.5551039984189,4.00566593911692,11.74846004387071,0.9153457127932101,53.72342350719133,10.749999999999996,1.6481481481481481,202171508.07407406,22.561516996448496,3.1855833656159267,54.05861820728314
5,1.0,12.0,2.25,all,4.305037068039075,"average-based, fitted to our error data (MMSP rule)",adapted,,False,28.039715457564665,1637.7583087967942,3.6965506831376462,9.78348956365662,0.9235525123304199,53.94462141506685,6.564814814814814,1.703703703703704,186656183.33333334,21.978056823947227,3.244651123734142,55.4486261317439
5,1.0,12.0,2.25,all,4.305037068039075,"threshold 10 s base layer, enlarged viewport (ASL360, adapted)",adapted,,False,27.397433398057565,1622.7735785002633,2.2978500869434817,8.971915406251464,0.9028948979785878,53.46184712879026,4.936612125824455,1.3208396752917302,172528978.39193305,17.097919837645865,3.7077525822150794,55.88867461377143
5,1.0,12.0,2.25,all,4.305037068039075,"literature, tuned to our budgets",tuned,"threshold, margin 0.5x",True,26.49090683073064,1603.3814750786028,2.1573106420309043,7.6792691857828945,0.8730610706586253,52.822062052768295,2.2083650431253172,0.7847539320142058,148977979.91374937,16.02612886859462,4.183288539214662,59.03905309695854
5,1.0,12.0,2.25,all,4.305037068039075,RL estimate,RL estimate,tau 0.0033 a 0.5 reserve 1.0,True,28.484675548340245,1650.1327469456073,2.1502337380803116,11.081000361048355,0.9398988002896651,54.39280054823382,9.448883815322173,1.8156075596144088,212747144.1486555,15.813673262303396,2.2989351658905717,50.57480570341958
5,1.0,12.0,2.25,all,4.305037068039075,"uniform, same bits as RL estimate (all 64 tiles)",uniform,per-segment match,True,,,2.140220286954661,30.358678195042614,1.0,53.05742967666216,,,212289190.3099949,15.728056823947233,0.49496783393071175,
5,1.0,12.0,2.25,all,4.305037068039075,"RL estimate, perfect viewport (ceiling)",upper bound,tau 0.0000 a 1.0 reserve 0.25,True,29.27263262636013,1673.0645573787879,2.1893685070076923,7.881410118801985,0.9653152754029126,55.13435784524307,2.6123477929984777,2.6123477929984777,152295491.18645358,16.210045662100455,1.2728940886257611,58.51858071968217
5,1.0,16.0,2.25,all,4.305037068039075,predicted viewport only,published,,True,25.191205639356365,1570.9906335566127,2.014212925107798,6.6528640989349705,0.8294317664439022,51.74329914524756,0.0,0.0,129073386.96296297,14.722856418061896,5.295441719150364,61.478999337211114
5,1.0,16.0,2.25,all,4.305037068039075,QER 120x60 (MMSP),published,,False,25.89973336594014,1588.9354261216695,2.6490892079867074,7.658837931880666,0.8534792723976017,52.34239901588459,2.1296296296296298,0.6018518518518517,148041667.85185185,19.476154236428204,4.654549968427584,59.45406106269374
5,1.0,16.0,2.25,all,4.305037068039075,QER 160x80 (MMSP),published,,False,26.882117776569995,1609.0887494297328,3.043261341949624,8.443504118101906,0.8860519281074786,53.01970477491327,3.8055555555555562,1.0092592592592593,162413731.55555558,20.655758498224245,4.204809486507187,58.05838280675529
5,1.0,16.0,2.25,all,4.305037068039075,QER 200x100 (MMSP),published,,False,28.18161202099023,1641.8193650052337,4.986450154973495,16.12334358679154,0.9285386603240742,54.09206749551864,19.94444444444445,2.0370370370370376,257926073.55555558,25.066590563165892,3.0779911147542793,48.557062367823015
5,1.0,16.0,2.25,all,4.305037068039075,"average-based, bounds 30/15 (MMSP)",published,,False,27.768034266825673,1630.5551039984189,4.00566593911692,11.74846004387071,0.9153457127932101,53.72342350719133,10.749999999999996,1.6481481481481481,202171508.07407406,22.561516996448496,3.1855833656159267,54.05861820728314
5,1.0,16.0,2.25,all,4.305037068039075,"average-based, fitted to our error data (MMSP rule)",adapted,,False,28.039715457564665,1637.7583087967942,3.6965506831376462,9.78348956365662,0.9235525123304199,53.94462141506685,6.564814814814814,1.703703703703704,186656183.33333334,21.978056823947227,3.244651123734142,55.4486261317439
5,1.0,16.0,2.25,all,4.305037068039075,"threshold 10 s base layer, enlarged viewport (ASL360, adapted)",adapted,,False,27.397433398057565,1622.7735785002633,2.2978500869434817,8.971915406251464,0.9028948979785878,53.46184712879026,4.936612125824455,1.3208396752917302,172528978.39193305,17.097919837645865,3.7077525822150794,55.88867461377143
5,1.0,16.0,2.25,all,4.305037068039075,"literature, tuned to our budgets",tuned,"threshold, margin 0.5x",True,26.49090683073064,1603.3814750786028,2.1573106420309043,7.6792691857828945,0.8730610706586253,52.822062052768295,2.2083650431253172,0.7847539320142058,148977979.91374937,16.02612886859462,4.183288539214662,59.03905309695854
5,1.0,16.0,2.25,all,4.305037068039075,RL estimate,RL estimate,tau 0.0009 a 0.5 reserve 1.0,True,28.751072254955876,1659.3914842189308,2.175785014416531,13.009105669062025,0.9482910208168337,54.68786474149377,13.577467021816336,2.2077942668696093,240076309.81861997,15.99124809741248,1.906861461035706,47.05855418517728
5,1.0,16.0,2.25,all,4.305037068039075,"uniform, same bits as RL estimate (all 64 tiles)",uniform,per-segment match,True,,,2.165126966765303,30.358678195042614,1.0,53.36868108993794,,,239595423.64256722,15.896118721461185,0.487668296007839,
5,1.0,16.0,2.25,all,4.305037068039075,"RL estimate, perfect viewport (ceiling)",upper bound,tau 0.0000 a 1.0 reserve 0.25,True,29.27263262636013,1673.0645573787879,2.1893685070076923,7.881410118801985,0.9653152754029126,55.13435784524307,2.6123477929984777,2.6123477929984777,152295491.18645358,16.210045662100455,1.2728940886257611,58.51858071968217
5,1.0,8.0,2.57,all,4.305037068039075,predicted viewport only,published,,True,25.191205639356365,1570.9906335566127,2.014212925107798,6.6528640989349705,0.8294317664439022,51.74329914524756,0.0,0.0,129073386.96296297,14.722856418061896,5.295441719150364,61.478999337211114
5,1.0,8.0,2.57,all,4.305037068039075,QER 120x60 (MMSP),published,,False,25.89973336594014,1588.9354261216695,2.6490892079867074,7.658837931880666,0.8534792723976017,52.34239901588459,2.1296296296296298,0.6018518518518517,148041667.85185185,19.476154236428204,4.654549968427584,59.45406106269374
5,1.0,8.0,2.57,all,4.305037068039075,QER 160x80 (MMSP),published,,False,26.882117776569995,1609.0887494297328,3.043261341949624,8.443504118101906,0.8860519281074786,53.01970477491327,3.8055555555555562,1.0092592592592593,162413731.55555558,20.655758498224245,4.204809486507187,58.05838280675529
5,1.0,8.0,2.57,all,4.305037068039075,QER 200x100 (MMSP),published,,False,28.18161202099023,1641.8193650052337,4.986450154973495,16.12334358679154,0.9285386603240742,54.09206749551864,19.94444444444445,2.0370370370370376,257926073.55555558,25.066590563165892,3.0779911147542793,48.557062367823015
5,1.0,8.0,2.57,all,4.305037068039075,"average-based, bounds 30/15 (MMSP)",published,,False,27.768034266825673,1630.5551039984189,4.00566593911692,11.74846004387071,0.9153457127932101,53.72342350719133,10.749999999999996,1.6481481481481481,202171508.07407406,22.561516996448496,3.1855833656159267,54.05861820728314
5,1.0,8.0,2.57,all,4.305037068039075,"average-based, fitted to our error data (MMSP rule)",adapted,,False,28.039715457564665,1637.7583087967942,3.6965506831376462,9.78348956365662,0.9235525123304199,53.94462141506685,6.564814814814814,1.703703703703704,186656183.33333334,21.978056823947227,3.244651123734142,55.4486261317439
5,1.0,8.0,2.57,all,4.305037068039075,"threshold 10 s base layer, enlarged viewport (ASL360, adapted)",adapted,,False,27.397433398057565,1622.7735785002633,2.2978500869434817,8.971915406251464,0.9028948979785878,53.46184712879026,4.936612125824455,1.3208396752917302,172528978.39193305,17.097919837645865,3.7077525822150794,55.88867461377143
5,1.0,8.0,2.57,all,4.305037068039075,"literature, tuned to our budgets",tuned,"threshold, margin 0.5x",True,26.49090683073064,1603.3814750786028,2.1573106420309043,7.6792691857828945,0.8730610706586253,52.822062052768295,2.2083650431253172,0.7847539320142058,148977979.91374937,16.02612886859462,4.183288539214662,59.03905309695854
5,1.0,8.0,2.57,all,4.305037068039075,RL estimate,RL estimate,tau 0.0134 a 1.0 reserve 0.0,True,26.952288230149886,1613.5350662353005,2.2214632029847814,7.6844533148750145,0.8876966246749561,53.1557038837887,2.1933663115169963,0.8220446473871132,150194594.3723998,16.53031456113648,4.090976162100568,58.82682514731984
5,1.0,8.0,2.57,all,4.305037068039075,"uniform, same bits as RL estimate (all 64 tiles)",uniform,per-segment match,True,,,2.211049436340633,30.358678195042614,1.0,52.401637454881865,,,149824185.4614409,16.463723997970572,0.4978621289959144,
5,1.0,8.0,2.57,all,4.305037068039075,"RL estimate, perfect viewport (ceiling)",upper bound,tau 0.0139 a 1.0 reserve 0.0,True,29.21748513542919,1664.3591442031036,2.187511885996022,7.587067419397397,0.9633351116233673,54.843060413627114,1.9783739218670726,1.9783739218670726,146517089.9695586,16.225900558092338,1.6757268920215163,59.27309553481868
5,1.0,12.0,2.57,all,4.305037068039075,predicted viewport only,published,,True,25.191205639356365,1570.9906335566127,2.014212925107798,6.6528640989349705,0.8294317664439022,51.74329914524756,0.0,0.0,129073386.96296297,14.722856418061896,5.295441719150364,61.478999337211114
5,1.0,12.0,2.57,all,4.305037068039075,QER 120x60 (MMSP),published,,False,25.89973336594014,1588.9354261216695,2.6490892079867074,7.658837931880666,0.8534792723976017,52.34239901588459,2.1296296296296298,0.6018518518518517,148041667.85185185,19.476154236428204,4.654549968427584,59.45406106269374
5,1.0,12.0,2.57,all,4.305037068039075,QER 160x80 (MMSP),published,,False,26.882117776569995,1609.0887494297328,3.043261341949624,8.443504118101906,0.8860519281074786,53.01970477491327,3.8055555555555562,1.0092592592592593,162413731.55555558,20.655758498224245,4.204809486507187,58.05838280675529
5,1.0,12.0,2.57,all,4.305037068039075,QER 200x100 (MMSP),published,,False,28.18161202099023,1641.8193650052337,4.986450154973495,16.12334358679154,0.9285386603240742,54.09206749551864,19.94444444444445,2.0370370370370376,257926073.55555558,25.066590563165892,3.0779911147542793,48.557062367823015
5,1.0,12.0,2.57,all,4.305037068039075,"average-based, bounds 30/15 (MMSP)",published,,False,27.768034266825673,1630.5551039984189,4.00566593911692,11.74846004387071,0.9153457127932101,53.72342350719133,10.749999999999996,1.6481481481481481,202171508.07407406,22.561516996448496,3.1855833656159267,54.05861820728314
5,1.0,12.0,2.57,all,4.305037068039075,"average-based, fitted to our error data (MMSP rule)",adapted,,False,28.039715457564665,1637.7583087967942,3.6965506831376462,9.78348956365662,0.9235525123304199,53.94462141506685,6.564814814814814,1.703703703703704,186656183.33333334,21.978056823947227,3.244651123734142,55.4486261317439
5,1.0,12.0,2.57,all,4.305037068039075,"threshold 10 s base layer, enlarged viewport (ASL360, adapted)",adapted,,True,27.397433398057565,1622.7735785002633,2.2978500869434817,8.971915406251464,0.9028948979785878,53.46184712879026,4.936612125824455,1.3208396752917302,172528978.39193305,17.097919837645865,3.7077525822150794,55.88867461377143
5,1.0,12.0,2.57,all,4.305037068039075,"literature, tuned to our budgets",tuned,"threshold, margin 1.5x",True,28.01573055940072,1641.0687807545446,2.395483296163726,10.077281329056738,0.9237397854523649,54.08111821183459,7.324676560121765,1.8765854895991885,193763044.22805682,17.786022323693555,2.9651193855730105,53.34625099783016
5,1.0,12.0,2.57,all,4.305037068039075,RL estimate,RL estimate,tau 0.0033 a 1.0 reserve 0.5,True,28.612075121815593,1652.9574163000266,2.3985316557944567,11.284841847053666,0.9439089072392937,54.48237592445112,9.852898274987316,1.8801686960933541,216287903.64459664,17.500634195839673,2.1926857157405,50.07382989858277
5,1.0,12.0,2.57,all,4.305037068039075,"uniform, same bits as RL estimate (all 64 tiles)",uniform,per-segment match,True,,,2.386239673067704,30.358678195042614,1.0,53.10827630894916,,,215819686.26407912,17.408675799086755,0.48503231585071405,
5,1.0,12.0,2.57,all,4.305037068039075,"RL estimate, perfect viewport (ceiling)",upper bound,tau 0.0000 a 1.0 reserve 0.0,True,29.34163605503671,1674.5659299806507,2.2475279976227602,7.900034799262561,0.9674988677207867,55.18210259386668,2.650019025875191,2.650019025875191,152625870.41628614,16.723744292237438,1.2218628336882844,58.50312548138758
5,1.0,16.0,2.57,all,4.305037068039075,predicted viewport only,published,,True,25.191205639356365,1570.9906335566127,2.014212925107798,6.6528640989349705,0.8294317664439022,51.74329914524756,0.0,0.0,129073386.96296297,14.722856418061896,5.295441719150364,61.478999337211114
5,1.0,16.0,2.57,all,4.305037068039075,QER 120x60 (MMSP),published,,False,25.89973336594014,1588.9354261216695,2.6490892079867074,7.658837931880666,0.8534792723976017,52.34239901588459,2.1296296296296298,0.6018518518518517,148041667.85185185,19.476154236428204,4.654549968427584,59.45406106269374
5,1.0,16.0,2.57,all,4.305037068039075,QER 160x80 (MMSP),published,,False,26.882117776569995,1609.0887494297328,3.043261341949624,8.443504118101906,0.8860519281074786,53.01970477491327,3.8055555555555562,1.0092592592592593,162413731.55555558,20.655758498224245,4.204809486507187,58.05838280675529
5,1.0,16.0,2.57,all,4.305037068039075,QER 200x100 (MMSP),published,,False,28.18161202099023,1641.8193650052337,4.986450154973495,16.12334358679154,0.9285386603240742,54.09206749551864,19.94444444444445,2.0370370370370376,257926073.55555558,25.066590563165892,3.0779911147542793,48.557062367823015
5,1.0,16.0,2.57,all,4.305037068039075,"average-based, bounds 30/15 (MMSP)",published,,False,27.768034266825673,1630.5551039984189,4.00566593911692,11.74846004387071,0.9153457127932101,53.72342350719133,10.749999999999996,1.6481481481481481,202171508.07407406,22.561516996448496,3.1855833656159267,54.05861820728314
5,1.0,16.0,2.57,all,4.305037068039075,"average-based, fitted to our error data (MMSP rule)",adapted,,False,28.039715457564665,1637.7583087967942,3.6965506831376462,9.78348956365662,0.9235525123304199,53.94462141506685,6.564814814814814,1.703703703703704,186656183.33333334,21.978056823947227,3.244651123734142,55.4486261317439
5,1.0,16.0,2.57,all,4.305037068039075,"threshold 10 s base layer, enlarged viewport (ASL360, adapted)",adapted,,True,27.397433398057565,1622.7735785002633,2.2978500869434817,8.971915406251464,0.9028948979785878,53.46184712879026,4.936612125824455,1.3208396752917302,172528978.39193305,17.097919837645865,3.7077525822150794,55.88867461377143
5,1.0,16.0,2.57,all,4.305037068039075,"literature, tuned to our budgets",tuned,"threshold, margin 1.5x",True,28.01573055940072,1641.0687807545446,2.395483296163726,10.077281329056738,0.9237397854523649,54.08111821183459,7.324676560121765,1.8765854895991885,193763044.22805682,17.786022323693555,2.9651193855730105,53.34625099783016
5,1.0,16.0,2.57,all,4.305037068039075,RL estimate,RL estimate,tau 0.0002 a 0.7 reserve 0.25,True,28.895409512626397,1662.6435667164455,2.4361857580105437,14.144483573531234,0.952811615979661,54.78891264355194,15.974822425164891,2.3298769660071033,256103568.03957382,17.709918822932522,1.7781788655946762,44.903234561277685
5,1.0,16.0,2.57,all,4.305037068039075,"uniform, same bits as RL estimate (all 64 tiles)",uniform,per-segment match,True,,,2.421390274883805,30.358678195042614,1.0,53.64871851570805,,,255602728.88178587,17.586250634195835,0.5886278947990388,
5,1.0,16.0,2.57,all,4.305037068039075,"RL estimate, perfect viewport (ceiling)",upper bound,tau 0.0000 a 1.0 reserve 0.0,True,29.34163605503671,1674.5659299806507,2.2475279976227602,7.900034799262561,0.9674988677207867,55.18210259386668,2.650019025875191,2.650019025875191,152625870.41628614,16.723744292237438,1.2218628336882844,58.50312548138758
5,1.0,8.0,0.3,sustainable,5.615975967405932,predicted viewport only,published,,True,25.191205639356365,1570.9906335566127,0.012936857746849148,6.652864098934971,0.829431766443902,51.74329914524756,0.0,0.0,129073386.96296297,0.16884531590413945,5.295441719150363,89.69086218388725
5,1.0,8.0,0.3,sustainable,5.615975967405932,QER 120x60 (MMSP),published,,True,25.899733365940133,1588.9354261216695,0.0666301146004112,7.658837931880667,0.8534792723976018,52.34239901588459,2.12962962962963,0.6018518518518519,148041667.85185188,0.6808278867102397,4.654549968427583,87.04316169569418
5,1.0,8.0,0.3,sustainable,5.615975967405932,QER 160x80 (MMSP),published,,False,26.882117776570002,1609.0887494297328,0.12184640447006755,8.443504118101908,0.8860519281074785,53.01970477491328,3.8055555555555562,1.0092592592592593,162413731.55555558,1.127450980392157,4.204809486507187,85.18272891168802
5,1.0,8.0,0.3,sustainable,5.615975967405932,QER 200x100 (MMSP),published,,False,28.181612020990233,1641.8193650052335,0.5684326867194065,16.12334358679154,0.9285386603240742,54.09206749551864,19.944444444444454,2.0370370370370376,257926073.55555558,3.2135076252723307,3.077991114754279,72.13646501166268
5,1.0,8.0,0.3,sustainable,5.615975967405932,"average-based, bounds 30/15 (MMSP)",published,,False,27.76803426682567,1630.5551039984189,0.29001347735265803,11.748460043870706,0.9153457127932101,53.72342350719133,10.75,1.6481481481481481,202171508.07407412,1.9607843137254901,3.1855833656159263,79.72298831453695
5,1.0,8.0,0.3,sustainable,5.615975967405932,"average-based, fitted to our error data (MMSP rule)",adapted,,False,28.039715457564665,1637.7583087967942,0.23331093541808617,9.783489563656621,0.9235525123304198,53.94462141506685,6.564814814814815,1.7037037037037037,186656183.33333334,1.7647058823529411,3.244651123734142,81.57394609525447
5,1.0,8.0,0.3,sustainable,5.615975967405932,"threshold 10 s base layer, enlarged viewport (ASL360, adapted)",adapted,,False,27.995214160262933,1636.6705506258843,0.11361277537046327,9.589690007489976,0.922034303934945,53.90771926271193,6.201742919389977,1.6773420479302834,183695450.88801745,1.122004357298475,3.280579115040277,82.13471071141062
5,1.0,8.0,0.3,sustainable,5.615975967405932,"literature, tuned to our budgets",tuned,average-based 0.35x,True,26.23348876518648,1595.8499169923384,0.06586286467268189,7.621775829802817,0.864167436350522,52.56148062329814,2.064814814814815,0.6666666666666665,147519193.92592594,0.6481481481481483,4.590443939777449,87.2561364903362
5,1.0,8.0,0.3,sustainable,5.615975967405932,RL estimate,RL estimate,tau 0.0196 a 1.0 reserve 0.0,True,26.629782212871564,1606.366361720808,0.04031970189474067,7.323819992180531,0.8759614418071701,52.89607660128519,1.4088779956427016,0.6082244008714597,143292165.43834424,0.44662309368191727,4.220473660263465,87.72184611253653
5,1.0,8.0,0.3,sustainable,5.615975967405932,"uniform, same bits as RL estimate (all 64 tiles)",uniform,per-segment match,True,,,0.03910229261584747,30.358678195042618,1.0,52.2119189397659,,,142942022.43660128,0.44117647058823534,0.6010077135135254,
5,1.0,8.0,0.3,sustainable,5.615975967405932,"RL estimate, perfect viewport (ceiling)",upper bound,tau 0.0139 a 1.0 reserve 0.0,True,30.150854662166754,1685.977386556995,0.059417243890541274,7.811175842613353,0.9930158924078408,55.533415670991936,2.4324618736383443,2.4324618736383443,150506253.26928103,0.659041394335512,0.8230724679771528,86.74091569738886
5,1.0,12.0,0.3,sustainable,5.615975967405932,predicted viewport only,published,,True,25.191205639356365,1570.9906335566127,0.012936857746849148,6.652864098934971,0.829431766443902,51.74329914524756,0.0,0.0,129073386.96296297,0.16884531590413945,5.295441719150363,89.69086218388725
5,1.0,12.0,0.3,sustainable,5.615975967405932,QER 120x60 (MMSP),published,,True,25.899733365940133,1588.9354261216695,0.0666301146004112,7.658837931880667,0.8534792723976018,52.34239901588459,2.12962962962963,0.6018518518518519,148041667.85185188,0.6808278867102397,4.654549968427583,87.04316169569418
5,1.0,12.0,0.3,sustainable,5.615975967405932,QER 160x80 (MMSP),published,,True,26.882117776570002,1609.0887494297328,0.12184640447006755,8.443504118101908,0.8860519281074785,53.01970477491328,3.8055555555555562,1.0092592592592593,162413731.55555558,1.127450980392157,4.204809486507187,85.18272891168802
5,1.0,12.0,0.3,sustainable,5.615975967405932,QER 200x100 (MMSP),published,,False,28.181612020990233,1641.8193650052335,0.5684326867194065,16.12334358679154,0.9285386603240742,54.09206749551864,19.944444444444454,2.0370370370370376,257926073.55555558,3.2135076252723307,3.077991114754279,72.13646501166268
5,1.0,12.0,0.3,sustainable,5.615975967405932,"average-based, bounds 30/15 (MMSP)",published,,True,27.76803426682567,1630.5551039984189,0.29001347735265803,11.748460043870706,0.9153457127932101,53.72342350719133,10.75,1.6481481481481481,202171508.07407412,1.9607843137254901,3.1855833656159263,79.72298831453695
5,1.0,12.0,0.3,sustainable,5.615975967405932,"average-based, fitted to our error data (MMSP rule)",adapted,,True,28.039715457564665,1637.7583087967942,0.23331093541808617,9.783489563656621,0.9235525123304198,53.94462141506685,6.564814814814815,1.7037037037037037,186656183.33333334,1.7647058823529411,3.244651123734142,81.57394609525447
5,1.0,12.0,0.3,sustainable,5.615975967405932,"threshold 10 s base layer, enlarged viewport (ASL360, adapted)",adapted,,True,27.995214160262933,1636.6705506258843,0.11361277537046327,9.589690007489976,0.922034303934945,53.90771926271193,6.201742919389977,1.6773420479302834,183695450.88801745,1.122004357298475,3.280579115040277,82.13471071141062
5,1.0,12.0,0.3,sustainable,5.615975967405932,"literature, tuned to our budgets",tuned,"threshold, margin 1.5x",True,28.78501072416605,1659.9852114589862,0.16400592782399015,11.000279118216485,0.9485122483315862,54.69190548383758,9.224019607843136,2.3777777777777778,210586438.77777776,1.4379084967320261,2.3062715249443486,78.68154055578235
5,1.0,12.0,0.3,sustainable,5.615975967405932,RL estimate,RL estimate,tau 0.0069 a 1.0 reserve 0.0,True,28.46811649354403,1647.2425825192825,0.12426997584528635,9.628368818047385,0.9382479783888499,54.26538635319045,6.279520697167758,1.623474945533769,188125167.86318085,1.2145969498910678,2.595797122129543,81.58702869428302
5,1.0,12.0,0.3,sustainable,5.615975967405932,"uniform, same bits as RL estimate (all 64 tiles)",uniform,per-segment match,True,,,0.12195751587674483,30.358678195042618,1.0,52.97583278073049,,,187695369.68191725,1.2091503267973858,0.38489621160022336,
5,1.0,12.0,0.3,sustainable,5.615975967405932,"RL estimate, perfect viewport (ceiling)",upper bound,tau 0.0000 a 1.0 reserve 0.0,True,30.312337411947244,1698.8407976501865,0.07675832705389314,8.197946660457871,0.9983814512585056,55.957372619284364,3.2557734204793034,3.2557734204793034,158027030.0867102,0.7843137254901962,0.2353336652086881,85.70476240319694
5,1.0,16.0,0.3,sustainable,5.615975967405932,predicted viewport only,published,,True,25.191205639356365,1570.9906335566127,0.012936857746849148,6.652864098934971,0.829431766443902,51.74329914524756,0.0,0.0,129073386.96296297,0.16884531590413945,5.295441719150363,89.69086218388725
5,1.0,16.0,0.3,sustainable,5.615975967405932,QER 120x60 (MMSP),published,,True,25.899733365940133,1588.9354261216695,0.0666301146004112,7.658837931880667,0.8534792723976018,52.34239901588459,2.12962962962963,0.6018518518518519,148041667.85185188,0.6808278867102397,4.654549968427583,87.04316169569418
5,1.0,16.0,0.3,sustainable,5.615975967405932,QER 160x80 (MMSP),published,,True,26.882117776570002,1609.0887494297328,0.12184640447006755,8.443504118101908,0.8860519281074785,53.01970477491328,3.8055555555555562,1.0092592592592593,162413731.55555558,1.127450980392157,4.204809486507187,85.18272891168802
5,1.0,16.0,0.3,sustainable,5.615975967405932,QER 200x100 (MMSP),published,,False,28.181612020990233,1641.8193650052335,0.5684326867194065,16.12334358679154,0.9285386603240742,54.09206749551864,19.944444444444454,2.0370370370370376,257926073.55555558,3.2135076252723307,3.077991114754279,72.13646501166268
5,1.0,16.0,0.3,sustainable,5.615975967405932,"average-based, bounds 30/15 (MMSP)",published,,True,27.76803426682567,1630.5551039984189,0.29001347735265803,11.748460043870706,0.9153457127932101,53.72342350719133,10.75,1.6481481481481481,202171508.07407412,1.9607843137254901,3.1855833656159263,79.72298831453695
5,1.0,16.0,0.3,sustainable,5.615975967405932,"average-based, fitted to our error data (MMSP rule)",adapted,,True,28.039715457564665,1637.7583087967942,0.23331093541808617,9.783489563656621,0.9235525123304198,53.94462141506685,6.564814814814815,1.7037037037037037,186656183.33333334,1.7647058823529411,3.244651123734142,81.57394609525447
5,1.0,16.0,0.3,sustainable,5.615975967405932,"threshold 10 s base layer, enlarged viewport (ASL360, adapted)",adapted,,True,27.995214160262933,1636.6705506258843,0.11361277537046327,9.589690007489976,0.922034303934945,53.90771926271193,6.201742919389977,1.6773420479302834,183695450.88801745,1.122004357298475,3.280579115040277,82.13471071141062
5,1.0,16.0,0.3,sustainable,5.615975967405932,"literature, tuned to our budgets",tuned,"threshold, margin 2.0x",True,29.212141061926904,1668.9809008200798,0.21487646622780252,12.263590315475987,0.9624043917812476,54.994164704816264,11.932461873638342,2.6539760348583887,233593665.18692806,1.7483660130718957,1.8208779500234058,75.72691404227615
5,1.0,16.0,0.3,sustainable,5.615975967405932,RL estimate,RL estimate,tau 0.0009 a 0.5 reserve 0.0,True,29.9562251012126,1688.841159095472,0.22834663463493088,15.233257727900476,0.9867308972151397,55.63027059268654,18.125925925925923,2.9398148148148144,277143421.96296304,1.7047930283224404,0.7574813106904146,69.19464391385124
5,1.0,16.0,0.3,sustainable,5.615975967405932,"uniform, same bits as RL estimate (all 64 tiles)",uniform,per-segment match,True,,,0.22354396816155153,30.358678195042618,1.0,53.884668423329245,,,276571169.3254902,1.6775599128540306,0.37614426350884805,
5,1.0,16.0,0.3,sustainable,5.615975967405932,"RL estimate, perfect viewport (ceiling)",upper bound,tau 0.0000 a 1.0 reserve 0.0,True,30.312337411947244,1698.8407976501865,0.07675832705389314,8.197946660457871,0.9983814512585056,55.957372619284364,3.2557734204793034,3.2557734204793034,158027030.0867102,0.7843137254901962,0.2353336652086881,85.70476240319694
